-- phpMyAdmin SQL Dump
-- version 4.5.4.1deb2ubuntu2
-- http://www.phpmyadmin.net
--
-- Host: localhost
-- Generation Time: May 17, 2017 at 02:32 PM
-- Server version: 5.7.18-0ubuntu0.16.04.1
-- PHP Version: 7.0.15-0ubuntu0.16.04.4

SET SQL_MODE = "NO_AUTO_VALUE_ON_ZERO";
SET time_zone = "+00:00";


/*!40101 SET @OLD_CHARACTER_SET_CLIENT=@@CHARACTER_SET_CLIENT */;
/*!40101 SET @OLD_CHARACTER_SET_RESULTS=@@CHARACTER_SET_RESULTS */;
/*!40101 SET @OLD_COLLATION_CONNECTION=@@COLLATION_CONNECTION */;
/*!40101 SET NAMES utf8mb4 */;

--
-- Database: `runnir`
--

-- --------------------------------------------------------

--
-- Table structure for table `active_leads`
--

CREATE TABLE `active_leads` (
  `active_lead_id` int(11) NOT NULL,
  `active_lead__uuid` text NOT NULL,
  `user_uuid` text NOT NULL,
  `creator_user_uuid` text NOT NULL,
  `compny_uuid` text NOT NULL,
  `application_date` int(11) NOT NULL,
  `lead_status` int(11) NOT NULL,
  `sale_publishing_date` int(11) NOT NULL,
  `quoted_price` float NOT NULL,
  `quote_currancy` varchar(64) NOT NULL,
  `quote_date` int(11) NOT NULL,
  `quote_format` varchar(64) NOT NULL,
  `visibility_status_permission` int(11) NOT NULL,
  `custom_member_list` varchar(100) NOT NULL,
  `client_awarded_status` int(11) NOT NULL,
  `awarded_to_status` int(11) NOT NULL,
  `lead_origen` int(11) NOT NULL,
  `source_form_id` int(11) NOT NULL,
  `industry_id` int(11) NOT NULL,
  `start_date` int(11) NOT NULL,
  `end_date` int(11) NOT NULL,
  `date_label` varchar(50) NOT NULL,
  `country_of_origin` text NOT NULL,
  `start_location_needed` text NOT NULL,
  `end_location_needed` text NOT NULL,
  `detected_signup_location` text NOT NULL,
  `client_instructions` text NOT NULL,
  `size1_value` text NOT NULL,
  `attachment` text NOT NULL,
  `lat_long` text NOT NULL,
  `buy_status` varchar(50) NOT NULL,
  `created_time` int(11) NOT NULL,
  `assigned_user_id` text NOT NULL
) ENGINE=InnoDB DEFAULT CHARSET=latin1;

-- --------------------------------------------------------

--
-- Table structure for table `admin`
--

CREATE TABLE `admin` (
  `id` int(11) NOT NULL,
  `name` varchar(200) NOT NULL,
  `email` varchar(200) NOT NULL,
  `password` text NOT NULL
) ENGINE=InnoDB DEFAULT CHARSET=latin1;

--
-- Dumping data for table `admin`
--

INSERT INTO `admin` (`id`, `name`, `email`, `password`) VALUES
(5020350, 'GrassAdmin', 'admin@gmail.com', 'admin');

-- --------------------------------------------------------

--
-- Table structure for table `attachments`
--

CREATE TABLE `attachments` (
  `attachment_id` int(11) NOT NULL,
  `client_uuid` text NOT NULL,
  `master_lead_uuid` text NOT NULL,
  `m_company_uuid` text NOT NULL,
  `created_by` text NOT NULL,
  `date_loaded` int(11) NOT NULL,
  `file` varchar(50) NOT NULL,
  `tags` text NOT NULL,
  `name` int(11) NOT NULL,
  `is_quote` int(11) NOT NULL,
  `is_invoice` int(11) NOT NULL,
  `is_presentation` int(11) NOT NULL,
  `time` int(11) NOT NULL
) ENGINE=InnoDB DEFAULT CHARSET=latin1;

-- --------------------------------------------------------

--
-- Table structure for table `campaign_member_form`
--

CREATE TABLE `campaign_member_form` (
  `id` int(11) NOT NULL,
  `campaign_uuid` text NOT NULL,
  `form_uuid` text NOT NULL,
  `company_uuid` text NOT NULL,
  `type_id` int(11) NOT NULL,
  `form_theme_uuid` text NOT NULL,
  `campaign_name` text NOT NULL,
  `destination_url` text NOT NULL,
  `industry_id` text NOT NULL,
  `box_script_code` int(11) NOT NULL,
  `date_create` text NOT NULL,
  `last_update` int(11) NOT NULL,
  `is_cookie_warning` int(11) NOT NULL,
  `show_power_by` enum('1','0') NOT NULL COMMENT '1=yes, 0=no'
) ENGINE=InnoDB DEFAULT CHARSET=latin1;

--
-- Dumping data for table `campaign_member_form`
--

INSERT INTO `campaign_member_form` (`id`, `campaign_uuid`, `form_uuid`, `company_uuid`, `type_id`, `form_theme_uuid`, `campaign_name`, `destination_url`, `industry_id`, `box_script_code`, `date_create`, `last_update`, `is_cookie_warning`, `show_power_by`) VALUES
(1, 'campaign-e1dfd3cff630', '', 'c-ad2a0a7fb6f8', 2, 'thm-44021b562335', '', '', '', 0, '1493382289', 0, 0, '1'),
(2, 'campaign-bef889c763c8', '', 'c-37f2d08b23a1', 2, 'thm-eeca9d2d4460', '', '', '', 0, '1493382450', 0, 0, '1'),
(3, 'campaign-f16944ecfd69', '', 'c-37f2d08b23a1', 1, 'thm-eeca9d2d4461', 'Rinner Home page Test2', 'runner.com', '', 0, '1493464744', 1493464744, 1, '1'),
(4, 'campaign-c71bf5882a15', '', 'c-ad2a0a7fb6f8', 1, 'thm-eeca9d2d4460', '', '', '', 0, '1493457819', 0, 0, '1'),
(5, 'campaign-bfa38b2fe3eb', '', 'c-37f2d08b23a1', 1, 'thm-eeca9d2d4461', 'Campaing Fiexd Test', 'fiexd.com', '18', 0, '1493587067', 1493587067, 1, '1');

-- --------------------------------------------------------

--
-- Table structure for table `cell`
--

CREATE TABLE `cell` (
  `id` int(11) NOT NULL,
  `cell_no` varchar(32) NOT NULL,
  `user_uuid` text NOT NULL,
  `verified_status` enum('0','1') NOT NULL COMMENT '0=no, 1=yes',
  `last_verified_date` int(11) NOT NULL,
  `creation_date` int(11) NOT NULL
) ENGINE=InnoDB DEFAULT CHARSET=latin1;

--
-- Dumping data for table `cell`
--

INSERT INTO `cell` (`id`, `cell_no`, `user_uuid`, `verified_status`, `last_verified_date`, `creation_date`) VALUES
(1, '27833453901', 'u-c7d84d7f02a6', '1', 0, 1492707484),
(2, '27833453901', 'u-a1c8bf0a31d5', '1', 0, 1493309207);

-- --------------------------------------------------------

--
-- Table structure for table `companys`
--

CREATE TABLE `companys` (
  `id` int(11) NOT NULL,
  `company_uuid` text NOT NULL,
  `company_name` varchar(50) NOT NULL,
  `company_logo` int(11) NOT NULL,
  `subdomain` varchar(20) NOT NULL,
  `team_size` varchar(20) NOT NULL,
  `country` text NOT NULL,
  `timezone` int(11) NOT NULL,
  `language_id` int(11) NOT NULL,
  `status` int(11) NOT NULL DEFAULT '0' COMMENT '0=pending,1=active',
  `currency` varchar(20) NOT NULL,
  `is_quick_industry_setup` int(11) NOT NULL DEFAULT '0' COMMENT '0=no quick industry setup, 1=quick industry setup done',
  `time` int(11) NOT NULL
) ENGINE=InnoDB DEFAULT CHARSET=latin1;

--
-- Dumping data for table `companys`
--

INSERT INTO `companys` (`id`, `company_uuid`, `company_name`, `company_logo`, `subdomain`, `team_size`, `country`, `timezone`, `language_id`, `status`, `currency`, `is_quick_industry_setup`, `time`) VALUES
(1, 'c-ad2a0a7fb6f8', '9supe', 0, '9supe', '2-10', 'India', 0, 1, 0, 'inr', 1, 1493052303),
(2, 'c-37f2d08b23a1', 'Grass Wholesalers', 0, 'GrassWholesalers', '2-10', 'South Africa', 0, 1, 0, 'usd', 1, 1493096105);

-- --------------------------------------------------------

--
-- Table structure for table `company_industry`
--

CREATE TABLE `company_industry` (
  `id` int(11) NOT NULL,
  `company_uuid` text NOT NULL,
  `user_uuid` text NOT NULL,
  `industry_id` int(11) NOT NULL,
  `action` enum('1','0') NOT NULL,
  `m_accept_status` int(11) NOT NULL DEFAULT '1',
  `time` int(11) NOT NULL
) ENGINE=InnoDB DEFAULT CHARSET=latin1;

--
-- Dumping data for table `company_industry`
--

INSERT INTO `company_industry` (`id`, `company_uuid`, `user_uuid`, `industry_id`, `action`, `m_accept_status`, `time`) VALUES
(1, 'c-ad2a0a7fb6f8', 'u-49866affc2c5', 29, '1', 1, 1493052329),
(2, 'c-37f2d08b23a1', 'u-c7d84d7f02a6', 1, '1', 1, 1493096279),
(3, 'c-37f2d08b23a1', 'u-c7d84d7f02a6', 2, '1', 1, 1493096279),
(4, 'c-37f2d08b23a1', 'u-c7d84d7f02a6', 3, '1', 1, 1493096279),
(5, 'c-37f2d08b23a1', 'u-c7d84d7f02a6', 4, '1', 1, 1493096279),
(6, 'c-37f2d08b23a1', 'u-c7d84d7f02a6', 14, '1', 1, 1493096279),
(7, 'c-37f2d08b23a1', 'u-c7d84d7f02a6', 18, '1', 1, 1493096279),
(8, 'c-37f2d08b23a1', 'u-c7d84d7f02a6', 6, '1', 1, 1493096279),
(9, 'c-37f2d08b23a1', 'u-c7d84d7f02a6', 7, '1', 1, 1493096279);

-- --------------------------------------------------------

--
-- Table structure for table `company_location`
--

CREATE TABLE `company_location` (
  `id` int(11) NOT NULL,
  `company_uuid` text NOT NULL,
  `street_address_1` text NOT NULL,
  `street_address_2` text NOT NULL,
  `city` text NOT NULL,
  `state` text NOT NULL,
  `country` text NOT NULL,
  `latitude` text NOT NULL,
  `longitude` text NOT NULL,
  `main_registerd_ddress` text NOT NULL,
  `postal_code` text NOT NULL,
  `range` text NOT NULL,
  `other_location` text NOT NULL,
  `time` int(11) NOT NULL
) ENGINE=InnoDB DEFAULT CHARSET=latin1;

--
-- Dumping data for table `company_location`
--

INSERT INTO `company_location` (`id`, `company_uuid`, `street_address_1`, `street_address_2`, `city`, `state`, `country`, `latitude`, `longitude`, `main_registerd_ddress`, `postal_code`, `range`, `other_location`, `time`) VALUES
(1, 'c-ad2a0a7fb6f8', '', '', 'Mumbai', 'MH', 'India', '19.047595', '72.85279500000001', 'T. Junction, Dharavi, Mumbai, Maharashtra, India', '400017', '5', '', 1493052345),
(2, 'c-37f2d08b23a1', 'Brand Street', '', 'Cape Town', 'WC', 'South Africa', '-34.1075046', '18.82726070000001', '33 Brand Street, Cape Town, South Africa', '7139', '50', '', 1493096331);

-- --------------------------------------------------------

--
-- Table structure for table `country`
--

CREATE TABLE `country` (
  `id` int(11) NOT NULL,
  `code` varchar(2) NOT NULL,
  `name` varchar(30) NOT NULL,
  `abriviation` text NOT NULL,
  `status` int(11) NOT NULL DEFAULT '1',
  `currancy` varchar(10) NOT NULL,
  `default_timezone` varchar(50) NOT NULL,
  `language_id` int(11) NOT NULL
) ENGINE=InnoDB DEFAULT CHARSET=latin1;

--
-- Dumping data for table `country`
--

INSERT INTO `country` (`id`, `code`, `name`, `abriviation`, `status`, `currancy`, `default_timezone`, `language_id`) VALUES
(1, 'in', 'india', '', 1, 'inr', '', 1),
(2, 'sa', 'south africa', '', 1, 'usd', '', 1);

-- --------------------------------------------------------

--
-- Table structure for table `form_type`
--

CREATE TABLE `form_type` (
  `id` int(11) NOT NULL,
  `type` text NOT NULL
) ENGINE=InnoDB DEFAULT CHARSET=latin1;

--
-- Dumping data for table `form_type`
--

INSERT INTO `form_type` (`id`, `type`) VALUES
(1, 'button'),
(2, 'search box');

-- --------------------------------------------------------

--
-- Table structure for table `industry`
--

CREATE TABLE `industry` (
  `id` int(11) NOT NULL,
  `name` text NOT NULL,
  `parent_id` text NOT NULL,
  `logo` int(11) NOT NULL,
  `types` varchar(50) NOT NULL,
  `is_used_form` text NOT NULL,
  `status` int(11) NOT NULL DEFAULT '1' COMMENT '1=active,0=deactive'
) ENGINE=InnoDB DEFAULT CHARSET=latin1;

--
-- Dumping data for table `industry`
--

INSERT INTO `industry` (`id`, `name`, `parent_id`, `logo`, `types`, `is_used_form`, `status`) VALUES
(1, 'Personal Chef', '95', 0, '4', '0', 1),
(2, 'Popcorn Machine Rental', '95', 0, '4', '0', 1),
(3, 'Pastry Chef and Cake Making Services', '95', 0, '4', '0', 1),
(4, 'Wine Tastings and Tours', '95', 0, '4', '0', 1),
(5, 'Alterations', '7', 0, '4', '0', 1),
(6, 'Bridesmaid Dress Alterations', '7', 0, '4', '0', 1),
(7, 'Getting Ready', '47', 0, '3', '0', 1),
(9, 'Crocheting', '7,57', 0, '4', '0', 1),
(10, 'Custom Airbrushing', '7,57', 0, '4', '0', 1),
(11, 'Custom Clothes Design', '7', 0, '4', '0', 1),
(12, 'Custom Jewelry', '7,57', 0, '4', '0', 1),
(13, 'Custom Tailor', '7', 0, '4', '0', 1),
(14, 'Embroidery', '7,57', 0, '4', '0', 1),
(15, 'Quilting', '7,57', 0, '4', '0', 1),
(16, 'Songwriting', '7,57', 0, '4', '0', 1),
(17, 'Wardrobe Consulting', '7,61', 0, '4', '0', 1),
(18, 'Wedding Dress Alterations', '7', 0, '4', '0', 1),
(19, 'Wedding and Event Hair Styling', '7', 0, '4', '0', 1),
(20, 'Wedding and Event Makeup', '7', 0, '4', '0', 1),
(21, 'Music Entertainment', '47', 0, '3', '0', 1),
(22, 'Band Entertainment', '21', 0, '4', '0', 1),
(23, 'Heat Pump Inspection or Maintenance', '396', 0, '4', '0', 1),
(29, 'Broadway Singer', '21', 0, '4', '0', 1),
(30, 'DJ', '21', 0, '4', '0', 1),
(31, 'Music Duo Entertainment', '21', 0, '4', '0', 1),
(32, 'Pianist', '21', 0, '4', '0', 1),
(33, 'Singers', '21', 0, '4', '0', 1),
(34, 'Solo Musician Entertainment', '21', 0, '4', '0', 1),
(36, 'String Quartet Entertainment', '21', 0, '4', '0', 1),
(37, 'Vocal Ensemble', '21', 0, '4', '0', 1),
(38, 'Wedding Ceremony Music', '21', 0, '4', '0', 1),
(39, 'Wedding Singer', '21', 0, '4', '0', 1),
(41, 'Wedding String Quartet', '21', 0, '4', '0', 1),
(42, 'Party Rentals', '47', 0, '3', '0', 1),
(43, 'AV Equipment Rental for Events', '42', 0, '4', '0', 1),
(44, 'AV Equipment Rental for Weddings', '42', 0, '4', '0', 1),
(45, 'Audio Equipment Rental for Events', '42', 0, '4', '0', 1),
(46, 'Bounce House and Inflatables Rental', '42', 0, '4', '', 1),
(47, 'Events', '', 0, '1', '', 1),
(48, 'Belly Dancing', '47', 0, '4', '', 1),
(49, 'Driver', '47', 0, '3', '', 1),
(50, 'Charter Bus Rental', '49', 0, '4', '', 1),
(51, 'Limousine and Chauffeur Services', '49', 0, '4', '', 1),
(52, 'Party Bus Rental', '49', 0, '4', '', 1),
(53, 'Home', '', 0, '1', '', 1),
(54, 'Lessons', '', 0, '1', '', 1),
(55, 'Wellness', '', 0, '1', '', 1),
(56, 'Business', '', 0, '1', '', 1),
(57, 'Crafts', '', 0, '1', '', 1),
(58, 'Design Web', '', 0, '1', '', 1),
(59, 'Design and Web', '', 0, '1', '', 1),
(60, 'Legal', '', 0, '1', '', 1),
(61, 'Personal', '', 0, '1', '', 1),
(62, 'Pets', '', 0, '1', '', 1),
(64, 'Repair and technical support', '', 0, '1', '', 1),
(65, 'Writing, translation, and transcription', '', 0, '1', '', 1),
(66, 'Entertainment Services', '47', 0, '3', '', 1),
(67, 'Entertainment', '66', 0, '4', '', 1),
(68, 'Fortune Teller Entertainment', '66', 0, '4', '', 1),
(69, 'Palm Reader Entertainment', '66', 0, '4', '', 1),
(70, 'Tarot Card Reader Entertainment', '66', 0, '4', '', 1),
(71, 'Event Services', '47', 0, '3', '', 1),
(72, 'Astrology Reading', '61,71', 0, '4', '', 1),
(73, 'Balloon Artistry', '71', 0, '4', '', 1),
(74, 'Body Painting', '71', 0, '4', '', 1),
(75, 'Caricaturing', '71', 0, '4', '', 1),
(76, 'Event Florist', '71', 0, '4', '', 1),
(77, 'Event Security Services', '71', 0, '4', '', 1),
(78, 'Face Painting', '71', 0, '4', '', 1),
(79, 'Henna Tattooing', '71', 0, '4', '', 1),
(80, 'Laser Show Entertainment', '71', 0, '4', '', 1),
(81, 'Palm Reading', '71,61', 0, '4', '', 1),
(82, 'Portrait Artistry', '71,57', 0, '4', '', 1),
(83, 'Puppet Show Entertainment', '71', 0, '4', '', 1),
(84, 'Scrapbooking', '71,57', 0, '4', '', 1),
(85, 'Tarot Card Reading', '71,61', 0, '4', '', 1),
(86, 'Temporary Tattoo Artistry', '71', 0, '4', '', 1),
(87, 'Valet Parking', '71', 0, '4', '', 1),
(88, 'Event Staff', '47', 0, '3', '', 1),
(89, 'Bartending', '88', 0, '4', '', 1),
(90, 'Event Bouncer Services', '88', 0, '4', '', 1),
(91, 'Event Help and Wait Staff', '88', 0, '4', '', 1),
(92, 'Sommelier Services', '88', 0, '4', '', 1),
(93, 'Events- other', '47', 0, '3', '', 1),
(94, 'Audio Recording', '93', 0, '4', '', 1),
(95, 'Food', '47', 0, '3', '', 1),
(96, 'Barbecue and Grill Services', '95', 0, '4', '', 1),
(97, 'Candy Buffet Services', '95', 0, '4', '', 1),
(98, 'Chocolate Fountain Rental', '95', 0, '4', '', 1),
(99, 'Event Catering', '95', 0, '4', '', 1),
(100, 'Food Truck or Cart Services', '95', 0, '4', '', 1),
(101, 'Ice Cream Cart Rental', '95', 0, '4', '', 1),
(102, 'Casino Games Rentals', '42', 0, '4', '', 1),
(103, 'Dunk Tank Rental Services', '42', 0, '4', '', 1),
(104, 'Karaoke Machine Rental', '42', 0, '4', '', 1),
(105, 'Lighting Equipment Rental for Events', '42', 0, '4', '', 1),
(106, 'Photo Booth Rental', '42', 0, '4', '', 1),
(107, 'Video Booth Rental', '42', 0, '4', '', 1),
(108, 'Video Equipment Rental for Events', '42', 0, '4', '', 1),
(109, 'Photography', '47', 0, '1,3', '', 1),
(110, 'Aerial Photography', '109', 0, '4', '', 1),
(111, 'Boudoir Photography', '109', 0, '4', '', 1),
(112, 'Commercial Photography', '109', 0, '4', '', 1),
(113, 'Engagement Photography', '109', 0, '4', '', 1),
(114, 'Event Photography', '109', 0, '4', '', 1),
(115, 'Headshot Photography', '109', 0, '4', '', 1),
(116, 'Nature Photography', '', 0, '4', '', 1),
(117, 'Pet Photography', '109', 0, '4', '', 1),
(118, 'Photo Restoration', '109', 0, '4', '', 1),
(119, 'Photo Scanning', '109', 0, '4', '', 1),
(120, 'Portrait Photography', '109', 0, '4', '', 1),
(121, 'Real Estate and Architectural Photography', '109', 0, '4', '', 1),
(122, 'Sports Photography', '109', 0, '4', '', 1),
(123, 'Wedding Photography', '109', 0, '4', '', 1),
(124, 'Planning', '47', 0, '3', '', 1),
(125, 'Anniversary Party Planning', '124', 0, '4', '', 1),
(126, 'Balloon Decorations', '124', 0, '4', '', 1),
(127, 'Bridal Shower Party Planning', '124', 0, '4', '', 1),
(128, 'Calligraphy', '124', 0, '4', '', 1),
(129, 'Corporate Party Planning', '124', 0, '4', '', 1),
(130, 'Craft Party Planning', '124', 0, '4', '', 1),
(131, 'Custom Arts and Crafts', '124', 0, '4', '', 1),
(132, 'Custom Gift Baskets', '124', 0, '4', '', 1),
(133, 'Engagement Party Planning', '124', 0, '4', '', 1),
(134, 'Event Decorating', '124', 0, '4', '', 1),
(135, 'Event Venue Services', '124', 0, '4', '', 1),
(136, 'Fishing Trip Guide Services', '124', 0, '4', '', 1),
(137, 'Fundraising Event Planning', '124', 0, '4', '', 1),
(138, 'Invitations', '124', 0, '4', '', 1),
(139, 'Party Favors', '124', 0, '4', '', 1),
(140, 'Party Planning', '124', 0, '4', '', 1),
(141, 'Party planning (for children)', '124', 0, '4', '', 1),
(142, 'Sightseeing', '124', 0, '4', '', 1),
(143, 'Tour Guiding', '124', 0, '4', '', 1),
(144, 'Wedding Invitations', '124', 0, '4', '', 1),
(145, 'Specialty Act', '47', 0, '3', '', 1),
(146, 'Animal Show Entertainment', '145', 0, '4', '', 1),
(147, 'Circus Act', '145', 0, '4', '', 1),
(148, 'Clown Entertainment', '145', 0, '4', '', 1),
(149, 'Comedy Entertainment', '145', 0, '4', '', 1),
(150, 'Contortionist', '145', 0, '4', '', 1),
(151, 'Costumed Character Entertainment', '145', 0, '4', '', 1),
(152, 'Easter Bunny', '145', 0, '4', '', 1),
(153, 'Human Statue Entertainment', '145', 0, '4', '', 1),
(154, 'Impersonating', '145', 0, '4', '', 1),
(155, 'Impressionist Entertainment', '145', 0, '4', '', 1),
(156, 'Juggling', '145', 0, '4', '', 1),
(157, 'MC and Host Services', '145', 0, '4', '', 1),
(158, 'Magician', '145', 0, '4', '', 1),
(159, 'Mobile Petting Zoo Entertainment', '145', 0, '4', '', 1),
(160, 'Motivational Speaking', '145', 0, '4', '', 1),
(161, 'Pony Riding', '145', 0, '4', '', 1),
(162, 'Santa', '145', 0, '4', '', 1),
(163, 'Singing Telegram', '145', 0, '4', '', 1),
(164, 'Stilt Walker', '145', 0, '4', '', 1),
(165, 'Storytelling', '145', 0, '4', '', 1),
(166, 'Ventriloquist', '145', 0, '4', '', 1),
(167, 'Videography', '47', 0, '3', '', 1),
(168, 'Commercial Videography', '167', 0, '4', '', 1),
(169, 'Corporate Videography', '167', 0, '4', '', 1),
(170, 'Event Videography', '167,109', 0, '4', '', 1),
(171, 'Film Production', '167', 0, '4', '', 1),
(172, 'Music Video Production', '167', 0, '4', '', 1),
(173, 'Video Editing', '167,109', 0, '4', '', 1),
(174, 'Video Streaming and Webcasting ', '167', 0, '4', '', 1),
(175, 'Services', '167', 0, '4', '', 1),
(176, 'Video Transfer Services', '167', 0, '4', '', 1),
(177, 'Wedding Videography', '167,109', 0, '4', '', 1),
(178, 'Wedding', '47', 0, '3', '', 1),
(179, 'Bridal Stylist', '178', 0, '4', '', 1),
(180, 'Honeymoon Travel Specialist', '178', 0, '4', '', 1),
(181, 'Wedding Cakes', '178', 0, '4', '', 1),
(182, 'Wedding Catering', '178', 0, '4', '', 1),
(183, 'Wedding Coordination', '178', 0, '4', '', 1),
(184, 'Wedding Dance Lessons', '178', 0, '4', '', 1),
(185, 'Wedding Decorating', '178', 0, '4', '', 1),
(186, 'Wedding Florist', '178', 0, '4', '', 1),
(187, 'Wedding Henna Tattooing', '178', 0, '4', '', 1),
(188, 'Wedding Officiant', '178', 0, '4', '', 1),
(189, 'Wedding Planning', '178', 0, '4', '', 1),
(190, 'Wedding Ring Services', '178', 0, '4', '', 1),
(191, 'Wedding Venue Services', '178', 0, '4', '', 1),
(192, 'Accessibility Construction and Remodels', '53', 0, '3', '', 1),
(193, 'Doorway Widening', '192', 0, '4', '', 1),
(194, 'Home Modification for Accessibility', '192', 0, '4', '', 1),
(195, 'Roll-in Shower Installation', '192', 0, '4', '', 1),
(196, 'Shower Grab Bar Installation', '192', 0, '4', '', 1),
(197, 'Toilet Grab Bar Installation', '192', 0, '4', '', 1),
(198, 'Wheelchair Ramp Installation', '192', 0, '4', '', 1),
(199, 'Wheelchair Ramp Repair', '192', 0, '4', '', 1),
(200, 'Additions and Remodels', '53', 0, '3', '', 1),
(201, 'Attic Remodel', '200', 0, '4', '', 1),
(202, 'Balcony Addition', '200', 0, '4', '', 1),
(203, 'Balcony Remodel', '200', 0, '4', '', 1),
(204, 'Balcony Repair', '200', 0, '4', '', 1),
(205, 'Basement Finishing or Remodeling', '200', 0, '4', '', 1),
(206, 'Bathroom Remodel', '200', 0, '4', '', 1),
(207, 'Child Proofing', '200', 0, '4', '', 1),
(208, 'Construction Services', '200', 0, '4,8', '', 1),
(209, 'Deck Sealing', '200', 0, '4', '', 1),
(210, 'Deck Staining', '200', 0, '4', '', 1),
(211, 'Deck or Porch Remodel or Addition', '200', 0, '4', '', 1),
(212, 'Deck or Porch Repair', '200', 0, '4', '', 1),
(213, 'Demolition Services', '200', 0, '4', '', 1),
(214, 'Energy Efficiency Remodel', '200', 0, '4', '', 1),
(215, 'Fire Escape Installation', '200', 0, '4', '', 1),
(216, 'Fire Escape Maintenance and Repair', '200', 0, '4', '', 1),
(217, 'Foundation Installation', '200', 0, '4', '', 1),
(218, 'Foundation Raising', '200', 0, '4', '', 1),
(219, 'Foundation Repair', '200', 0, '4', '', 1),
(220, 'Home Modification for Seniors', '200', 0, '4', '', 1),
(221, 'Home Remodeling', '200', 0, '4', '', 1),
(222, 'Interior Wall Addition', '200', 0, '4', '', 1),
(223, 'Interior Wall Removal', '200', 0, '4', '', 1),
(224, 'Kitchen Island Installation', '200', 0, '4', '', 1),
(225, 'Kitchen Island Removal', '200', 0, '4', '', 1),
(226, 'Kitchen Remodel', '200', 0, '4', '', 1),
(227, 'New Home Construction', '200', 0, '4', '', 1),
(228, 'Outdoor Kitchen Remodel or Addition', '200', 0, '4', '', 1),
(229, 'Patio Remodel or Addition', '200', 0, '4', '', 1),
(230, 'Patio Repair', '200', 0, '4', '', 1),
(231, 'Railing Installation or Remodel', '200', 0, '4', '', 1),
(232, 'Remodel a Room', '200', 0, '4', '', 1),
(233, 'Room Extension', '200', 0, '4', '', 1),
(234, 'Room Splitting', '200', 0, '4', '', 1),
(235, 'Sauna Installation', '200', 0, '4', '', 1),
(236, 'Sauna Repair or Maintenance', '200', 0, '4', '', 1),
(237, 'Stair Installation or Remodel', '200', 0, '4', '', 1),
(238, 'Stair and Staircase Repair', '200', 0, '4', '', 1),
(239, 'Barn Construction', '200', 0, '4', '', 1),
(240, 'Carport Addition', '200', 0, '4', '', 1),
(241, 'Closet Remodel', '200', 0, '4', '', 1),
(242, 'Garage Addition', '200', 0, '4', '', 1),
(243, 'Garage Remodel', '200', 0, '4', '', 1),
(244, 'Greenhouse Addition', '200', 0, '4', '', 1),
(245, 'Pergola Addition', '200', 0, '4', '', 1),
(246, 'Playhouse Construction', '200', 0, '4', '', 1),
(247, 'Shed Construction', '200', 0, '4', '', 1),
(248, 'Sunroom Construction', '200', 0, '4', '', 1),
(249, 'Yurt Construction', '200', 0, '4', '', 1),
(250, 'Appliances', '53', 0, '3', '', 1),
(251, 'Appliance Installation', '250,64', 0, '4', '', 1),
(252, 'Appliance Repair or Maintenance', '250', 0, '4', '', 1),
(253, 'Dishwasher Installation', '250', 0, '4', '', 1),
(254, 'Dryer Vent Installation or Replacement', '250', 0, '4', '', 1),
(255, 'Fan Repair', '250', 0, '4', '', 1),
(256, 'Garbage Disposal Installation', '250', 0, '4', '', 1),
(257, 'Garbage Disposal Repair', '250', 0, '4', '', 1),
(258, 'Lawn Mower Repair', '250', 0, '4', '', 1),
(259, 'Refrigerator Installation', '250', 0, '4', '', 1),
(260, 'Satellite Dish Services', '250', 0, '4', '', 1),
(261, 'Vacuum Cleaner Installation', '250,64', 0, '4', '', 1),
(262, 'Washing Machine Installation', '250', 0, '4', '', 1),
(263, 'Architectural and Engineering Services', '53', 0, '3', '', 1),
(264, 'Structural Engineering Services', '263', 0, '4', '', 1),
(265, 'Architectural Services', '263', 0, '4', '', 1),
(266, 'Carpentry and Woodworking', '53', 0, '3', '', 1),
(267, 'Cabinet Installation', '266', 0, '4', '', 1),
(268, 'Cabinet Refacing', '266', 0, '4', '', 1),
(269, 'Cabinet Refinishing', '266', 0, '4', '', 1),
(270, 'Cabinet Repair', '266', 0, '4', '', 1),
(271, 'Cabinetry', '266', 0, '4', '', 1),
(272, 'Custom Cabinet Building', '266', 0, '4', '', 1),
(273, 'Custom Furniture Building', '266', 0, '4', '', 1),
(274, 'Framing Carpentry', '266', 0, '4', '', 1),
(275, 'General Carpentry', '266', 0, '4', '', 1),
(276, 'Trim or Molding Installation', '266', 0, '4', '', 1),
(277, 'Finish Carpentry', '266', 0, '4', '', 1),
(278, 'Cleaning', '53', 0, '3', '', 1),
(279, 'Asbestos Removal', '278', 0, '4', '', 1),
(280, 'Carpet Cleaning', '278', 0, '4', '', 1),
(281, 'Chimney Cleaning', '278', 0, '4', '', 1),
(282, 'Commercial Carpet Cleaning', '278', 0, '4', '', 1),
(283, 'Commercial Cleaning', '278', 0, '4', '', 1),
(284, 'Curtain Cleaning', '278', 0, '4', '', 1),
(285, 'Dryer Vent Cleaning', '278', 0, '4', '', 1),
(286, 'Dumpster Rental', '278', 0, '4', '', 1),
(287, 'Fire Damage Restoration Cleaning', '278', 0, '4', '', 1),
(288, 'Floor Cleaning', '278', 0, '4', '', 1),
(289, 'Floor Polishing', '278', 0, '4', '', 1),
(290, 'Furniture Removal', '278', 0, '4', '', 1),
(291, 'Garage, Basement or Attic Cleaning', '278', 0, '4', '', 1),
(292, 'Gutter Cleaning and Maintenance', '278', 0, '4', '', 1),
(293, 'Home Organizing', '278', 0, '4', '', 1),
(294, 'House Cleaning', '278', 0, '4', '', 1),
(295, 'Junk Removal', '278', 0, '4', '', 1),
(296, 'Leather Repair Conditioning and', '278', 0, '4', '', 1),
(297, 'Restoration', '278', 0, '4', '', 1),
(298, 'Mattress Cleaning', '278', 0, '4', '', 1),
(299, 'Odor Removal', '278', 0, '4', '', 1),
(300, 'Outdoor or Balcony Cleaning', '278', 0, '4', '', 1),
(301, 'Pressure Washing', '278', 0, '4', '', 1),
(302, 'Property Cleanup', '278', 0, '4', '', 1),
(303, 'Roof Cleaning', '278', 0, '4', '', 1),
(304, 'Rug Cleaning', '278', 0, '4', '', 1),
(305, 'Scrap Metal Removal', '278', 0, '4', '', 1),
(306, 'Solar Panel Cleaning or Inspection', '278', 0, '4', '', 1),
(307, 'Tile and Grout Cleaning', '278', 0, '4', '', 1),
(308, 'Upholstery and Furniture Cleaning', '278', 0, '4', '', 1),
(309, 'Water Damage Cleanup and Restoration', '278', 0, '4', '', 1),
(310, 'Window Blinds Cleaning', '278', 0, '4', '', 1),
(311, 'Window Cleaning', '278', 0, '4', '', 1),
(312, 'Concrete/Cement/Asphalt', '53', 0, '3', '', 1),
(313, 'Asphalt Installation', '312', 0, '4', '', 1),
(314, 'Asphalt Repair and Maintenance', '312', 0, '4', '', 1),
(315, 'Brick or Stone Repair', '312', 0, '4', '', 1),
(316, 'Concrete Installation', '312', 0, '4', '', 1),
(317, 'Concrete Removal', '312', 0, '4', '', 1),
(318, 'Concrete Repair and Maintenance', '312', 0, '4', '', 1),
(319, 'Concrete Sawing', '312', 0, '4', '', 1),
(320, 'Masonry Construction Services', '312', 0, '4', '', 1),
(321, 'Stucco Application', '312', 0, '4', '', 1),
(322, 'Concrete Wall Installation', '312', 0, '4', '', 1),
(323, 'Stucco Repair', '312', 0, '4', '', 1),
(324, 'Design & Decor', '53', 0, '3', '', 1),
(325, 'Curtain Installation', '324', 0, '4', '', 1),
(326, 'Curtain Repair', '324', 0, '4', '', 1),
(327, 'Home Staging', '324', 0, '4', '', 1),
(328, 'Interior Design', '324', 0, '4', '', 1),
(329, 'Muralist', '324', 0, '4', '', 1),
(330, 'Picture Framing', '324,109', 0, '4', '', 1),
(331, 'Picture Hanging and Art Installation', '324', 0, '4', '', 1),
(332, 'Wallpaper Installation', '324', 0, '4', '', 1),
(333, 'Wallpaper Removal', '324', 0, '4', '', 1),
(334, 'Wallpaper Repair', '324', 0, '4', '', 1),
(335, 'Doors', '53', 0, '3', '', 1),
(336, 'Door Installation', '335', 0, '4', '', 1),
(337, 'Door Repair', '335', 0, '4', '', 1),
(338, 'Garage Door Installation or Replacement', '335', 0, '4', '', 1),
(339, 'Garage Door Repair', '335', 0, '4', '', 1),
(340, 'Lock Installation and Repair', '335', 0, '4', '', 1),
(341, 'Pet Door Installation', '335', 0, '4', '', 1),
(342, 'Pet Door Removal', '335', 0, '4', '', 1),
(343, 'Shower Door Installation', '335', 0, '4', '', 1),
(344, 'Electrical', '53', 0, '3', '', 1),
(345, 'Circuit Breaker Panel or Fuse Box Installation', '344', 0, '4', '', 1),
(346, 'Circuit Breaker Panel or Fuse Box Repair', '344', 0, '4', '', 1),
(347, 'Electrical and Wiring Issues', '344', 0, '4', '', 1),
(348, 'Fan Installation', '344', 0, '4', '', 1),
(349, 'Generator Installation', '344', 0, '4', '', 1),
(350, 'Generator Repair', '344', 0, '4', '', 1),
(351, 'Geothermal Energy Services', '344', 0, '4', '', 1),
(352, 'Home Automation', '344', 0, '4', '', 1),
(353, 'Solar Panel Installation', '344', 0, '4', '', 1),
(354, 'Solar Panel Repair', '344', 0, '4', '', 1),
(355, 'Switch and Outlet Installation', '344', 0, '4', '', 1),
(356, 'Switch and Outlet Repair', '344', 0, '4', '', 1),
(357, 'Wiring', '344', 0, '4', '', 1),
(358, 'Flooring', '53', 0, '3', '', 1),
(359, 'Carpet Installation', '358', 0, '4', '', 1),
(360, 'Carpet Removal', '358', 0, '4', '', 1),
(361, 'Carpet Repair or Partial Replacement', '358', 0, '4', '', 1),
(362, 'Epoxy Floor Coating', '358', 0, '4', '', 1),
(363, 'Floor Installation or Replacement', '358', 0, '4', '', 1),
(364, 'Floor Repair', '358', 0, '4', '', 1),
(365, 'Hardwood Floor Refinishing', '358', 0, '4', '', 1),
(366, 'Heated Floor Installation', '358', 0, '4', '', 1),
(367, 'Furniture', '53', 0, '3', '', 1),
(368, 'Antique Restoration', '367', 0, '4', '', 1),
(369, 'Baby Gate Assembly and Installation', '367', 0, '4', '', 1),
(370, 'Bed Frame Assembly', '367', 0, '4', '', 1),
(371, 'Closet and Shelving System Installation', '367', 0, '4', '', 1),
(372, 'Countertop Installation', '367', 0, '4', '', 1),
(373, 'Countertop Repair or Maintenance', '367', 0, '4', '', 1),
(374, 'Dresser Assembly', '367', 0, '4', '', 1),
(375, 'Entertainment Center or TV Stand Assembly', '367', 0, '4', '', 1),
(376, 'Crib Assembly', '367', 0, '4', '', 1),
(377, 'Desk Assembly', '367', 0, '4', '', 1),
(378, 'Assembly', '367', 0, '4', '', 1),
(379, 'Fitness Equipment Assembly', '367', 0, '4', '', 1),
(380, 'Furniture Assembly', '367', 0, '4', '', 1),
(381, 'Furniture Delivery', '367', 0, '4', '', 1),
(382, 'Furniture Refinishing', '367', 0, '4', '', 1),
(383, 'Furniture Repair', '367', 0, '4', '', 1),
(384, 'Furniture Upholstery', '367', 0, '4', '', 1),
(385, 'IKEA Furniture Assembly', '367', 0, '4', '', 1),
(386, 'Pool Table Assembly', '367', 0, '4', '', 1),
(387, 'General Contractor', '53', 0, '3,4', '', 1),
(388, 'Caulking', '387', 0, '4', '', 1),
(389, 'General Contracting', '387', 0, '4', '', 1),
(390, 'Handyman', '387', 0, '4', '', 1),
(391, 'Holiday Lighting Installation and Removal', '387', 0, '4', '', 1),
(392, 'Pool Table Repair Services', '387,64', 0, '4', '', 1),
(393, 'Gutters', '53', 0, '3', '', 1),
(394, 'Gutter Installation or Replacement', '393', 0, '4', '', 1),
(395, 'Gutter Repair', '393', 0, '4', '', 1),
(396, 'Heating & Cooling', '53', 0, '3', '', 1),
(397, 'Boiler Inspection or Maintenance', '396', 0, '4', '', 1),
(398, 'Boiler Installation', '396', 0, '4', '', 1),
(399, 'Boiler Repair', '396', 0, '4', '', 1),
(400, 'Central Air Conditioning Installation', '396', 0, '4', '', 1),
(401, 'Central Air Conditioning Maintenance', '396', 0, '4', '', 1),
(402, 'Central Air Conditioning Repair', '396', 0, '4', '', 1),
(403, 'Cooling Issues', '396', 0, '4', '', 1),
(404, 'Duct and Vent Cleaning', '396', 0, '4', '', 1),
(405, 'Duct and Vent Installation or Removal', '396', 0, '4', '', 1),
(406, 'Duct and Vent Issues', '396', 0, '4', '', 1),
(407, 'Fireplace and Chimney Cleaning', '396', 0, '4', '', 1),
(408, 'Fireplace and Chimney Inspection', '396', 0, '4', '', 1),
(409, 'Fireplace and Chimney Installation', '396', 0, '4', '', 1),
(410, 'Fireplace and Chimney Repair', '396', 0, '4', '', 1),
(411, 'Furnace and Heating System', '396', 0, '4', '', 1),
(412, 'Installation or Replacement', '396', 0, '4', '', 1),
(413, 'Furnace and Heating System Maintenance', '396', 0, '4', '', 1),
(414, 'Furnace and Heating System Repair or Maintenance', '396', 0, '4', '', 1),
(415, 'Heat Pump Installation or Replacement', '396', 0, '4', '', 1),
(416, 'Heat Pump Repair', '396', 0, '4', '', 1),
(417, 'Heating Issues', '396', 0, '4', '', 1),
(418, 'Indoor Air Quality Testing', '396', 0, '4', '', 1),
(419, 'Insulation Installation or Upgrade', '396', 0, '4', '', 1),
(420, 'Radiator Inspection or Maintenance', '396', 0, '4', '', 1),
(421, 'Radiator Installation or Replacement', '396', 0, '4', '', 1),
(422, 'Thermostat Installation', '396', 0, '4', '', 1),
(423, 'Thermostat Repair', '396', 0, '4', '', 1),
(424, 'Wall or Portable AC Unit Maintenance', '396', 0, '4', '', 1),
(425, 'Window AC Maintenance', '396', 0, '4', '', 1),
(426, 'Window, Wall, or Portable AC Unit Installation', '396', 0, '4', '', 1),
(427, 'Home Damage Prevention/Repair', '53', 0, '3', '', 1),
(428, 'Basement Drainage Installation', '427', 0, '4', '', 1),
(429, 'Basement Drainage Repair', '427', 0, '4', '', 1),
(430, 'Earthquake Damage Repair', '427', 0, '4', '', 1),
(431, 'Earthquake/Seismic Retrofit', '427', 0, '4', '', 1),
(432, 'Fire or Smoke Damage Repair', '427', 0, '4', '', 1),
(433, 'Foundation or Basement Waterproofing', '427', 0, '4', '', 1),
(434, 'Roof or Gutter Winterization', '427', 0, '4', '', 1),
(435, 'Storm or Wind Damage Recovery Service', '427', 0, '4', '', 1),
(436, 'Window or Door Sealing', '427', 0, '4', '', 1),
(437, 'Home Services', '53', 0, '3', '', 1),
(438, 'House Sitting', '437,61', 0, '4', '', 1),
(439, 'Property Management', '437', 0, '4', '', 1),
(440, 'Home Theater', '53', 0, '3', '', 1),
(441, 'Home Theater Construction', '440', 0, '4', '', 1),
(442, 'Home Theater Surround Sound System Installation', '440', 0, '4', '', 1),
(443, 'Home Theater System Installation or Replacement', '440', 0, '4', '', 1),
(444, 'Home Theater System Repair or Service', '440', 0, '4', '', 1),
(445, 'Home Theater System Wiring', '440', 0, '4', '', 1),
(446, 'TV Mounting', '440', 0, '4', '', 1),
(447, 'TV Repair Services', '440', 0, '4', '', 1),
(448, 'Inspections', '53', 0, '3', '', 1),
(449, 'Air Quality Inspection', '448', 0, '4', '', 1),
(450, 'Asbestos Inspection', '448', 0, '4', '', 1),
(451, 'Chimney Inspection', '448', 0, '4', '', 1),
(452, 'Electrical Inspection', '448', 0, '4', '', 1),
(453, 'Fire Extinguisher Inspection', '448', 0, '4', '', 1),
(454, 'Home Energy Auditing', '448', 0, '4', '', 1),
(455, 'Home Inspection', '448', 0, '4', '', 1),
(456, 'Land Surveying', '448', 0, '4', '', 1),
(457, 'Lead Testing', '448', 0, '4', '', 1),
(458, 'Mold Inspection and Removal', '448', 0, '4', '', 1),
(459, 'Pest Inspection', '448', 0, '4', '', 1),
(460, 'Plumbing Inspection', '448', 0, '4', '', 1),
(461, 'Radon Testing', '448', 0, '4', '', 1),
(462, 'Real Estate Appraisal', '448', 0, '4', '', 1),
(463, 'Roof Inspection', '448', 0, '4', '', 1),
(464, 'Septic System Inspection', '448', 0, '4', '', 1),
(465, 'Swimming Pool Inspection', '448', 0, '4', '', 1),
(466, 'Termite Control Services', '448', 0, '4', '', 1),
(467, 'Termite Inspection', '448', 0, '4', '', 1),
(468, 'Well Water Inspection', '448', 0, '4', '', 1),
(469, 'Landscaping', '53', 0, '3', '', 1),
(470, 'Artificial Turf Installation', '469', 0, '4', '', 1),
(471, 'Boulder Placement', '469', 0, '4', '', 1),
(472, 'Drip Irrigation System Maintenance', '469', 0, '4', '', 1),
(473, 'Greenhouse Services', '469', 0, '4', '', 1),
(474, 'Land Leveling and Grading', '469', 0, '4', '', 1),
(475, 'Outdoor Landscaping and Design', '469', 0, '4', '', 1),
(476, 'Sod Installation', '469', 0, '4', '', 1),
(477, 'Sprinkler and Irrigation System Installation', '469', 0, '4', '', 1),
(478, 'Sprinkler and Irrigation System Repair and Maintenance', '469', 0, '4', '', 1),
(479, 'Water Feature Installation', '469', 0, '4', '', 1),
(480, 'Water Feature Repair and Maintenance', '469', 0, '4', '', 1),
(481, 'Lawncare', '53', 0, '3', '', 1),
(482, 'Aeration', '481', 0, '4', '', 1),
(483, 'Fertilizing', '481', 0, '4', '', 1),
(484, 'Gardening', '481', 0, '4', '', 1),
(485, 'Lawn Mowing and Trimming', '481', 0, '4', '', 1),
(486, 'Leaf Clean Up', '481', 0, '4', '', 1),
(487, 'Mulching', '481', 0, '4', '', 1),
(488, 'Multi Service Lawn Care', '481', 0, '4', '', 1),
(489, 'Outdoor Pesticide Application', '481', 0, '4', '', 1),
(490, 'Plant Watering and Care', '481', 0, '4', '', 1),
(491, 'Seeding', '481', 0, '4', '', 1),
(492, 'Shrub Planting', '481', 0, '4', '', 1),
(493, 'Shrub Pruning and Trimming', '481', 0, '4', '', 1),
(494, 'Snow Plowing', '481', 0, '4', '', 1),
(495, 'Tree Planting', '481', 0, '4', '', 1),
(496, 'Tree Stump Grinding and Removal', '481', 0, '4', '', 1),
(497, 'Tree Trimming and Removal', '481', 0, '4', '', 1),
(498, 'Weeding', '481', 0, '4', '', 1),
(499, 'Lighting', '53', 0, '3', '', 1),
(500, 'Fixtures', '499', 0, '4', '', 1),
(501, 'Lighting Installation', '499', 0, '4', '', 1),
(502, 'Outdoor Lighting', '499', 0, '4', '', 1),
(503, 'Material Processing', '53', 0, '3', '', 1),
(504, 'Engraving', '503,57', 0, '4', '', 1),
(505, 'Metalwork', '503', 0, '4', '', 1),
(506, 'Powder Coating', '503,57', 0, '4', '', 1),
(507, 'Stained Glass', '503,57', 0, '4', '', 1),
(508, 'Welding', '503', 0, '4', '', 1),
(509, 'Moving', '53', 0, '3', '', 1),
(510, 'Furniture Moving and Heavy Lifting', '509', 0, '4', '', 1),
(511, 'Hot Tub Moving', '509', 0, '4', '', 1),
(512, 'Local Moving (under 50 miles)', '509', 0, '4', '', 1),
(513, 'Long Distance Moving', '509', 0, '4', '', 1),
(514, 'Office Moving', '509', 0, '4', '', 1),
(515, 'Packing and Unpacking', '509', 0, '4', '', 1),
(516, 'Piano Moving', '509', 0, '4', '', 1),
(517, 'Pool Table Moving', '509', 0, '4', '', 1),
(518, 'Outdoor Structures', '53', 0, '3', '', 1),
(519, 'Awning Installation', '518', 0, '4', '', 1),
(520, 'Awning Repair and Maintenance', '518', 0, '4', '', 1),
(521, 'Fence and Gate Installation', '518', 0, '4', '', 1),
(522, 'Fence and Gate Repairs', '518', 0, '4', '', 1),
(523, 'Gazebo Assembly', '518', 0, '4', '', 1),
(524, 'Gazebo Installation', '518', 0, '4', '', 1),
(525, 'Gazebo Repair and Maintenance', '518', 0, '4', '', 1),
(526, 'Mudjacking', '518', 0, '4', '', 1),
(527, 'Outdoor Equipment or Furniture Assembly', '518', 0, '4', '', 1),
(528, 'Patio Cover Installation', '518', 0, '4', '', 1),
(529, 'Patio Cover Repair and Maintenance', '518', 0, '4', '', 1),
(530, 'Play Equipment Construction', '518', 0, '4', '', 1),
(531, 'Swimming Pool Installation', '518', 0, '4', '', 1),
(532, 'Water Dock Services', '518', 0, '4', '', 1),
(533, 'Well System Work', '518', 0, '4', '', 1),
(534, 'Painting', '53', 0, '3', '', 1),
(535, 'Cabinet Painting', '534', 0, '4', '', 1),
(536, 'Exterior Painting', '534', 0, '4', '', 1),
(537, 'Faux Finishing or Painting', '534', 0, '4', '', 1),
(538, 'Fence Painting', '534', 0, '4', '', 1),
(539, 'Floor Painting or Coating', '534', 0, '4', '', 1),
(540, 'Interior Painting', '534', 0, '4', '', 1),
(541, 'Paint Removal', '534', 0, '4', '', 1),
(542, 'Plumbing', '53', 0, '3', '', 1),
(543, 'Emergency Plumbing', '542', 0, '4', '', 1),
(544, 'Gas Line Installation', '542', 0, '4', '', 1),
(545, 'Plumbing Drain Repair', '542', 0, '4', '', 1),
(546, 'Plumbing Pipe Installation or Replacement', '542', 0, '4', '', 1),
(547, 'Plumbing Pipe Repair', '542', 0, '4', '', 1),
(548, 'Septic System Installation or Replacement', '542', 0, '4', '', 1),
(549, 'Septic System Repair or Maintenance', '542', 0, '4', '', 1),
(550, 'Shower and Bathtub Installation or Replacement', '542', 0, '4', '', 1),
(551, 'Shower and Bathtub Repair', '542', 0, '4', '', 1),
(552, 'Sink or Faucet Installation or Replacement', '542', 0, '4', '', 1),
(553, 'Sink or Faucet Repair', '542', 0, '4', '', 1),
(554, 'Sump Pump Installation or Replacement', '542', 0, '4', '', 1),
(555, 'Sump Pump Repair or Maintenance', '542', 0, '4', '', 1),
(556, 'Toilet Installation or Replacement', '542', 0, '4', '', 1),
(557, 'Toilet Repair', '542', 0, '4', '', 1),
(558, 'Water Heater Installation or Replacement', '542', 0, '4', '', 1),
(559, 'Water Heater Repair or Maintenance', '542', 0, '4', '', 1),
(560, 'Water Treatment Repair or Maintenance', '542', 0, '4', '', 1),
(561, 'Water Treatment System Installation or Replacement', '542', 0, '4', '', 1),
(562, 'Pools, Hot Tubs and Spas', '53', 0, '3', '', 1),
(563, 'Above Ground Swimming Pool Installation', '', 0, '4', '', 1),
(564, 'Hot Tub and Spa Cleaning and Maintenance', '', 0, '4', '', 1),
(565, 'Hot Tub and Spa Installation', '', 0, '4', '', 1),
(566, 'test', '949', 0, '4,8', '', 1),
(567, 'Hot Tub and Spa Repair', '', 0, '4', '', 1),
(568, 'In-Ground Swimming Pool Construction Test', '', 0, '', '', 1),
(569, 'In-Ground Swimming Pool Construction', '562', 0, '', '', 1),
(570, 'Roofing', '53', 0, '3', '', 1),
(571, 'Roof Installation or Replacement', '570', 0, '4', '', 1),
(572, 'Swimming Pool Cleaning or Maintenance', '562', 0, '4', '', 1),
(573, 'Roof Repair or Maintenance', '570', 0, '4', '', 1),
(574, 'Security and Damage Prevention/Repair', '53', 0, '4', '', 1),
(575, 'Animal Removal Services', '574', 0, '4', '', 1),
(576, 'Bed Bug Extermination', '574', 0, '4', '', 1),
(577, 'Home Security and Alarm Repair and Modification', '574', 0, '4', '', 1),
(578, 'Home Security and Alarms Install', '574', 0, '4', '', 1),
(579, 'Home Waterproofing', '574', 0, '4', '', 1),
(580, 'Pest Control Services', '574', 0, '4', '', 1),
(581, 'Radon Mitigation', '574,60', 0, '4', '', 1),
(582, 'Rodent Removal', '574', 0, '4', '', 1),
(583, 'Weatherization', '574', 0, '4', '', 1),
(584, 'Siding', '53', 0, '3', '', 1),
(585, 'Siding Installation', '584', 0, '4', '', 1),
(586, 'Siding Removal', '584', 0, '4', '', 1),
(587, 'Mobile Home Skirting Installation', '584', 0, '4', '', 1),
(588, 'Siding Repair', '584', 0, '4', '', 1),
(589, 'Site Preparation', '53', 0, '4', '', 1),
(590, 'Dirt or Gravel Removal', '589', 0, '4', '', 1),
(591, 'Excavation Services', '589', 0, '4', '', 1),
(592, 'Land Clearing', '589', 0, '4', '', 1),
(593, 'Swimming Pool Removal', '589', 0, '4', '', 1),
(594, 'Tiling', '53', 0, '3', '', 1),
(595, 'Tile Installation and Replacement', '594', 0, '4', '', 1),
(596, 'Tile Repair', '594', 0, '4', '', 1),
(597, 'Walls, Framing, and Stairs', '53', 0, '3', '', 1),
(598, 'Drywall Installation and Hanging', '597', 0, '4', '', 1),
(599, 'Insulation', '', 0, '4', '', 1),
(600, ' Drywall Repair and Texturing', '597', 0, '4', '', 1),
(601, 'Plastering', '', 0, '4', '', 1),
(602, 'Popcorn Texture Removal', '597', 0, '4', '', 1),
(603, 'Railing Repair', '', 0, '4', '', 1),
(604, 'Sound Proofing', '597', 0, '4', '', 1),
(605, 'Windows', '53', 0, '3', '', 1),
(606, 'Commercial Window Tinting', '605', 0, '4', '', 1),
(607, 'Residential Window Tinting', '605', 0, '4', '', 1),
(608, 'Screen Installation or Replacement', '605', 0, '4', '', 1),
(609, 'Shutter Installation', '605', 0, '4', '', 1),
(610, 'Shutter Removal', '605', 0, '4', '', 1),
(611, 'Shutter Repair', '605', 0, '4', '', 1),
(612, 'Shutters', '605', 0, '4', '', 1),
(613, 'Skylight Installation or Repair', '605', 0, '4', '', 1),
(614, 'Window Blinds Installation or Replacement', '605', 0, '4', '', 1),
(615, 'Window Blinds Repair', '605', 0, '4', '', 1),
(616, 'Window Installation', '605', 0, '4', '', 1),
(617, 'Window Repair', '605', 0, '4', '', 1),
(618, 'Window Treatment Installation or Replacement', '605', 0, '4', '', 1),
(619, 'Installation', '562', 0, '4', '', 1),
(621, 'Swimming Pool Repair', '', 0, '4', '', 1),
(622, 'Academic Tutoring', '54', 0, '3', '', 1),
(623, 'ACT Tutoring', '622', 0, '4', '', 1),
(624, 'ASVAB Tutoring', '622', 0, '4', '', 1),
(625, 'Algebra Tutoring', '622', 0, '4', '', 1),
(626, 'Basic Math Tutoring', '622', 0, '4', '', 1),
(627, 'Biology Tutoring', '622', 0, '4', '', 1),
(628, 'Calculus Tutoring', '622', 0, '4', '', 1),
(629, 'Chemistry Tutoring', '622', 0, '4', '', 1),
(630, 'College Admissions Counseling', '622', 0, '4', '', 1),
(631, 'College-level Math Tutoring', '622', 0, '4', '', 1),
(632, 'Economics Tutoring', '622', 0, '4', '', 1),
(633, 'Elementary School Math Tutoring (K-5)', '622', 0, '4', '', 1),
(634, 'GED Tutoring', '622', 0, '4', '', 1),
(635, 'GMAT Tutoring', '622', 0, '4', '', 1),
(636, 'GRE Tutoring', '622', 0, '4', '', 1),
(637, 'Geometry Tutoring', '622', 0, '4', '', 1),
(638, 'Grad School Math Tutoring', '622', 0, '4', '', 1),
(639, 'High School Math Tutoring (Grades 9-12)', '622', 0, '4', '', 1),
(640, 'History Tutoring', '622', 0, '4', '', 1),
(641, 'ISEE Tutoring', '622', 0, '4', '', 1),
(642, 'LSAT Tutoring', '622', 0, '4', '', 1),
(643, 'MCAT Tutoring', '622', 0, '4', '', 1),
(644, 'Math Tutoring', '622', 0, '4', '', 1),
(645, 'Middle School Math Tutoring (Grades 6-8)', '622', 0, '4', '', 1),
(646, 'Multi-Subject Tutoring', '622', 0, '4', '', 1),
(647, 'NCLEX Tutoring', '622', 0, '4', '', 1),
(648, 'Physics Tutoring', '622', 0, '4', '', 1),
(649, 'Precalculus Tutoring', '622', 0, '4', '', 1),
(650, 'Reading and Writing Tutoring', '622', 0, '4', '', 1),
(651, 'SAT II Tutoring', '622', 0, '4', '', 1),
(652, 'SAT Tutoring', '622', 0, '4', '', 1),
(653, 'Science Tutoring', '622', 0, '4', '', 1),
(654, 'Social Studies Tutoring', '622', 0, '4', '', 1),
(655, 'Statistics Tutoring', '622', 0, '4', '', 1),
(656, 'TOEFL Tutoring', '622', 0, '4', '', 1),
(657, 'Teacher Training', '622', 0, '4', '', 1),
(658, 'Trigonometry Tutoring', '622', 0, '4', '', 1),
(659, 'Cooking', '54', 0, '3', '', 1),
(660, 'Private Cooking Lessons', '659', 0, '4', '', 1),
(661, 'Dancing', '54', 0, '3', '', 1),
(662, 'Ballroom Dance Lessons', '661', 0, '4', '', 1),
(663, 'Belly Dance Lessons', '661', 0, '4', '', 1),
(664, 'Dance Choreography Lessons', '661', 0, '4', '', 1),
(665, 'Hip Hop Dance Lessons', '661', 0, '4', '', 1),
(666, 'Private Dance Lessons (for me or my group)', '661', 0, '4', '', 1),
(667, 'Private Salsa Dance Lessons (for me or my group)', '661', 0, '4', '', 1),
(668, 'Tango Dance Lessons', '661', 0, '4', '', 1),
(669, 'Tap Dance Lessons', '661', 0, '4', '', 1),
(670, 'Fitness', '54', 0, '3', '', 1),
(671, 'Climbing Lessons', '670', 0, '4', '', 1),
(672, 'Cycling Training', '670', 0, '4', '', 1),
(673, 'Golf Lessons', '670', 0, '4', '', 1),
(674, 'Horseback Riding Lessons', '670', 0, '4', '', 1),
(675, 'Horseback Riding Lessons (for adults)', '670', 0, '4', '', 1),
(676, 'Horseback Riding Lessons (for children or teenagers)', '670', 0, '4', '', 1),
(677, 'Private Swim Lessons', '670', 0, '4', '', 1),
(678, 'Private Tennis Instruction (for me or my group)', '670', 0, '4', '', 1),
(679, 'Running and Jogging Lessons', '670', 0, '4', '', 1),
(680, 'Scuba Diving Lessons', '670', 0, '4', '', 1),
(681, 'Volleyball Lessons', '670', 0, '4', '', 1),
(682, 'Language', '54', 0, '3', '', 1),
(683, 'Arabic Lessons', '682', 0, '4', '', 1),
(684, 'ESL (English as a Second Language) Lessons', '682', 0, '4', '', 1),
(685, 'French Lessons', '682', 0, '4', '', 1),
(686, 'German Lessons', '682', 0, '4', '', 1),
(687, 'Hebrew Lessons', '682', 0, '4', '', 1),
(688, 'Italian Lessons', '682', 0, '4', '', 1),
(689, 'Japanese Lessons', '682', 0, '4', '', 1),
(690, 'Korean Lessons', '682', 0, '4', '', 1),
(691, 'Mandarin Lessons', '682', 0, '4', '', 1),
(692, 'Portuguese Lessons', '682', 0, '4', '', 1),
(693, 'Sign Language Lessons', '682', 0, '4', '', 1),
(694, 'Spanish Lessons', '682', 0, '4', '', 1),
(695, 'Specialized Language Lessons', '682', 0, '4', '', 1),
(696, 'Music', '54', 0, '3', '', 1),
(697, 'Bagpipe Lessons', '696', 0, '4', '', 1),
(698, 'Banjo Lessons', '696', 0, '4', '', 1),
(699, 'Banjo Lessons (for adults)', '696', 0, '4', '', 1),
(700, 'Bass Guitar Lessons', '696', 0, '4', '', 1),
(701, 'Bass Guitar Lessons (for adults)', '696', 0, '4', '', 1),
(702, 'Bass Guitar Lessons (for children or teenagers)', '696', 0, '4', '', 1),
(703, 'Cello Lessons', '696', 0, '4', '', 1),
(704, 'Cello Lessons (for adults)', '696', 0, '4', '', 1),
(705, 'Cello Lessons (for children or teenagers)', '696', 0, '4', '', 1),
(706, 'Clarinet Lessons', '696', 0, '4', '', 1),
(707, 'Clarinet Lessons (for adults)', '696', 0, '4', '', 1),
(708, 'Clarinet Lessons (for children or teenagers)', '696', 0, '4', '', 1),
(709, 'Double Bass Lessons (for adults)', '696', 0, '4', '', 1),
(710, 'Double Bass Lessons (for children or teenagers)', '696', 0, '4', '', 1),
(711, 'Drum Lessons', '696', 0, '4', '', 1),
(712, 'Drum Lessons (for adults)', '696', 0, '4', '', 1),
(713, 'Drum Lessons (for children or teenagers)', '696', 0, '4', '', 1),
(714, 'Fiddle Lessons', '696', 0, '4', '', 1),
(715, 'Flute Lessons', '696', 0, '4', '', 1),
(716, 'Flute Lessons (for adults)', '696', 0, '4', '', 1),
(717, 'Flute Lessons (for children or teenagers)', '696', 0, '4', '', 1),
(718, 'French Horn Lessons', '696', 0, '4', '', 1),
(719, 'French Horn Lessons (for children or teenagers)', '696', 0, '4', '', 1),
(720, 'Guitar Lessons', '696', 0, '4', '', 1),
(721, 'Harmonica Lessons', '696', 0, '4', '', 1),
(722, 'Harmonica Lessons (for adults)', '696', 0, '4', '', 1),
(723, 'Harp Lessons (for children or teenagers)', '696', 0, '4', '', 1),
(724, 'Keyboard Lessons', '696', 0, '4', '', 1),
(725, 'Mandolin Lessons', '696', 0, '4', '', 1),
(726, 'Mandolin Lessons (for adults)', '696', 0, '4', '', 1),
(727, 'Music Composition Lessons', '696', 0, '4', '', 1),
(728, 'Music Theory Lessons', '696', 0, '4', '', 1),
(729, 'Oboe Lessons (for children or teenagers)', '696', 0, '4', '', 1),
(730, 'Piano Lessons', '696', 0, '4', '', 1),
(731, 'Piano Tuning', '696', 0, '4', '', 1),
(732, 'Saxophone Lessons', '696', 0, '4', '', 1),
(733, 'Saxophone Lessons (for adults)', '696', 0, '4', '', 1),
(734, 'Saxophone Lessons (for children or teenagers)', '696', 0, '4', '', 1),
(735, 'Singing Lessons', '696', 0, '4', '', 1),
(736, 'Trombone Lessons (for adults)', '696', 0, '4', '', 1),
(737, 'Trombone Lessons (for children or teenagers)', '696', 0, '4', '', 1),
(738, 'Trumpet Lessons', '728', 0, '4', '', 1),
(739, 'Trumpet Lessons (for adults)', '696', 0, '4', '', 1),
(740, 'Trumpet Lessons (for children or teenagers)', '696', 0, '4', '', 1),
(741, 'Ukulele Lessons', '696', 0, '4', '', 1),
(742, 'Ukulele Lessons (for adults)', '696', 0, '4', '', 1),
(743, 'Ukulele Lessons (for children or teenagers)', '696', 0, '4', '', 1),
(744, 'Viola Lessons', '696', 0, '4', '', 1),
(745, 'Viola Lessons (for adults)', '696', 0, '4', '', 1),
(746, 'Viola Lessons (for children or teenagers)', '696', 0, '4', '', 1),
(747, 'Violin Lessons', '696', 0, '4', '', 1),
(748, 'Violin Lessons (for adults)', '696', 0, '4', '', 1),
(749, 'Violin Lessons (for children or teenagers)', '696', 0, '4', '', 1),
(750, 'Skill', '54', 0, '3', '', 1),
(751, 'Accounting Training', '750', 0, '4', '', 1),
(752, 'Acting Lessons', '750', 0, '4', '', 1),
(753, 'Arts and Crafts Lessons', '750', 0, '4', '', 1),
(754, 'Audio Production Lessons', '750', 0, '4', '', 1),
(755, 'Business Finance Training', '750', 0, '4', '', 1),
(756, 'CPR Training', '750', 0, '4', '', 1),
(757, 'Calligraphy Lessons', '750', 0, '4', '', 1),
(758, 'Chess Lessons', '750', 0, '4', '', 1),
(759, 'Comedy Lessons', '750', 0, '4', '', 1),
(760, 'Computer Lessons', '750', 0, '4', '', 1),
(761, 'Crocheting Lessons', '750', 0, '4', '', 1),
(762, 'Drawing Lessons', '750', 0, '4', '', 1),
(763, 'Driving Lessons', '750', 0, '4', '', 1),
(764, 'Fabric Arts Lessons', '750', 0, '4', '', 1),
(765, 'Fashion and Costume Design', '750', 0, '4', '', 1),
(766, 'Instruction', '750', 0, '4', '', 1),
(767, 'Filmmaking Lessons', '750', 0, '4', '', 1),
(768, 'Firearm Instruction', '750', 0, '4', '', 1),
(769, 'First Aid Training', '750', 0, '4', '', 1),
(770, 'Flower Arranging Instruction', '750', 0, '4', '', 1),
(771, 'Graphic Design Instruction', '750', 0, '4', '', 1),
(772, 'Jewelry Making Lessons', '750', 0, '4', '', 1),
(773, 'Knitting Lessons', '750', 0, '4', '', 1),
(774, 'Leadership Development Training', '750', 0, '4', '', 1),
(775, 'Magic Lessons', '750', 0, '4', '', 1),
(776, 'Makeup Artistry Lessons', '750', 0, '4', '', 1),
(777, 'Marketing Training', '750', 0, '4', '', 1),
(778, 'Medical Coding Training', '750', 0, '4', '', 1),
(779, 'Negotiation Training', '750', 0, '4', '', 1),
(780, 'Neonatal Resuscitation Program Lessons', '750', 0, '4', '', 1),
(781, 'Painting Lessons', '750', 0, '4', '', 1),
(782, 'Personal Finance Instruction', '750', 0, '4', '', 1),
(783, 'Photography Lessons', '750', 0, '4', '', 1),
(784, 'Pokemon Go Expert', '750', 0, '4', '', 1),
(785, 'Public Speaking Lessons', '750', 0, '4', '', 1),
(786, 'Quilting Lessons', '750', 0, '4', '', 1),
(787, 'Real Estate Training', '750', 0, '4', '', 1),
(788, 'Reiki Lessons', '750', 0, '4', '', 1),
(789, 'Safety and First Aid Instruction', '750', 0, '4', '', 1),
(790, 'Sales Training', '750', 0, '4', '', 1),
(791, 'Sculpting Lessons', '750', 0, '4', '', 1),
(792, 'Search Engine Optimization Training', '750', 0, '4', '', 1),
(793, 'Self Defense Lessons', '750', 0, '4', '', 1),
(794, 'Sewing Lessons', '750', 0, '4', '', 1),
(795, 'Silkscreening Lessons', '750', 0, '4', '', 1),
(796, 'Voice Over Lessons', '750', 0, '4', '', 1),
(797, 'Welding Instruction', '750', 0, '4', '', 1),
(798, 'Wine Appreciation Lessons', '750', 0, '4', '', 1),
(799, 'Sports', '54', 0, '3', '', 1),
(800, 'Archery Lessons', '799', 0, '4', '', 1),
(801, 'Baseball Lessons', '799', 0, '4', '', 1),
(802, 'Basketball Lessons', '799', 0, '4', '', 1),
(803, 'Ice Skating Instruction', '799', 0, '4', '', 1),
(804, 'Skateboarding Lessons', '799', 0, '4', '', 1),
(805, 'Soccer Lessons', '799', 0, '4', '', 1),
(806, 'Softball Lessons', '799', 0, '4', '', 1),
(807, 'Surfing Lessons', '799', 0, '4', '', 1),
(808, 'Table Tennis Lessons', '799', 0, '4', '', 1),
(809, 'Beauty Services', '55', 0, '3', '', 1),
(810, 'Hair coloring and highlights', '809', 0, '4', '', 1),
(811, 'Coaching', '55', 0, '4', '', 1),
(812, 'Career Coaching', '811', 0, '4', '', 1),
(813, 'Creativity Coaching', '811', 0, '4', '', 1),
(814, 'Health and Wellness coaching', '811', 0, '4', '', 1),
(815, 'Life Coaching', '811,61', 0, '4', '', 1),
(816, 'Stress Management Coaching', '811', 0, '4', '', 1),
(817, 'Time and Organizational Management', '811', 0, '4', '', 1),
(818, 'Work-life Balance Coaching', '811', 0, '4', '', 1),
(819, 'Counseling', '55,61', 0, '3', '', 1),
(820, 'Family Counseling', '819,61', 0, '4', '', 1),
(821, 'Grief Counseling', '819', 0, '4', '', 1),
(822, 'Hypnotherapy', '819', 0, '4', '', 1),
(823, 'Marriage and Relationship Counseling', '819', 0, '4', '', 1),
(824, 'Meditation Instruction', '819', 0, '4', '', 1),
(825, 'Mental Health Counseling', '819', 0, '4', '', 1),
(826, 'Psychology', '819,61', 0, '4', '', 1),
(827, 'Psychotherapy', '819', 0, '4', '', 1),
(828, 'Social Anxiety Counseling', '819', 0, '4', '', 1),
(829, 'Therapy', '819,61', 0, '4', '', 1),
(830, 'Exercise', '55', 0, '3', '', 1),
(831, 'Hatha Yoga', '830', 0, '4', '', 1),
(832, 'Personal Training', '830', 0, '4', '', 1),
(833, 'Pilates', '830', 0, '4', '', 1),
(834, 'Power Yoga', '830', 0, '4', '', 1),
(835, 'Prenatal Yoga', '830', 0, '4', '', 1),
(836, 'Private Yoga Instruction (for me or my group)', '830', 0, '4', '', 1),
(837, 'Qigong', '830', 0, '4', '', 1),
(838, 'Tai Chi', '830', 0, '4', '', 1),
(839, 'Vinyasa Flow Yoga', '830', 0, '4', '', 1),
(840, 'Healing', '55', 0, '3', '', 1),
(841, 'Acupuncture Services', '840', 0, '4', '', 1),
(842, 'Alternative Healing', '840', 0, '4', '', 1),
(843, 'Physical Therapy', '840', 0, '4', '', 1),
(844, 'Reiki Healing', '840', 0, '4', '', 1),
(845, 'Nutrition', '55', 0, '3', '', 1),
(846, 'Nutritionist', '845', 0, '4', '', 1),
(847, 'Spa Services', '55', 0, '3', '', 1),
(848, 'Body wrap', '847', 0, '4', '', 1),
(849, 'Facial', '847', 0, '4', '', 1),
(850, 'Facial (for men)', '847', 0, '4', '', 1),
(851, 'Manicure and pedicure (for men)', '847', 0, '4', '', 1),
(852, 'Manicure and pedicure (for women)', '847', 0, '4', '', 1),
(853, 'Massage Therapy', '847', 0, '4', '', 1),
(854, 'Spirituality', '55', 0, '3', '', 1),
(855, 'Spiritual Counseling', '854,61', 0, '4', '', 1),
(856, 'Accounting', '56', 0, '4', '', 1),
(857, 'Administrative Support', '56', 0, '4', '', 1),
(858, 'Advertising', '56', 0, '4', '', 1),
(859, 'Auctioneering', '56', 0, '4', '', 1),
(860, 'Bodyguard Services', '56,61', 0, '4', '', 1),
(861, 'Business Consulting', '56', 0, '4', '', 1),
(862, 'Data Destruction', '56', 0, '4', '', 1),
(863, 'Data Entry', '56', 0, '4', '', 1),
(864, 'Digital Marketing', '56', 0, '4', '', 1),
(865, 'Direct Mail Marketing', '56', 0, '4', '', 1),
(866, 'Document Destruction', '56', 0, '4', '', 1),
(867, 'Email Management', '56', 0, '4', '', 1),
(868, 'Email Marketing', '56', 0, '4', '', 1),
(869, 'Financial Services and Planning', '56', 0, '4', '', 1),
(870, 'Franchise Consulting and Development', '56', 0, '4', '', 1),
(871, 'HR and Payroll Services', '56', 0, '4', '', 1),
(872, 'Marketing', '56', 0, '4', '', 1),
(873, 'Presentation Services', '56', 0, '4', '', 1),
(874, 'Public Relations', '56', 0, '4', '', 1),
(875, 'Recovery and Repossession Services', '56', 0, '4', '', 1),
(876, 'Recruiting', '56', 0, '4', '', 1),
(877, 'Search Engine Marketing', '56', 0, '4', '', 1),
(878, 'Search Engine Optimization', '56', 0, '4', '', 1),
(879, 'Security Guard Services', '56', 0, '4', '', 1),
(880, 'Social Media Marketing', '56', 0, '4', '', 1),
(881, 'Social Security Advice and Consultation', '56', 0, '4', '', 1),
(882, 'Statistical Analysis', '56', 0, '4', '', 1),
(883, 'Tax Preparation', '56', 0, '4', '', 1),
(884, 'Text Message Marketing', '56', 0, '4', '', 1),
(885, 'CNC Machine Service', '57', 0, '4', '', 1),
(887, 'Electroplating', '57', 0, '4', '', 1),
(888, 'Fine Art Consultation', '57', 0, '4', '', 1),
(889, 'Glass Blocks', '57', 0, '4', '', 1),
(890, 'Illustrating', '57,59', 0, '4', '', 1),
(891, 'Music Engraving', '57', 0, '4', '', 1),
(892, 'Plastic Fabrication', '57', 0, '4', '', 1),
(893, 'Sawmilling', '57', 0, '4', '', 1),
(894, '3D Modeling and CAD Services', '59', 0, '4', '', 1),
(895, 'Animation', '59', 0, '4', '', 1),
(896, 'E Commerce', '59', 0, '4', '', 1),
(897, 'Engineering and Technical Design', '59', 0, '4', '', 1),
(898, 'Engineering Design', '59', 0, '4', '', 1),
(899, 'Graphic Design', '59', 0, '4', '', 1),
(900, 'Logo Design', '59', 0, '4', '', 1),
(901, 'Mobile Software Development', '59', 0, '4', '', 1),
(902, 'Presentation Design', '59', 0, '4', '', 1),
(903, 'Print Design', '59', 0, '4', '', 1),
(904, 'Software Development', '59', 0, '4', '', 1),
(905, 'Technical Design', '59', 0, '4', '', 1),
(906, 'UI Design', '59', 0, '4', '', 1),
(907, 'Web Design and Development', '59', 0, '4', '', 1),
(908, 'Attorney', '60', 0, '4', '', 1),
(909, 'Bankruptcy Attorney', '60', 0, '4', '', 1),
(910, 'Civil Attorney', '60', 0, '4', '', 1),
(911, 'Consumer Attorney', '60', 0, '4', '', 1),
(912, 'Contracts Attorney', '60', 0, '4', '', 1),
(913, 'Corporate Law Attorney', '60', 0, '4', '', 1),
(914, 'Court Interpreting', '60', 0, '4', '', 1),
(915, 'Disability Attorney', '60', 0, '4', '', 1),
(916, 'Divorce and Family Law Attorney', '60', 0, '4', '', 1),
(917, 'DUI and Criminal Defense Attorney', '60', 0, '4', '', 1),
(918, 'Estate Attorney', '60', 0, '4', '', 1),
(919, 'Immigration Attorney', '60', 0, '4', '', 1),
(920, 'Intellectual Property Attorney', '60', 0, '4', '', 1),
(921, 'International Law Attorney', '60', 0, '4', '', 1),
(922, 'Labor and Employment Attorney', '60', 0, '4', '', 1),
(923, 'Legal Document Preparation', '60', 0, '4', '', 1),
(924, 'Legal Services', '60', 0, '4', '', 1),
(925, 'Mediation', '60,61', 0, '4', '', 1),
(926, 'Patent Attorney', '60', 0, '4', '', 1),
(927, 'Personal Injury Attorney', '60', 0, '4', '', 1),
(928, 'Process Serving', '60', 0, '4', '', 1),
(929, 'Real Estate Attorney', '60', 0, '4', '', 1),
(930, 'Tax Attorney', '60', 0, '4', '', 1),
(931, 'Traffic Law Attorney', '60', 0, '4', '', 1),
(932, 'Wills and Estate Planning', '60', 0, '4', '', 1),
(933, 'Closet Organizers', '61', 0, '4', '', 1),
(934, 'Genealogy', '61', 0, '4', '', 1),
(935, 'Identity Theft Restoration', '61', 0, '4', '', 1),
(936, 'Marriage Counseling', '61', 0, '4', '', 1),
(937, 'Ongoing Meal Delivery', '61', 0, '4', '', 1),
(938, 'Paranormal Investigation', '61', 0, '4', '', 1),
(939, 'Personal Chef (Ongoing)', '61', 0, '4', '', 1),
(940, 'Private Investigation', '61', 0, '4', '', 1),
(941, 'Psychic Reading', '61', 0, '4', '', 1),
(942, 'Psychic and New Age Services', '61', 0, '4', '', 1),
(943, 'Animal Behavior Modification', '62', 0, '4', '', 1),
(944, 'Dog Training', '62', 0, '4', '', 1),
(945, 'Dog Walking', '62', 0, '4', '', 1),
(946, 'Pet Care', '62', 0, '4', '', 1),
(947, 'Pet Sitting', '62', 0, '4', '', 1),
(948, 'Wildlife Removal', '62', 0, '4', '', 1),
(949, 'test2', '', 0, '1', '', 1),
(950, 'Architectural Photography', '109', 0, '4', '', 1),
(951, 'Real Estate Photography', '109', 0, '4', '', 1),
(952, 'Appliance Repair', '64', 0, '4', '', 1),
(953, 'ATM Repair', '64', 0, '4', '', 1),
(954, 'Coin Operated Machine Repair', '64', 0, '4', '', 1),
(955, 'Computer Repair', '64', 0, '4', '', 1),
(956, 'Copier Repair', '64', 0, '4', '', 1),
(957, 'Data Recovery Service', '64', 0, '4', '', 1),
(958, 'Dishwasher', '64', 0, '4', '', 1),
(959, 'Exercise Equipment Repair', '64', 0, '4', '', 1),
(960, 'Heavy Equipment Repair Services', '64', 0, '4', '', 1),
(961, 'Medical Equipment Repair', '64', 0, '4', '', 1),
(962, 'Network Support', '64', 0, '4', '', 1),
(963, 'Network Support Services', '64', 0, '4', '', 1),
(964, 'Phone or Tablet Repair', '64', 0, '4', '', 1),
(965, 'Play Equipment Repair', '64', 0, '4', '', 1),
(966, 'Point of Sale Repair Services', '64', 0, '4', '', 1),
(967, 'Pressure Washer Repair', '64', 0, '4', '', 1),
(968, 'Printer and Copier Repair', '64', 0, '4', '', 1),
(969, 'Printer Repair', '64', 0, '4', '', 1),
(970, 'Telephone System Services', '64', 0, '4', '', 1),
(971, 'Vacuum Cleaner Repair', '64', 0, '4', '', 1),
(973, 'Arabic Translation', '65', 0, '4', '', 1),
(974, 'Cantonese Translation', '65', 0, '4', '', 1),
(975, 'Chinese Translation', '65', 0, '4', '', 1),
(976, 'Czech Translation', '65', 0, '4', '', 1),
(977, 'Danish Translation', '65', 0, '4', '', 1),
(978, 'Dutch Translation', '65', 0, '4', '', 1),
(979, 'Editing', '65', 0, '4', '', 1),
(980, 'Farsi Translation', '65', 0, '4', '', 1),
(981, 'French Translation', '65', 0, '4', '', 1),
(982, 'German Translation', '65', 0, '4', '', 1),
(983, 'Greek Translation', '65', 0, '4', '', 1),
(984, 'Hebrew Translation', '65', 0, '4', '', 1);
INSERT INTO `industry` (`id`, `name`, `parent_id`, `logo`, `types`, `is_used_form`, `status`) VALUES
(985, 'Hindi Translation', '65', 0, '4', '', 1),
(986, 'Indonesian Translation', '65', 0, '4', '', 1),
(987, 'Italian Translation', '65', 0, '4', '', 1),
(988, 'Japanese Translation', '65', 0, '4', '', 1),
(989, 'Korean Translation', '65', 0, '4', '', 1),
(990, 'Latin Translation', '65', 0, '4', '', 1),
(991, 'Mandarin Translation', '65', 0, '4', '', 1),
(992, 'Medical Transcription', '65', 0, '4', '', 1),
(993, 'Norwegian Translation', '65', 0, '4', '', 1),
(994, 'Polish Translation', '65', 0, '4', '', 1),
(995, 'Portuguese Translation', '65', 0, '4', '', 1),
(996, 'Resume Writing', '65', 0, '4', '', 1),
(997, 'Romanian Translation', '65', 0, '4', '', 1),
(998, 'Russian Translation', '65', 0, '4', '', 1),
(999, 'Sanskrit Translation', '65', 0, '4', '', 1),
(1000, 'Somali Translation', '65', 0, '4', '', 1),
(1001, 'Spanish Translation', '65', 0, '4', '', 1),
(1002, 'Swahili Translation', '65', 0, '4', '', 1),
(1003, 'Swedish Translation', '65', 0, '4', '', 1),
(1004, 'Tagalog Translation', '65', 0, '4', '', 1),
(1005, 'Thai Translation', '65', 0, '4', '', 1),
(1006, 'Transcription', '65', 0, '4', '', 1),
(1007, 'Translation', '65', 0, '4', '', 1),
(1008, 'Turkish Translation', '65', 0, '4', '', 1),
(1009, 'Vietnamese Translation', '65', 0, '4', '', 1),
(1010, 'Web Content Writing', '65', 0, '4', '', 1),
(1011, 'Welsh Translation', '65', 0, '4', '', 1),
(1012, 'Writing Services', '65', 0, '4', '', 1),
(1013, 'test445544_long', '', 0, '8', '', 1),
(1014, 'Test 123', '', 0, '8', '', 1),
(1015, 'Test 1234', '', 0, '8', '', 1),
(1016, 'test12', '', 0, '8', '', 1),
(1017, 'Test 11', '', 0, '8', '', 1),
(1018, 'Angelica Test', '', 0, '8', '', 1);

-- --------------------------------------------------------

--
-- Table structure for table `industry_form`
--

CREATE TABLE `industry_form` (
  `form_id` int(11) NOT NULL,
  `form_uuid` text NOT NULL,
  `industry_id` int(11) NOT NULL,
  `form_name` varchar(132) NOT NULL,
  `auto_send_verify_email` int(11) DEFAULT NULL,
  `auto_send_verify_cell` int(11) DEFAULT NULL,
  `is_default_industry_form` int(11) DEFAULT NULL,
  `all_industry_id` text,
  `language_id` varchar(11) NOT NULL,
  `steps_id` text NOT NULL,
  `affilate_id` text NOT NULL,
  `signup_url` text NOT NULL,
  `is_address_form` enum('1','0') NOT NULL COMMENT '1 = visible , 0 = hidden',
  `is_contact_form` enum('1','0') NOT NULL COMMENT '1 = visible , 0 = hidden',
  `admin_form_notes` text NOT NULL,
  `status` int(11) NOT NULL,
  `time` int(11) NOT NULL
) ENGINE=InnoDB DEFAULT CHARSET=latin1;

--
-- Dumping data for table `industry_form`
--

INSERT INTO `industry_form` (`form_id`, `form_uuid`, `industry_id`, `form_name`, `auto_send_verify_email`, `auto_send_verify_cell`, `is_default_industry_form`, `all_industry_id`, `language_id`, `steps_id`, `affilate_id`, `signup_url`, `is_address_form`, `is_contact_form`, `admin_form_notes`, `status`, `time`) VALUES
(1, 'frm-682f0f4726ee', 1014, 'TEST TEST   OLD3', 1, NULL, 1, NULL, '1', '1ff2e572d573,07d86cdaf54c,f6c688e08abd', '', '', '1', '1', '', 1, 1491646680),
(2, 'frm-9f5051c77ee8', 1015, 'TEST TEST   OLD4', NULL, NULL, NULL, NULL, '1', 'e2cfae6aad7d,3979699bf11f,8559ade57d42,07d86cdaf54c,3551411b2419,0f00ba42c919,5235e1130f4f', '', '', '1', '1', '', 1, 1491648814),
(3, 'frm-51e74d45ae99', 566, 'Default Form', NULL, NULL, NULL, NULL, '1', '5354f0b107ac,0f64c0f7c580,5020caddbcce,684da071979f,d0be1fe26898,b0afe7129cdb,7b99fb08fd96,bd0a0b11c91a,620b79fa53b9,3551411b2419,c92c82f7854b,9a82a7fed6ef', '', '', '1', '1', '', 1, 1491654198),
(4, 'frm-a1ec3a6d5eb1', 949, 'TEST TEST   OLD2', NULL, NULL, NULL, NULL, '1', 'bea453e18246,3979699bf11f,20766d7c955e', '', '', '1', '1', '', 1, 1491894165),
(5, 'frm-512b78c11d34', 1017, 'TEST TEST   OLD1', NULL, NULL, 1, '14', '1', '60b99c3c95a6,07d86cdaf54c,1ff2e572d573,3551411b2419,c92c82f7854b,9a82a7fed6ef,5235e1130f4f', '', '', '1', '1', '', 1, 1491974754),
(6, 'frm-c043df14eabb', 30, 'DJ', NULL, NULL, 1, NULL, '1', '9ec895d6f615,306cfdaf8db5,b09dbd94fe53,6f2fd5c33edb,854790d1c499,f8ec65cbd0f6,d74406a3d6f8,709c4d447448,31b881ef088b,8559ade57d42,7b99fb08fd96,43f48944bb66', '', '', '1', '1', '', 1, 1493980794),
(7, 'frm-69ed5d1f9ef9', 48, 'Belly Dancing', NULL, NULL, NULL, NULL, '1', '9ec895d6f615,b09dbd94fe53,bea453e18246,620b79fa53b9,7b99fb08fd96,43f48944bb66', '', '', '1', '1', '', 1, 1493985403),
(8, 'frm-7459205c0ad3', 50, 'Charter Bus Rental ', NULL, NULL, 1, NULL, '1', '5df23dac3f1e,90b1374b4f48,582f163ce204,377dae646db5,e28925bbadaa,706ae46c5b59,620b79fa53b9,7b99fb08fd96,43f48944bb66', '', '', '1', '1', '', 1, 1493986735),
(9, 'frm-7e46b9b77fee', 51, 'Limousine and Chauffeur Services', NULL, NULL, 1, NULL, '1', '5df23dac3f1e,968c3f10a3b9,bea453e18246,90b1374b4f48,7d9148cf55eb,d787e449f1bb,706ae46c5b59,620b79fa53b9,7b99fb08fd96,43f48944bb66', '', '', '1', '1', '', 1, 1493986949),
(10, 'frm-6c2a9daa1154', 67, 'Entertainment', NULL, NULL, NULL, NULL, '1', 'cbc993257555,9ec895d6f615,bea453e18246,0fd40e025db5,620b79fa53b9,7b99fb08fd96,760e5681e0b1', '', '', '1', '1', '', 1, 1494238081),
(11, 'frm-7c7b58edc4ee', 52, 'Party bus rental', NULL, NULL, NULL, NULL, '1', '9ec895d6f615,90b1374b4f48,582f163ce204,e28925bbadaa,706ae46c5b59,620b79fa53b9,7b99fb08fd96,43f48944bb66', '', '', '1', '1', '', 1, 1494238639),
(12, 'frm-f1191ce47781', 68, 'Fortune Teller', NULL, NULL, NULL, NULL, '1', '9ec895d6f615,306cfdaf8db5,b09dbd94fe53,620b79fa53b9,7b99fb08fd96,760e5681e0b1', '', '', '1', '1', '', 1, 1494239035),
(13, 'frm-79882afec07f', 69, 'Palm Reading', NULL, NULL, NULL, NULL, '1', '9ec895d6f615,b66834f1c36b,306cfdaf8db5,b09dbd94fe53,620b79fa53b9,7b99fb08fd96,43f48944bb66', '', '', '1', '1', '', 1, 1494242157),
(14, 'frm-c60d4e49bea9', 70, 'Tarot Card Reader Entertainment', NULL, NULL, NULL, NULL, '1', '9ec895d6f615,debd46659a8b,306cfdaf8db5,b09dbd94fe53,620b79fa53b9,7b99fb08fd96,43f48944bb66', '', '', '1', '1', '', 1, 1494242910),
(15, 'frm-15c5c74073be', 72, 'Astrology Reading', NULL, NULL, NULL, NULL, '1', '9c48c1efdc48,0e5491148bfb,760ea78f59ce,beb073196bea,a7785567978b,a220142eff47,43f48944bb66', '', '', '1', '1', 'Cannot save text box for question #no option.', 1, 1494318375),
(16, 'frm-3e48b04a2098', 73, 'Balloon Artist', NULL, NULL, NULL, NULL, '1', '306cfdaf8db5,173e622a634f,234d323fd121,9ec895d6f615,0fd40e025db5,5020caddbcce,854790d1c499,5b8333fecb13,53ba07ecd2e6,546748008c17,43f48944bb66', '', '', '1', '1', '', 1, 1494319388),
(17, 'frm-4161d06b691c', 74, 'Body painting', NULL, NULL, NULL, NULL, '1', '9ec895d6f615,1486155aae61,0fd40e025db5,8a2c850fa18c,e98f9851bac2,5f427b7afe7e,43f48944bb66', '', '', '1', '1', '', 1, 1494406849),
(18, 'frm-9d51262e8a41', 75, 'Caricaturing', NULL, NULL, NULL, NULL, '1', '306cfdaf8db5,9ec895d6f615,53ba07ecd2e6,8559ade57d42,7b99fb08fd96,43f48944bb66', '', '', '1', '1', '', 1, 1494407071),
(19, 'frm-570d50528a43', 76, 'Event Florist', NULL, NULL, NULL, NULL, '1', '9ec895d6f615,0fd40e025db5,f98f4213eeee,26b775323c1f,306cfdaf8db5,c3d9b03434d9,70efe53b4276,a7785567978b,8559ade57d42,7b99fb08fd96,43f48944bb66', '', '', '1', '1', '', 1, 1494407371),
(20, 'frm-e37f6abc57ef', 77, 'Event Security Services', NULL, NULL, NULL, NULL, '1', '96c4fa567bfb,d0a5da21d550,306cfdaf8db5,2c1c918c57af,71be449e23dc,d2149e9fe41b,02f432d0caa3,3ca112a37994,0b89c8e27f82,8559ade57d42,5f427b7afe7e,43f48944bb66', '', '', '1', '1', '', 1, 1494408097),
(21, 'frm-95ddf1cb635a', 78, 'Face Painting (No_Budget)', NULL, NULL, NULL, NULL, '1', '3999bd44169f,234d323fd121,173e622a634f,0fd40e025db5,3bed415a7ed0,518dd692d87e,8559ade57d42,7b99fb08fd96,43f48944bb66', '', '', '1', '1', '', 1, 1494408886),
(22, 'frm-dbb4bb0c9821', 79, 'Henna Tattooing', NULL, NULL, NULL, NULL, '1', 'e17b6a0206ec,0fd40e025db5,9ec611bef830,d75e85cadf8e,234d323fd121,53ba07ecd2e6,a7785567978b,8559ade57d42,7b99fb08fd96,43f48944bb66', '', '', '1', '1', '', 1, 1494409128),
(23, 'frm-30d5492d000c', 80, 'Laser Show Entertainment (No_Budget)', NULL, NULL, NULL, NULL, '1', '9ec895d6f615,0fd40e025db5,306cfdaf8db5,f550a9a24a55,8559ade57d42,7b99fb08fd96,43f48944bb66', '', '', '1', '1', '', 1, 1494411903),
(24, 'frm-176b76a9f2ae', 81, 'Palm Reading', NULL, NULL, NULL, NULL, '1', 'd23c7115f5ea,b66834f1c36b,beb073196bea,9c48c1efdc48,a7785567978b,a220142eff47,43f48944bb66', '', '', '1', '1', '', 1, 1494412228),
(25, 'frm-1a40b44a9dd4', 82, 'Portrait Artistry', NULL, NULL, NULL, NULL, '1', 'd01bb5c291a4,5fa97c83c2fb,cd16cf9b2589,cbbb7261300f,a220142eff47,43f48944bb66', '', '', '1', '1', '', 1, 1494412411),
(26, 'frm-55d0d41898e3', 83, 'Puppet show entertainment (No_Budget)', NULL, NULL, NULL, NULL, '1', '9ec895d6f615,306cfdaf8db5,246ac70ed6db,8559ade57d42,7b99fb08fd96,43f48944bb66', '', '', '1', '1', '', 1, 1494412515),
(27, 'frm-53117f8ced8b', 84, 'Scrapbooking', NULL, NULL, NULL, NULL, '1', '518e7870033b,1321cd642324,db03a58feb20,a7785567978b,a220142eff47,43f48944bb66', '', '', '1', '1', '', 1, 1494412619),
(28, 'frm-71d5928b8186', 85, 'Tarot Card Reading', NULL, NULL, NULL, NULL, '1', '81d41f1cb817,debd46659a8b,a7785567978b,a220142eff47,43f48944bb66', '', '', '1', '1', '', 1, 1494412699),
(29, 'frm-2b49212d9857', 86, 'Temporary Tattoo Artistry', NULL, NULL, NULL, NULL, '1', '173e622a634f,306cfdaf8db5,234d323fd121,8559ade57d42,7b99fb08fd96,43f48944bb66', '', '', '1', '1', '', 1, 1494412822),
(30, 'frm-294d79e1a3bf', 87, 'Valet Parking', NULL, NULL, NULL, NULL, '1', '306cfdaf8db5,d37ee2ece0e0,cf32aebf18ba,a220142eff47,43f48944bb66', '', '', '1', '1', '', 1, 1494412943),
(31, 'frm-cce730218a20', 89, 'Bartending', NULL, NULL, NULL, NULL, '1', '306cfdaf8db5,583512809d1f,362223b04ec7,23e06f3cc035,342381a8ff6c,bd3689903963,1e3b51eedefc,78fa0d6dc538,1907eaf9dfb0,8559ade57d42,7b99fb08fd96,43f48944bb66', '', '', '1', '1', '', 1, 1494494530),
(32, 'frm-8fc0c6a8473b', 90, 'Event Bouncer Services', NULL, NULL, NULL, NULL, '1', '96c4fa567bfb,d0a5da21d550,306cfdaf8db5,2c1c918c57af,71be449e23dc,3ca112a37994,8559ade57d42,7b99fb08fd96,43f48944bb66', '', '', '1', '1', '', 1, 1494494965),
(33, 'frm-a51759dc9ec2', 91, 'Event Help and Wait Staff', NULL, NULL, NULL, NULL, '1', '583512809d1f,306cfdaf8db5,f278c6776ff4,f5d36cd0a8f0,45dfe1849762,8559ade57d42,7b99fb08fd96,43f48944bb66', '', '', '1', '1', '', 1, 1494495080),
(34, 'frm-06ca2166833a', 92, 'Sommelier Services', NULL, NULL, NULL, NULL, '1', 'b70982b5bc2a,7b12579c330d,5544ca2803eb,7741b75d5c70,8559ade57d42,7b99fb08fd96,43f48944bb66', '', '', '1', '1', '', 1, 1494495278),
(35, 'frm-cdccaaa451f2', 94, 'Audio Recording (No_Budget)', NULL, NULL, NULL, NULL, '1', '8889f5715ed6,2e0fa0779ae6,6ad792cbee85,ec087974deec,fe5b40fd87c3,0480d6c615cc,375d85a3337a,bb504660ac27,a7785567978b,a220142eff47,43f48944bb66', '', '', '1', '1', '', 1, 1494495482),
(36, 'frm-a156fd8d4fb1', 96, 'Barbecue and Grill Services', NULL, NULL, NULL, NULL, '1', '50f7b1bacf5d,455d4f983dc6,e80e61cbe264,a220142eff47,43f48944bb66', '', '', '1', '1', '', 1, 1494496600),
(37, 'frm-aec47364d09a', 97, 'Candy Buffet Services (No_Budget)', NULL, NULL, NULL, NULL, '1', '583512809d1f,0fd40e025db5,52fafcafa56c,306cfdaf8db5,20679209b260,8559ade57d42,7b99fb08fd96,43f48944bb66', '', '', '1', '1', '', 1, 1494497494),
(38, 'frm-4b8c1eb178aa', 98, 'Chocolate Fountain Rental', NULL, NULL, NULL, NULL, '1', '583512809d1f,72df4fb8f1ed,306cfdaf8db5,db311d127201,45146a62d70f,8559ade57d42,7b99fb08fd96,43f48944bb66', '', '', '1', '1', '', 1, 1494497960),
(39, 'frm-a81e038404b7', 99, 'Event Catering (No_Budget)', NULL, NULL, NULL, NULL, '1', '9ec895d6f615,b7eacd0c3480,44774e65a795,9062c067834e,d2e790125784,e92b5bc82124,15ab3678cc06,33fee4c6a987,fc7cc2501ea0,21487df64fe8,79acbe73987e,306cfdaf8db5,30bfc0a797d3,929a44d268c3,53ba07ecd2e6,8559ade57d42,7b99fb08fd96,43f48944bb66', '', '', '1', '1', '', 1, 1494501950),
(40, 'frm-bc1ed465c798', 100, 'Food Truck or Cart Services (No_Budget)', NULL, NULL, NULL, NULL, '1', '306cfdaf8db5,9ec895d6f615,06a84953e242,33bf5bcda5d5,f8ec65cbd0f6,6864594a0203,8559ade57d42,7b99fb08fd96,43f48944bb66', '', '', '1', '1', '', 1, 1494502555),
(41, 'frm-c0906352274a', 101, 'Ice Cream Cart Rental', NULL, NULL, NULL, NULL, '1', '9ec895d6f615,306cfdaf8db5,1baea8c0080d,1d79c9122d76,5195a7785883,45146a62d70f,8559ade57d42,7b99fb08fd96,43f48944bb66', '', '', '1', '1', '', 1, 1494503456),
(42, 'frm-58d20c87ce1e', 3, 'Pastry Chef and Cake Making Services', NULL, NULL, NULL, NULL, '1', '52ad03147ea9,201dea2d0eb3,9ec895d6f615,437bd709dac0,15015ef09d7b,53ba07ecd2e6,a7785567978b,a220142eff47,43f48944bb66', '', '', '1', '1', '', 1, 1494504629),
(43, 'frm-cca9424304ad', 939, 'Personal Chef (No_Budget)', NULL, NULL, NULL, NULL, '1', 'ece6fc4a91a6,b7eacd0c3480,44774e65a795,e92b5bc82124,d2e790125784,15ab3678cc06,f3d24ef138b5,79acbe73987e,7b12579c330d,a7785567978b,8559ade57d42,7b99fb08fd96,43f48944bb66', '', '', '1', '1', '', 1, 1494505143),
(44, 'frm-c0657d1facfe', 2, 'Popcorn Machine Rental', NULL, NULL, NULL, NULL, '1', '9ec895d6f615,306cfdaf8db5,17303711c0fb,7770743ecfb8,45146a62d70f,8559ade57d42,7b99fb08fd96,43f48944bb66', '', '', '1', '1', '', 1, 1494506796),
(45, 'frm-847a09da6587', 461, 'BRanch Test', NULL, NULL, NULL, NULL, '1', '5354f0b107ac,43f48944bb66,b93deb934151', '', '', '1', '1', '', 1, 1494514165),
(46, 'frm-0822fe2c3f3e', 457, 'Branch Test3 (DropDown)  (gerrard)', NULL, NULL, NULL, NULL, '1', 'ccf68a9d85bd,c071d09b181e,ceed62a13039,a220142eff47,70720cfc61fe,a950a976aed0', '', '', '1', '1', '', 1, 1494521473),
(47, 'frm-9696f9c9a32d', 18, 'Wedding dress alterations', NULL, NULL, NULL, NULL, '1', '65eb9f672a7a,5a6fa9ead195,9bf99f747094,8d3163040e6c,a7785567978b,a220142eff47,43f48944bb66', '', '', '1', '1', 'Question 2 needs pictures.', 1, 1494523115),
(48, 'frm-5573c132dc85', 4, 'Wine Tastings and Tours', NULL, NULL, NULL, NULL, '1', '8287433b2a99,9c627bd7ba6b,9c48c1efdc48,a7785567978b,a220142eff47,43f48944bb66', '', '', '1', '1', '', 1, 1494573484),
(49, 'frm-da4009e1234a', 5, 'Alterations', NULL, NULL, NULL, NULL, '1', 'b99b2384d19d,1f3f08824649,44404200f6ac,70efe53b4276,a7785567978b,a220142eff47,43f48944bb66', '', '', '1', '1', '', 1, 1494577425),
(50, 'frm-12de44d2894b', 6, 'Bridesmaid Dress Alterations', NULL, NULL, NULL, NULL, '1', '6328b09413ad,274de67ead84,5a6fa9ead195,8d3163040e6c,a7785567978b,a220142eff47,43f48944bb66', '', '', '1', '1', '', 1, 1494578584),
(51, 'frm-b240218aad1b', 1013, 'Test345', NULL, NULL, NULL, NULL, '1', '048fbdeeef6b,5e2d9981773b', '', '', '1', '1', '', 1, 1494579592),
(52, 'frm-0dd390d957a5', 1016, 'test12_new copy', NULL, NULL, NULL, NULL, '1', '5e2d9981773b', '', '', '1', '1', '', 1, 1494582160),
(53, 'frm-3f69109540d8', 9, 'Crocheting', NULL, NULL, NULL, NULL, '1', '39de4e3f57d1,7501ff50b73b,a7785567978b,a220142eff47,43f48944bb66', '', '', '1', '1', '', 1, 1494582912),
(54, 'frm-b171324c3506', 10, 'Custom Airbrushing', NULL, NULL, NULL, NULL, '1', '3979699bf11f,67136bdbafa6,af144ddb9f17,3bb792dad749,85e845eebe44,a7785567978b,a220142eff47,43f48944bb66', '', '', '1', '1', '', 1, 1494584031),
(55, 'frm-21681d0cfe88', 11, 'Custom Clothes Design', NULL, NULL, NULL, NULL, '1', 'b5c7469c62e1,63a09a91f489,e7692c03c50b,1a345b8aea9c,70efe53b4276,a7785567978b,a220142eff47,43f48944bb66', '', '', '1', '1', '', 1, 1494585817),
(56, 'frm-4b7bf0d1d86d', 12, 'Custom Jewlery', NULL, NULL, NULL, NULL, '1', '6732a90ce8e1,a54cd2d91b24,ee19c195ce3a,70efe53b4276,a7785567978b,a220142eff47,43f48944bb66', '', '', '1', '1', '', 1, 1494586166),
(57, 'frm-599b8b9cbc1e', 13, 'Custom Tailor', NULL, NULL, NULL, NULL, '1', 'b5c7469c62e1,5e2d9981773b,9822c0f0b427,a753383fe876,a7785567978b,a220142eff47,43f48944bb66', '', '', '1', '1', '', 1, 1494588138),
(58, 'frm-4e16e44fb056', 14, 'Embroidery', NULL, NULL, NULL, NULL, '1', 'a80dcd8808f4,326c023c5362,fed97398ecf9,70efe53b4276,a7785567978b,a220142eff47,43f48944bb66', '', '', '1', '1', '', 1, 1494589110),
(59, 'frm-dcc09e6b516e', 15, 'Quilting', NULL, NULL, NULL, NULL, '1', '547211a54089,4b378a395e1c,a7785567978b,a220142eff47,43f48944bb66', '', '', '1', '1', '', 1, 1494589603),
(60, 'frm-32b576df75c3', 16, 'Songwriting', NULL, NULL, NULL, NULL, '1', '2e782176d7de,6f2fd5c33edb,a7785567978b,a220142eff47,43f48944bb66', '', '', '1', '1', '', 1, 1494589932),
(61, 'frm-938031845c22', 17, 'Wardrobe Consultant ', NULL, NULL, NULL, NULL, '1', 'f6f53d15da30,f87291f43ae4,dbd72267e8d4,a916b2628a45,d788b026a440,70efe53b4276,a7785567978b,a220142eff47,43f48944bb66', '', '', '1', '1', '', 1, 1494590091),
(62, 'frm-6b6ca5611b2e', 418, 'Branch Test2  (gerrard)', NULL, NULL, NULL, NULL, '1', '69c2d2281193,4eed5cfa8eca,5354f0b107ac,7a8a7dffbdee,b93deb934151,314b4a58ac32,4127aed0fb96,6360df927c3d,a220142eff47,70720cfc61fe,a950a976aed0,3c10d22a9acd', '', '', '1', '1', '', 1, 1494682887),
(63, 'frm-98fa5b7cb98c', 1016, 'test12_new copy', NULL, NULL, NULL, NULL, '1', '5e2d9981773b', '', '', '1', '1', '', 1, 1494684650),
(64, 'frm-0e2741e4d996', 19, 'Wedding and Event Hair Styling', NULL, NULL, NULL, NULL, '1', '173e622a634f,82777f4fd33a,89d1d6655901,96eb385d82e6,065aa975c347,5e1b907963e5,8374cb5ccd15,31b881ef088b,70efe53b4276,a7785567978b,a220142eff47,43f48944bb66', '', '', '1', '1', 'Question 9 needs photo in yes questions as text box.', 1, 1494841909),
(65, 'frm-1e1158ae846e', 20, 'Wedding and Event Makeup', NULL, NULL, NULL, NULL, '1', '173e622a634f,89d1d6655901,85f56364cf66,5b15beb6d389,a6c6b26640f1,82777f4fd33a,31b881ef088b,70efe53b4276,a7785567978b,5f427b7afe7e,43f48944bb66', '', '', '1', '1', 'Question 4 must have pictures with the description.', 1, 1494843068),
(66, 'frm-81be6eebdb72', 22, 'Band Entertainment', NULL, NULL, NULL, NULL, '1', '41aa0dad5524,306cfdaf8db5,7da2b81e4d97,0b2281e0f98d,977b3e5ac899,f04ecf17be44,59f8b430b037,6398dfd85e0d,f7b3fb1e2477,21487df64fe8,854790d1c499,a1aaea7122dd,31b881ef088b,5f427b7afe7e,43f48944bb66', '', '', '1', '1', 'Question 5 and 10 do you not fit one one page.', 1, 1494845211),
(67, 'frm-2ce5798dcd22', 29, 'Broadway Singer', NULL, NULL, NULL, NULL, '1', '173e622a634f,306cfdaf8db5,7da2b81e4d97,a98537b3c868,0b2281e0f98d,13128c120b7c,31b881ef088b,8559ade57d42,7b99fb08fd96,43f48944bb66', '', '', '1', '1', '', 1, 1494845911),
(68, 'frm-b77ff377ff12', 31, 'Music Duo Entertainment', NULL, NULL, NULL, NULL, '1', '9ec895d6f615,306cfdaf8db5,b09dbd94fe53,5b8333fecb13,a3b9c72798a4,a98537b3c868,59f8b430b037,f7b3fb1e2477,21487df64fe8,854790d1c499,a1aaea7122dd,31b881ef088b,b46ccd8e8ce2,63a6ce430551,620b79fa53b9,7b99fb08fd96,43f48944bb66', '', '', '1', '1', '', 1, 1494847224),
(69, 'frm-30db2754d750', 32, 'Pianist', NULL, NULL, NULL, NULL, '1', '41aa0dad5524,306cfdaf8db5,b09dbd94fe53,5b8333fecb13,8a0c2caa0e67,a98537b3c868,59f8b430b037,e0a871ba4ca7,13128c120b7c,31b881ef088b,620b79fa53b9,7b99fb08fd96,43f48944bb66', '', '', '1', '1', '', 1, 1494847475),
(70, 'frm-b258fc2d0bff', 33, 'Singers', NULL, NULL, NULL, NULL, '1', '41aa0dad5524,306cfdaf8db5,b09dbd94fe53,5b8333fecb13,bfb2f8aae0d4,f04ecf17be44,59f8b430b037,36aba0e64569,a3b9c72798a4,f7b3fb1e2477,21487df64fe8,854790d1c499,a1aaea7122dd,b46ccd8e8ce2,31b881ef088b,8559ade57d42,7b99fb08fd96,43f48944bb66', '', '', '1', '1', '', 1, 1494924127),
(71, 'frm-520872f77d77', 34, 'Solo musician entertainment', NULL, NULL, NULL, NULL, '1', '306cfdaf8db5,b09dbd94fe53,41aa0dad5524,5b8333fecb13,8a0c2caa0e67,2f013d7a07db,59f8b430b037,36aba0e64569,a3b9c72798a4,f7b3fb1e2477,21487df64fe8,854790d1c499,a1aaea7122dd,13128c120b7c,63a6ce430551,8559ade57d42,7b99fb08fd96,43f48944bb66', '', '', '1', '1', '*Question 6 requires photos in the headings.', 1, 1494924717),
(72, 'frm-872b84e2cb96', 36, 'String Quartet Entertainment', NULL, NULL, NULL, NULL, '1', '9ec895d6f615,306cfdaf8db5,b09dbd94fe53,5b8333fecb13,a3b9c72798a4,f04ecf17be44,59f8b430b037,f7b3fb1e2477,21487df64fe8,854790d1c499,a1aaea7122dd,7b8855198ac1,63a6ce430551,8559ade57d42,7b99fb08fd96,43f48944bb66', '', '', '1', '1', '', 1, 1494925055),
(73, 'frm-b7484d7e1a45', 37, 'Vocal Ensemble', NULL, NULL, NULL, NULL, '1', '41aa0dad5524,306cfdaf8db5,b09dbd94fe53,5b8333fecb13,8a0c2caa0e67,f04ecf17be44,59f8b430b037,36aba0e64569,a3b9c72798a4,f7b3fb1e2477,21487df64fe8,854790d1c499,a1aaea7122dd,13128c120b7c,63a6ce430551,8559ade57d42,7b99fb08fd96,43f48944bb66', '', '', '1', '1', '', 1, 1494926037),
(74, 'frm-a131e76178fe', 38, 'Wedding Ceremony Music', NULL, NULL, NULL, NULL, '1', '306cfdaf8db5,b09dbd94fe53,5b8333fecb13,8a0c2caa0e67,2f013d7a07db,59f8b430b037,a3b9c72798a4,854790d1c499,a1aaea7122dd,13128c120b7c,63a6ce430551,8559ade57d42,7b99fb08fd96,43f48944bb66', '', '', '1', '1', '', 1, 1494926459),
(75, 'frm-c751c401726b', 39, 'Wedding Singer', NULL, NULL, NULL, NULL, '1', '306cfdaf8db5,b09dbd94fe53,5b8333fecb13,bfb2f8aae0d4,f04ecf17be44,59f8b430b037,36aba0e64569,a3b9c72798a4,854790d1c499,a1aaea7122dd,13128c120b7c,63a6ce430551,8559ade57d42,7b99fb08fd96,43f48944bb66', '', '', '1', '1', '', 1, 1494926675),
(76, 'frm-92c4bdcfb460', 41, 'Wedding String Quartet', NULL, NULL, NULL, NULL, '1', 'dc13a4571d3a,306cfdaf8db5,b09dbd94fe53,5b8333fecb13,1f71fcb2d7a4,63a6ce430551,8559ade57d42,7b99fb08fd96,43f48944bb66', '', '', '1', '1', '', 1, 1494927235),
(77, 'frm-39e3917a7bee', 43, 'AV Equipment Rental for Events', NULL, NULL, NULL, NULL, '1', '96c4fa567bfb,854790d1c499,306cfdaf8db5,b588d4f397a2,4e5a4163843a,553a0c19b336,3b9aa466cc08,8559ade57d42,7b99fb08fd96,43f48944bb66', '', '', '1', '1', '', 1, 1494927796),
(78, 'frm-9612a475aa4f', 44, 'AV Equipment Rental for Weddings', NULL, NULL, NULL, NULL, '1', 'c6800747fef8,854790d1c499,b588d4f397a2,4e5a4163843a,553a0c19b336,3b9aa466cc08,306cfdaf8db5,8559ade57d42,7b99fb08fd96,43f48944bb66', '', '', '1', '1', '', 1, 1494928633),
(79, 'frm-74940a3bd360', 45, 'Audio Equipment Rental for Events', NULL, NULL, NULL, NULL, '1', '9ec895d6f615,854790d1c499,4e5a4163843a,3b9aa466cc08,8559ade57d42,7b99fb08fd96,43f48944bb66', '', '', '1', '1', '', 1, 1494928832),
(80, 'frm-ba6672a86322', 46, 'Bounce House and Inflatables Rental', NULL, NULL, NULL, NULL, '1', '9ec895d6f615,854790d1c499,306cfdaf8db5,234d323fd121,a0bd24ed69c9,ba7d72f1c248,7fc4abef9525,5d100dd94fb4,8559ade57d42,7b99fb08fd96,43f48944bb66', '', '', '1', '1', '*Question 5 require pictures in the headings.', 1, 1494929406),
(81, 'frm-67eef856c824', 102, 'Casino Games Rentals', NULL, NULL, NULL, NULL, '1', 'ee212f47c5c3,306cfdaf8db5,854790d1c499,d34727625fbe,db85e031541e,8559ade57d42,7b99fb08fd96,43f48944bb66', '', '', '1', '1', '', 1, 1494929587),
(82, 'frm-9c9ae771401d', 103, 'Dunk Tank Rental Services', NULL, NULL, NULL, NULL, '1', '9ec895d6f615,bad7b578fb97,cb62fb7ce369,de23b5eea20f,8559ade57d42,7b99fb08fd96,43f48944bb66', '', '', '1', '1', '', 1, 1494930318),
(83, 'frm-a89541c85614', 104, 'Karaoke Machine Rental', NULL, NULL, NULL, NULL, '1', '306cfdaf8db5,b09dbd94fe53,9ec895d6f615,6f2fd5c33edb,816887378872,13128c120b7c,8559ade57d42,7b99fb08fd96,43f48944bb66', '', '', '1', '1', '', 1, 1494931007),
(84, 'frm-f53c13ba7386', 105, 'Lighting Equipment Rental for Events', NULL, NULL, NULL, NULL, '1', '173e622a634f,854790d1c499,b588d4f397a2,a50995e5930c,8559ade57d42,7b99fb08fd96,43f48944bb66', '', '', '1', '1', '', 1, 1494931395),
(85, 'frm-7c42b2ce1d25', 106, 'Photo Booth Rental', NULL, NULL, NULL, NULL, '1', '9ec895d6f615,854790d1c499,a80fae337558,e168b5b6e99e,71234880a5df,306cfdaf8db5,b09dbd94fe53,d4587fa78477,8559ade57d42,7b99fb08fd96,43f48944bb66', '', '', '1', '1', '*Question 3 requires photos in the headings.', 1, 1494932059),
(86, 'frm-ac92588e127c', 107, 'Video Booth Rental', NULL, NULL, NULL, NULL, '1', '9ec895d6f615,854790d1c499,a80fae337558,16a2f75f351f', '', '', '1', '1', '', 1, 1494932430),
(87, 'frm-8204e2a5c506', 1018, 'Angelica Test ', NULL, NULL, NULL, NULL, '1', '1058af663f58', '', '', '1', '1', '', 1, 1495012491),
(88, 'frm-fb527279e395', 108, 'Video Equipment Rental for Events', NULL, NULL, NULL, NULL, '1', '9ec895d6f615,854790d1c499,553a0c19b336,a50995e5930c,8559ade57d42,7b99fb08fd96,43f48944bb66', '', '', '1', '1', '', 1, 1495013341),
(89, 'frm-aab2fbc94240', 110, 'Aerial Photography', NULL, NULL, NULL, NULL, '1', '32e7c1b4c0f8,2ac9a4fe1cfd,e1c5cb9a4da9,e07d1ba943a7,febf27eb569f,e008a45451ab,64d332962c84,a220142eff47,43f48944bb66', '', '', '1', '1', 'Kite', 1, 1495014432),
(90, 'frm-4edab07baccc', 111, 'Boudoir Photography', NULL, NULL, NULL, NULL, '1', '812e855531ec,7ae01fab9bb2,e008a45451ab,febf27eb569f,aa2ee28ea048,17d54b073c0b,ae0479c90319,a7785567978b,a220142eff47,43f48944bb66', '', '', '1', '1', '', 1, 1495015701),
(91, 'frm-732469efd8f6', 112, 'Commercial Photography', NULL, NULL, NULL, NULL, '1', '812e855531ec,daa751d99436,2cfb1633b06a,809a81c96c11,febf27eb569f,e008a45451ab,64d332962c84,70efe53b4276,a7785567978b,a220142eff47,43f48944bb66', '', '', '1', '1', '', 1, 1495016652),
(92, 'frm-b288a4fbfc65', 113, 'Engagement Photography', NULL, NULL, NULL, NULL, '1', 'ad51cfb7b925,854790d1c499,6e44a4116d21,e008a45451ab,febf27eb569f,dd0fcb9916cc,7aba4696d33c,70efe53b4276,a7785567978b,a220142eff47,43f48944bb66', '', '', '1', '1', '*Question 1 requires pictures in the headings.', 1, 1495017444),
(93, 'frm-43c9d976575e', 114, 'Event Photography', NULL, NULL, NULL, NULL, '1', 'ac26faccf08c,306cfdaf8db5,854790d1c499,febf27eb569f,64d332962c84,70efe53b4276,8559ade57d42,7b99fb08fd96,43f48944bb66', '', '', '1', '1', '', 1, 1495018140),
(94, 'frm-0fede7614cd2', 115, 'Headshot Photography', NULL, NULL, NULL, NULL, '1', '9fda44fb9830,812e855531ec,3c78983e74eb,e008a45451ab,a57e7c35052d,febf27eb569f,ae0479c90319,a220142eff47,a7785567978b,70efe53b4276,43f48944bb66', '', '', '1', '1', '', 1, 1495018549),
(95, 'frm-deef5e61fbb7', 116, 'Nature Photography', NULL, NULL, NULL, NULL, '1', '6c72b41c1d59,950c3fd0f2a1,daa751d99436,e008a45451ab,febf27eb569f,ae0479c90319,a7785567978b,a220142eff47,43f48944bb66', '', '', '1', '1', '', 1, 1495019748),
(96, 'frm-aae1fecbfb00', 117, 'Pet Photography', NULL, NULL, NULL, NULL, '1', '924480debdac,e0fc2378a011,56ad5ac62bb9,ce292980bd9c,96e37354a4f8,5711ebc32769,febf27eb569f,e008a45451ab,ae0479c90319,70efe53b4276,a7785567978b,a220142eff47,43f48944bb66', '', '', '1', '1', '', 1, 1495020769),
(97, 'frm-2b2feb047db1', 118, 'Photo Restoration', NULL, NULL, NULL, NULL, '1', '6bcb93612d74,871ee23b781e,3235c5628368,655198f41a07,d88d17c7c2ee,948da16441bb,441235b69959,0b195766c41c,a220142eff47,a7785567978b,43f48944bb66', '', '', '1', '1', '', 1, 1495022298);

-- --------------------------------------------------------

--
-- Table structure for table `industry_language`
--

CREATE TABLE `industry_language` (
  `id` int(11) NOT NULL,
  `industry_id` int(11) NOT NULL,
  `industry_name` text NOT NULL,
  `language_id` int(11) NOT NULL,
  `seo_name` text NOT NULL,
  `synonym_keyword` text NOT NULL,
  `search_phrases` text NOT NULL,
  `sort_name` varchar(50) NOT NULL,
  `short_description` text NOT NULL,
  `long_description` text NOT NULL,
  `size1` varchar(64) NOT NULL,
  `size2` varchar(64) NOT NULL
) ENGINE=InnoDB DEFAULT CHARSET=latin1;

--
-- Dumping data for table `industry_language`
--

INSERT INTO `industry_language` (`id`, `industry_id`, `industry_name`, `language_id`, `seo_name`, `synonym_keyword`, `search_phrases`, `sort_name`, `short_description`, `long_description`, `size1`, `size2`) VALUES
(1, 1, 'Personal Chef', 1, '', '', '', '', '', '', '', ''),
(2, 19, 'Wedding and Event Hair Styling', 1, '', '', '', '', '', '', '', ''),
(3, 20, 'Wedding and Event Makeup', 1, '', '', '', '', '', '', '', ''),
(4, 32, 'Pianist', 1, '', '', '', '', '', '', '', ''),
(5, 1, 'Home & Household (S1)', 2, '', '', '', '', '', '', '', ''),
(6, 19, 'Sports & Activities (S1)', 2, '', '', '', '', '', '', '', ''),
(7, 20, 'Traning (S1)', 2, '', '', '', '', '', '', '', ''),
(8, 32, 'Events (S1)', 2, '', '', '', '', '', '', '', ''),
(9, 2, 'Popcorn Machine Rental', 1, '', '', '', '', '', '', '', ''),
(10, 3, 'Pastry Chef and Cake Making Services', 1, '', '', '', '', '', '', '', ''),
(11, 4, 'Wine Tastings and Tours', 1, '', '', '', '', '', '', '', ''),
(12, 5, 'Alterations', 1, '', 'lawn,sod,turf', '', '', '', '', '', ''),
(13, 6, 'Bridesmaid Dress Alterations', 1, '', 'dress alterations', '', 'dress alterations', '', '', '', ''),
(14, 7, 'Getting Ready', 1, '', '', '', '', '', '', '', ''),
(15, 9, 'Crocheting', 1, '', '', '', '', '', '', '', ''),
(16, 10, 'Custom Airbrushing', 1, '', '', '', '', '', '', '', ''),
(17, 11, 'Custom Clothes Design', 1, '', '', '', '', '', '', '', ''),
(18, 12, 'Custom Jewelry', 1, '', '', '', '', '', '', '', ''),
(19, 13, 'Custom Tailor', 1, '', 'fake grass, plastic grass', '', '', '', '', '', ''),
(20, 14, 'Embroidery', 1, '', '', '', '', '', '', '', ''),
(21, 15, 'Quilting', 1, '', '', '', '', '', '', '', ''),
(22, 16, 'Songwriting', 1, '', '', '', '', '', '', '', ''),
(23, 17, 'Wardrobe Consulting', 1, '', '', '', '', '', '', '', ''),
(24, 18, 'Wedding Dress Alterations', 1, '', '', '', 'dress alterations', '', '', '', ''),
(25, 21, 'Music Entertainment', 1, '', '', '', '', '', '', '', ''),
(26, 22, 'Band Entertainment', 1, '', '', '', '', '', '', '', ''),
(27, 23, 'Heat Pump Inspection or Maintenance', 1, '', '', '', '', '', '', '', ''),
(28, 29, 'Broadway Singer', 1, '', '', '', '', '', '', '', ''),
(29, 30, 'DJ', 1, '', '', '', '', '', '', '', ''),
(30, 31, 'Music Duo Entertainment', 1, '', '', '', '', '', '', '', ''),
(31, 33, 'Singers', 1, '', '', '', '', '', '', '', ''),
(32, 34, 'Solo Musician Entertainment', 1, '', '', '', '', '', '', '', ''),
(33, 36, 'String Quartet Entertainment', 1, '', '', '', '', '', '', '', ''),
(34, 37, 'Vocal Ensemble', 1, '', '', '', '', '', '', '', ''),
(35, 38, 'Wedding Ceremony Music', 1, '', '', '', '', '', '', '', ''),
(36, 39, 'Wedding Singer', 1, '', '', '', '', '', '', '', ''),
(37, 41, 'Wedding String Quartet', 1, '', '', '', '', '', '', '', ''),
(38, 42, 'Party Rentals', 1, '', '', '', '', '', '', '', ''),
(39, 43, 'AV Equipment Rental for Events', 1, '', '', '', '', '', '', '', ''),
(40, 44, 'AV Equipment Rental for Weddings', 1, '', '', '', '', '', '', '', ''),
(41, 45, 'Audio Equipment Rental for Events', 1, '', '', '', '', '', '', '', ''),
(42, 2, 'Architechs (S1)', 2, '', '', '', '', '', '', '', ''),
(43, 3, 'Interior Design (S1)', 2, '', '', '', '', '', '', '', ''),
(44, 4, 'Outdoor Garden (S1)', 2, '', '', '', '', '', '', '', ''),
(45, 5, 'Grass (S1)', 2, '', '', '', '', '', '', '', ''),
(46, 6, 'Real Grass (S1)', 2, '', '', '', '', '', '', '', ''),
(47, 7, 'Buffalo Grass (S1)', 2, '', '', '', '', '', '', '', ''),
(48, 9, 'Artificial Grass (S1)', 2, '', '', '', '', '', '', '', ''),
(49, 10, 'Sports Grass (S1)', 2, '', '', '', '', '', '', '', ''),
(50, 11, 'Playground Grass (S1)', 2, '', '', '', '', '', '', '', ''),
(51, 12, 'Commercial Grass (S1)', 2, '', '', '', '', '', '', '', ''),
(52, 13, 'Art Grass Tools (S1)', 2, '', '', '', '', '', '', '', ''),
(53, 14, 'Artificial Plans (S1)', 2, '', '', '', '', '', '', '', ''),
(54, 15, 'Artificial Trees (S1)', 2, '', '', '', '', '', '', '', ''),
(55, 16, 'Artificial Flowers (S1)', 2, '', '', '', '', '', '', '', ''),
(56, 17, 'Artificial Hedges (S1)', 2, '', '', '', '', '', '', '', ''),
(57, 18, 'Pools (S1)', 2, '', '', '', '', '', '', '', ''),
(58, 21, 'Rugby (S1)', 2, '', '', '', '', '', '', '', ''),
(59, 22, 'Sports Fields Sports (S1)', 2, '', '', '', '', '', '', '', ''),
(60, 23, 'Training (S1)', 2, '', '', '', '', '', '', '', ''),
(61, 29, 'Grass Seeds (S1)', 2, '', '', '', '', '', '', '', ''),
(62, 30, 'Grass Seeds 1 (S1)', 2, '', '', '', '', '', '', '', ''),
(63, 31, 'Grass Seeds 2 (S1)', 2, '', '', '', '', '', '', '', ''),
(64, 33, 'Weddings (S1)', 2, '', '', '', '', '', '', '', ''),
(65, 34, 'DJ (S1)', 2, '', '', '', '', '', '', '', ''),
(66, 36, 'Wine & Drink Catering (S1)', 2, '', '', '', '', '', '', '', ''),
(67, 37, 'Food Catering (S1)', 2, '', '', '', '', '', '', '', ''),
(68, 38, 'barman services (S1)', 2, '', '', '', '', '', '', '', ''),
(69, 39, 'DJ Services (S1)', 2, '', '', '', '', '', '', '', ''),
(70, 41, ' Weddings 1 (S1)', 2, '', '', '', '', '', '', '', ''),
(71, 42, ' Weddings 2 (S1)', 2, '', '', '', '', '', '', '', ''),
(72, 43, 'Weddings 3 (S1)', 2, '', '', '', '', '', '', '', ''),
(73, 44, 'Weddings 4 (S1)', 2, '', '', '', '', '', '', '', ''),
(74, 45, 'Weddings 5 (S1)', 2, '', '', '', '', '', '', '', ''),
(75, 46, 'Bounce House and Inflatables Rental', 1, '', '', '', '', '', '', '', ''),
(76, 47, 'Events', 1, '', '', '', '', '', '', '', ''),
(77, 95, 'Food', 1, '', '', '', '', '', '', '', ''),
(78, 93, 'Events- other', 1, '', '', '', '', '', '', '', ''),
(79, 88, 'Event Staff', 1, '', '', '', '', '', '', '', ''),
(80, 49, 'Driver', 1, '', '', '', '', '', '', '', ''),
(81, 50, 'Charter Bus Rental', 1, '', '', '', '', '', '', '', ''),
(82, 51, 'Limousine and Chauffeur Services', 1, '', '', '', '', '', '', '', ''),
(83, 66, 'Entertainment Services', 1, '', '', '', '', '', '', '', ''),
(84, 71, 'Event Services', 1, '', '', '', '', '', '', '', ''),
(85, 102, 'Casino Games Rentals', 1, '', '', '', '', '', '', '', ''),
(86, 121, 'Real Estate and Architectural Photography', 1, '', '', '', '', '', '', '', ''),
(87, 208, 'Construction Services', 1, '', '', '', '', '', '', '', ''),
(88, 286, 'Dumpster Rental', 1, '', '', '', '', '', '', '', ''),
(89, 287, 'Fire Damage Restoration Cleaning', 1, '', '', '', '', '', '', '', ''),
(90, 288, 'Floor Cleaning', 1, '', '', '', '', '', '', '', ''),
(91, 289, 'Floor Polishing', 1, '', '', '', '', '', '', '', ''),
(92, 290, 'Furniture Removal', 1, '', '', '', '', '', '', '', ''),
(93, 291, 'Garage, Basement or Attic Cleaning', 1, '', '', '', '', '', '', '', ''),
(94, 292, 'Gutter Cleaning and Maintenance', 1, '', '', '', '', '', '', '', ''),
(95, 293, 'Home Organizing', 1, '', '', '', '', '', '', '', ''),
(96, 294, 'House Cleaning', 1, '', '', '', '', '', '', '', ''),
(97, 295, 'Junk Removal', 1, '', '', '', '', '', '', '', ''),
(98, 296, 'Leather Repair Conditioning and ', 1, '', '', '', '', '', '', '', ''),
(99, 297, 'Restoration', 1, '', '', '', '', '', '', '', ''),
(100, 298, 'Mattress Cleaning', 1, '', '', '', '', '', '', '', ''),
(101, 299, 'Odor Removal', 1, '', '', '', '', '', '', '', ''),
(102, 300, 'Outdoor or Balcony Cleaning', 1, '', '', '', '', '', '', '', ''),
(103, 301, 'Pressure Washing', 1, '', '', '', '', '', '', '', ''),
(104, 302, 'Property Cleanup', 1, '', '', '', '', '', '', '', ''),
(105, 303, 'Roof Cleaning', 1, '', '', '', '', '', '', '', ''),
(106, 304, 'Rug Cleaning', 1, '', '', '', '', '', '', '', ''),
(107, 305, 'Scrap Metal Removal', 1, '', '', '', '', '', '', '', ''),
(108, 306, 'Solar Panel Cleaning or Inspection', 1, '', '', '', '', '', '', '', ''),
(109, 307, 'Tile and Grout Cleaning', 1, '', '', '', '', '', '', '', ''),
(110, 308, 'Upholstery and Furniture Cleaning', 1, '', '', '', '', '', '', '', ''),
(111, 309, 'Water Damage Cleanup and Restoration', 1, '', '', '', '', '', '', '', ''),
(112, 310, 'Window Blinds Cleaning', 1, '', '', '', '', '', '', '', ''),
(113, 311, 'Window Cleaning', 1, '', '', '', '', '', '', '', ''),
(114, 312, 'Concrete/Cement/Asphalt', 1, '', '', '', '', '', '', '', ''),
(115, 313, 'Asphalt Installation', 1, '', '', '', '', '', '', '', ''),
(116, 314, 'Asphalt Repair and Maintenance', 1, '', '', '', '', '', '', '', ''),
(117, 315, 'Brick or Stone Repair', 1, '', '', '', '', '', '', '', ''),
(118, 316, 'Concrete Installation', 1, '', '', '', '', '', '', '', ''),
(119, 317, 'Concrete Removal', 1, '', '', '', '', '', '', '', ''),
(120, 318, 'Concrete Repair and Maintenance', 1, '', '', '', '', '', '', '', ''),
(121, 319, 'Concrete Sawing', 1, '', '', '', '', '', '', '', ''),
(122, 320, 'Masonry Construction Services', 1, '', '', '', '', '', '', '', ''),
(123, 321, 'Stucco Application', 1, '', '', '', '', '', '', '', ''),
(124, 322, 'Concrete Wall Installation', 1, '', '', '', '', '', '', '', ''),
(125, 323, 'Stucco Repair', 1, '', '', '', '', '', '', '', ''),
(126, 324, 'Design & Decor', 1, '', '', '', '', '', '', '', ''),
(127, 325, 'Curtain Installation', 1, '', '', '', '', '', '', '', ''),
(128, 326, 'Curtain Repair', 1, '', '', '', '', '', '', '', ''),
(129, 327, 'Home Staging', 1, '', '', '', '', '', '', '', ''),
(130, 328, 'Interior Design', 1, '', '', '', '', '', '', '', ''),
(131, 329, 'Muralist', 1, '', '', '', '', '', '', '', ''),
(132, 330, 'Picture Framing', 1, '', '', '', '', '', '', '', ''),
(133, 331, 'Picture Hanging and Art Installation', 1, '', '', '', '', '', '', '', ''),
(134, 332, 'Wallpaper Installation', 1, '', '', '', '', '', '', '', ''),
(135, 333, 'Wallpaper Removal', 1, '', '', '', '', '', '', '', ''),
(136, 334, 'Wallpaper Repair', 1, '', '', '', '', '', '', '', ''),
(137, 335, 'Doors', 1, '', '', '', '', '', '', '', ''),
(138, 336, 'Door Installation', 1, '', '', '', '', '', '', '', ''),
(139, 337, 'Door Repair', 1, '', '', '', '', '', '', '', ''),
(140, 338, 'Garage Door Installation or Replacement', 1, '', '', '', '', '', '', '', ''),
(141, 339, 'Garage Door Repair', 1, '', '', '', '', '', '', '', ''),
(142, 340, 'Lock Installation and Repair', 1, '', '', '', '', '', '', '', ''),
(143, 341, 'Pet Door Installation', 1, '', '', '', '', '', '', '', ''),
(144, 342, 'Pet Door Removal', 1, '', '', '', '', '', '', '', ''),
(145, 343, 'Shower Door Installation', 1, '', '', '', '', '', '', '', ''),
(146, 344, 'Electrical', 1, '', '', '', '', '', '', '', ''),
(147, 345, 'Circuit Breaker Panel or Fuse Box Installation', 1, '', '', '', '', '', '', '', ''),
(148, 346, 'Circuit Breaker Panel or Fuse Box Repair', 1, '', '', '', '', '', '', '', ''),
(149, 347, 'Electrical and Wiring Issues', 1, '', '', '', '', '', '', '', ''),
(150, 348, 'Fan Installation', 1, '', '', '', '', '', '', '', ''),
(151, 349, 'Generator Installation', 1, '', '', '', '', '', '', '', ''),
(152, 350, 'Generator Repair', 1, '', '', '', '', '', '', '', ''),
(153, 351, 'Geothermal Energy Services', 1, '', '', '', '', '', '', '', ''),
(154, 352, 'Home Automation', 1, '', '', '', '', '', '', '', ''),
(155, 353, 'Solar Panel Installation', 1, '', '', '', '', '', '', '', ''),
(156, 354, 'Solar Panel Repair', 1, '', '', '', '', '', '', '', ''),
(157, 355, 'Switch and Outlet Installation', 1, '', '', '', '', '', '', '', ''),
(158, 356, 'Switch and Outlet Repair', 1, '', '', '', '', '', '', '', ''),
(159, 357, 'Wiring', 1, '', '', '', '', '', '', '', ''),
(160, 358, 'Flooring', 1, '', '', '', '', '', '', '', ''),
(161, 359, 'Carpet Installation', 1, '', '', '', '', '', '', '', ''),
(162, 360, 'Carpet Removal', 1, '', '', '', '', '', '', '', ''),
(163, 361, 'Carpet Repair or Partial Replacement', 1, '', '', '', '', '', '', '', ''),
(164, 362, 'Epoxy Floor Coating', 1, '', '', '', '', '', '', '', ''),
(165, 363, 'Floor Installation or Replacement', 1, '', '', '', '', '', '', '', ''),
(166, 364, 'Floor Repair', 1, '', '', '', '', '', '', '', ''),
(167, 365, 'Hardwood Floor Refinishing', 1, '', '', '', '', '', '', '', ''),
(168, 366, 'Heated Floor Installation', 1, '', '', '', '', '', '', '', ''),
(169, 367, 'Furniture', 1, '', '', '', '', '', '', '', ''),
(170, 368, 'Antique Restoration', 1, '', '', '', '', '', '', '', ''),
(171, 369, 'Baby Gate Assembly and Installation', 1, '', '', '', '', '', '', '', ''),
(172, 370, 'Bed Frame Assembly', 1, '', '', '', '', '', '', '', ''),
(173, 371, 'Closet and Shelving System Installation', 1, '', '', '', '', '', '', '', ''),
(174, 372, 'Countertop Installation', 1, '', '', '', '', '', '', '', ''),
(175, 373, 'Countertop Repair or Maintenance', 1, '', '', '', '', '', '', '', ''),
(176, 374, 'Dresser Assembly', 1, '', '', '', '', '', '', '', ''),
(177, 375, 'Entertainment Center or TV Stand Assembly', 1, '', '', '', '', '', '', '', ''),
(178, 376, 'Crib Assembly', 1, '', '', '', '', '', '', '', ''),
(179, 377, 'Desk Assembly', 1, '', '', '', '', '', '', '', ''),
(180, 378, 'Assembly', 1, '', '', '', '', '', '', '', ''),
(181, 379, 'Fitness Equipment Assembly', 1, '', '', '', '', '', '', '', ''),
(182, 380, 'Furniture Assembly', 1, '', '', '', '', '', '', '', ''),
(183, 381, 'Furniture Delivery', 1, '', '', '', '', '', '', '', ''),
(184, 382, 'Furniture Refinishing', 1, '', '', '', '', '', '', '', ''),
(185, 383, 'Furniture Repair', 1, '', '', '', '', '', '', '', ''),
(186, 384, 'Furniture Upholstery', 1, '', '', '', '', '', '', '', ''),
(187, 385, 'IKEA Furniture Assembly', 1, '', '', '', '', '', '', '', ''),
(188, 386, 'Pool Table Assembly', 1, '', '', '', '', '', '', '', ''),
(189, 387, 'General Contractor', 1, '', '', '', '', '', '', '', ''),
(190, 388, 'Caulking', 1, '', '', '', '', '', '', '', ''),
(191, 389, 'General Contracting', 1, '', '', '', '', '', '', '', ''),
(192, 390, 'Handyman', 1, '', '', '', '', '', '', '', ''),
(193, 391, 'Holiday Lighting Installation and Removal', 1, '', '', '', '', '', '', '', ''),
(194, 392, 'Pool Table Repair Services', 1, '', '', '', '', '', '', '', ''),
(195, 393, 'Gutters', 1, '', '', '', '', '', '', '', ''),
(196, 394, 'Gutter Installation or Replacement', 1, '', '', '', '', '', '', '', ''),
(197, 395, 'Gutter Repair', 1, '', '', '', '', '', '', '', ''),
(198, 396, 'Heating & Cooling', 1, '', '', '', '', '', '', '', ''),
(199, 397, 'Boiler Inspection or Maintenance', 1, '', '', '', '', '', '', '', ''),
(200, 398, 'Boiler Installation', 1, '', '', '', '', '', '', '', ''),
(201, 399, 'Boiler Repair', 1, '', '', '', '', '', '', '', ''),
(202, 400, 'Central Air Conditioning Installation', 1, '', '', '', '', '', '', '', ''),
(203, 401, 'Central Air Conditioning Maintenance', 1, '', '', '', '', '', '', '', ''),
(204, 402, 'Central Air Conditioning Repair', 1, '', '', '', '', '', '', '', ''),
(205, 403, 'Cooling Issues', 1, '', '', '', '', '', '', '', ''),
(206, 404, 'Duct and Vent Cleaning', 1, '', '', '', '', '', '', '', ''),
(207, 405, 'Duct and Vent Installation or Removal', 1, '', '', '', '', '', '', '', ''),
(208, 406, 'Duct and Vent Issues', 1, '', '', '', '', '', '', '', ''),
(209, 407, 'Fireplace and Chimney Cleaning', 1, '', '', '', '', '', '', '', ''),
(210, 408, 'Fireplace and Chimney Inspection', 1, '', '', '', '', '', '', '', ''),
(211, 409, 'Fireplace and Chimney Installation', 1, '', '', '', '', '', '', '', ''),
(212, 410, 'Fireplace and Chimney Repair', 1, '', '', '', '', '', '', '', ''),
(213, 411, 'Furnace and Heating System ', 1, '', '', '', '', '', '', '', ''),
(214, 412, 'Installation or Replacement', 1, '', '', '', '', '', '', '', ''),
(215, 413, 'Furnace and Heating System Maintenance', 1, '', '', '', '', '', '', '', ''),
(216, 414, 'Furnace and Heating System Repair or Maintenance', 1, '', '', '', '', '', '', '', ''),
(217, 46, 'Test', 2, '', '', '', '', '', '', '', ''),
(218, 47, '', 2, '', '', '', '', '', '', '', ''),
(219, 48, 'Belly Dancing', 1, '', '', '', '', '', '', '', ''),
(220, 48, '', 2, '', '', '', '', '', '', '', ''),
(221, 49, '', 2, '', '', '', '', '', '', '', ''),
(222, 50, '', 2, '', '', '', '', '', '', '', ''),
(223, 51, '', 2, '', '', '', '', '', '', '', ''),
(224, 52, 'Party Bus Rental', 1, '', '', '', '', '', '', '', ''),
(225, 52, '', 2, '', '', '', '', '', '', '', ''),
(226, 53, 'Home', 1, '', '', '', '', '', '', '', ''),
(227, 53, '', 2, '', '', '', '', '', '', '', ''),
(228, 55, 'Wellness', 1, '', '', '', '', '', '', '', ''),
(229, 55, '', 2, '', '', '', '', '', '', '', ''),
(230, 54, 'Lessons', 1, '', '', '', '', '', '', '', ''),
(231, 54, '', 2, '', '', '', '', '', '', '', ''),
(232, 56, 'Business', 1, '', '', '', '', '', '', '', ''),
(233, 56, '', 2, '', '', '', '', '', '', '', ''),
(234, 57, 'Crafts', 1, '', '', '', '', '', '', '', ''),
(235, 57, '', 2, '', '', '', '', '', '', '', ''),
(236, 58, 'Design Web', 1, '', '', '', '', '', '', '', ''),
(237, 58, '', 2, '', '', '', '', '', '', '', ''),
(238, 59, 'Design and Web', 1, '', '', '', '', '', '', '', ''),
(239, 59, '', 2, '', '', '', '', '', '', '', ''),
(240, 60, 'Legal', 1, '', '', '', '', '', '', '', ''),
(241, 60, '', 2, '', '', '', '', '', '', '', ''),
(242, 61, 'Personal', 1, '', '', '', '', '', '', '', ''),
(243, 61, '', 2, '', '', '', '', '', '', '', ''),
(244, 62, 'Pets', 1, '', '', '', '', '', '', '', ''),
(245, 62, '', 2, '', '', '', '', '', '', '', ''),
(246, 63, 'Photographs', 1, '', '', '', '', '', '', '', ''),
(247, 63, '', 2, '', '', '', '', '', '', '', ''),
(248, 64, 'Repair and technical support', 1, '', '', '', '', '', '', '', ''),
(249, 64, '', 2, '', '', '', '', '', '', '', ''),
(250, 65, 'Writing, translation, and transcription', 1, '', '', '', '', '', '', '', ''),
(251, 65, '', 2, '', '', '', '', '', '', '', ''),
(252, 66, '', 2, '', '', '', '', '', '', '', ''),
(253, 67, 'Entertainment', 1, '', '', '', '', '', '', '', ''),
(254, 67, '', 2, '', '', '', '', '', '', '', ''),
(255, 68, 'Fortune Teller Entertainment', 1, '', '', '', '', '', '', '', ''),
(256, 68, '', 2, '', '', '', '', '', '', '', ''),
(257, 69, 'Palm Reader Entertainment', 1, '', '', '', '', '', '', '', ''),
(258, 69, '', 2, '', '', '', '', '', '', '', ''),
(259, 70, 'Tarot Card Reader Entertainment', 1, '', '', '', '', '', '', '', ''),
(260, 70, '', 2, '', '', '', '', '', '', '', ''),
(261, 71, '', 2, '', '', '', '', '', '', '', ''),
(262, 72, 'Astrology Reading', 1, '', '', '', '', '', '', '', ''),
(263, 72, '', 2, '', '', '', '', '', '', '', ''),
(264, 73, 'Balloon Artistry', 1, '', '', '', '', '', '', '', ''),
(265, 73, '', 2, '', '', '', '', '', '', '', ''),
(266, 74, 'Body Painting', 1, '', '', '', '', '', '', '', ''),
(267, 74, '', 2, '', '', '', '', '', '', '', ''),
(268, 75, 'Caricaturing', 1, '', '', '', '', '', '', '', ''),
(269, 75, '', 2, '', '', '', '', '', '', '', ''),
(270, 76, 'Event Florist', 1, '', '', '', '', '', '', '', ''),
(271, 76, '', 2, '', '', '', '', '', '', '', ''),
(272, 77, 'Event Security Services', 1, '', '', '', '', '', '', '', ''),
(273, 77, '', 2, '', '', '', '', '', '', '', ''),
(274, 78, 'Face Painting', 1, '', '', '', '', '', '', '', ''),
(275, 78, '', 2, '', '', '', '', '', '', '', ''),
(276, 79, 'Henna Tattooing', 1, '', '', '', '', '', '', '', ''),
(277, 79, '', 2, '', '', '', '', '', '', '', ''),
(278, 80, 'Laser Show Entertainment', 1, '', '', '', '', '', '', '', ''),
(279, 80, '', 2, '', '', '', '', '', '', '', ''),
(280, 81, 'Palm Reading', 1, '', '', '', '', '', '', '', ''),
(281, 81, '', 2, '', '', '', '', '', '', '', ''),
(282, 82, 'Portrait Artistry', 1, '', '', '', '', '', '', '', ''),
(283, 82, '', 2, '', '', '', '', '', '', '', ''),
(284, 83, 'Puppet Show Entertainment', 1, '', '', '', '', '', '', '', ''),
(285, 83, '', 2, '', '', '', '', '', '', '', ''),
(286, 84, 'Scrapbooking', 1, '', '', '', '', '', '', '', ''),
(287, 84, '', 2, '', '', '', '', '', '', '', ''),
(288, 85, 'Tarot Card Reading', 1, '', '', '', '', '', '', '', ''),
(289, 85, '', 2, '', '', '', '', '', '', '', ''),
(290, 86, 'Temporary Tattoo Artistry', 1, '', '', '', '', '', '', '', ''),
(291, 86, '', 2, '', '', '', '', '', '', '', ''),
(292, 87, 'Valet Parking', 1, '', '', '', '', '', '', '', ''),
(293, 87, '', 2, '', '', '', '', '', '', '', ''),
(294, 88, '', 2, '', '', '', '', '', '', '', ''),
(295, 89, 'Bartending', 1, '', '', '', '', '', '', '', ''),
(296, 89, '', 2, '', '', '', '', '', '', '', ''),
(297, 90, 'Event Bouncer Services', 1, '', '', '', '', '', '', '', ''),
(298, 90, '', 2, '', '', '', '', '', '', '', ''),
(299, 91, 'Event Help and Wait Staff', 1, '', '', '', '', '', '', '', ''),
(300, 91, '', 2, '', '', '', '', '', '', '', ''),
(301, 92, 'Sommelier Services', 1, '', '', '', '', '', '', '', ''),
(302, 92, '', 2, '', '', '', '', '', '', '', ''),
(303, 93, '', 2, '', '', '', '', '', '', '', ''),
(304, 94, 'Audio Recording', 1, '', '', '', '', '', '', '', ''),
(305, 94, '', 2, '', '', '', '', '', '', '', ''),
(306, 95, '', 2, '', '', '', '', '', '', '', ''),
(307, 96, 'Barbecue and Grill Services', 1, '', '', '', '', '', '', '', ''),
(308, 96, '', 2, '', '', '', '', '', '', '', ''),
(309, 97, 'Candy Buffet Services', 1, '', '', '', '', '', '', '', ''),
(310, 97, '', 2, '', '', '', '', '', '', '', ''),
(311, 98, 'Chocolate Fountain Rental', 1, '', '', '', '', '', '', '', ''),
(312, 98, '', 2, '', '', '', '', '', '', '', ''),
(313, 99, 'Event Catering', 1, '', '', '', '', '', '', '', ''),
(314, 99, '', 2, '', '', '', '', '', '', '', ''),
(315, 100, 'Food Truck or Cart Services', 1, '', '', '', '', '', '', '', ''),
(316, 100, '', 2, '', '', '', '', '', '', '', ''),
(317, 101, 'Ice Cream Cart Rental', 1, '', '', '', '', '', '', '', ''),
(318, 101, '', 2, '', '', '', '', '', '', '', ''),
(319, 102, '', 2, '', '', '', '', '', '', '', ''),
(320, 103, 'Dunk Tank Rental Services', 1, '', '', '', '', '', '', '', ''),
(321, 103, '', 2, '', '', '', '', '', '', '', ''),
(322, 104, 'Karaoke Machine Rental', 1, '', '', '', '', '', '', '', ''),
(323, 104, '', 2, '', '', '', '', '', '', '', ''),
(324, 105, 'Lighting Equipment Rental for Events', 1, '', '', '', '', '', '', '', ''),
(325, 105, '', 2, '', '', '', '', '', '', '', ''),
(326, 106, 'Photo Booth Rental', 1, '', '', '', '', '', '', '', ''),
(327, 106, '', 2, '', '', '', '', '', '', '', ''),
(328, 107, 'Video Booth Rental', 1, '', '', '', '', '', '', '', ''),
(329, 107, '', 2, '', '', '', '', '', '', '', ''),
(330, 108, 'Video Equipment Rental for Events', 1, '', '', '', '', '', '', '', ''),
(331, 108, '', 2, '', '', '', '', '', '', '', ''),
(332, 109, 'Photography', 1, '', '', '', '', '', '', '', ''),
(333, 109, '', 2, '', '', '', '', '', '', '', ''),
(334, 110, 'Aerial Photography', 1, '', '', '', '', '', '', '', ''),
(335, 110, '', 2, '', '', '', '', '', '', '', ''),
(336, 111, 'Boudoir Photography', 1, '', '', '', '', '', '', '', ''),
(337, 111, '', 2, '', '', '', '', '', '', '', ''),
(338, 112, 'Commercial Photography', 1, '', '', '', '', '', '', '', ''),
(339, 112, '', 2, '', '', '', '', '', '', '', ''),
(340, 113, 'Engagement Photography', 1, '', '', '', '', '', '', '', ''),
(341, 113, '', 2, '', '', '', '', '', '', '', ''),
(342, 114, 'Event Photography', 1, '', '', '', '', '', '', '', ''),
(343, 114, '', 2, '', '', '', '', '', '', '', ''),
(344, 115, 'Headshot Photography', 1, '', '', '', '', '', '', '', ''),
(345, 115, '', 2, '', '', '', '', '', '', '', ''),
(346, 116, 'Nature Photography', 1, '', '', '', '', '', '', '', ''),
(347, 116, '', 2, '', '', '', '', '', '', '', ''),
(348, 117, 'Pet Photography', 1, '', '', '', '', '', '', '', ''),
(349, 117, '', 2, '', '', '', '', '', '', '', ''),
(350, 118, 'Photo Restoration', 1, '', '', '', '', '', '', '', ''),
(351, 118, '', 2, '', '', '', '', '', '', '', ''),
(352, 119, 'Photo Scanning', 1, '', '', '', '', '', '', '', ''),
(353, 119, '', 2, '', '', '', '', '', '', '', ''),
(354, 120, 'Portrait Photography', 1, '', '', '', '', '', '', '', ''),
(355, 120, '', 2, '', '', '', '', '', '', '', ''),
(356, 121, '', 2, '', '', '', '', '', '', '', ''),
(357, 122, 'Sports Photography', 1, '', '', '', '', '', '', '', ''),
(358, 122, '', 2, '', '', '', '', '', '', '', ''),
(359, 123, 'Wedding Photography', 1, '', '', '', '', '', '', '', ''),
(360, 123, '', 2, '', '', '', '', '', '', '', ''),
(361, 124, 'Planning', 1, '', '', '', '', '', '', '', ''),
(362, 124, '', 2, '', '', '', '', '', '', '', ''),
(363, 125, 'Anniversary Party Planning', 1, '', '', '', '', '', '', '', ''),
(364, 125, '', 2, '', '', '', '', '', '', '', ''),
(365, 126, 'Balloon Decorations', 1, '', '', '', '', '', '', '', ''),
(366, 126, '', 2, '', '', '', '', '', '', '', ''),
(367, 127, 'Bridal Shower Party Planning', 1, '', '', '', '', '', '', '', ''),
(368, 127, '', 2, '', '', '', '', '', '', '', ''),
(369, 128, 'Calligraphy', 1, '', '', '', '', '', '', '', ''),
(370, 128, '', 2, '', '', '', '', '', '', '', ''),
(371, 129, 'Corporate Party Planning', 1, '', '', '', '', '', '', '', ''),
(372, 129, '', 2, '', '', '', '', '', '', '', ''),
(373, 130, 'Craft Party Planning', 1, '', '', '', '', '', '', '', ''),
(374, 130, '', 2, '', '', '', '', '', '', '', ''),
(375, 131, 'Custom Arts and Crafts', 1, '', '', '', '', '', '', '', ''),
(376, 131, '', 2, '', '', '', '', '', '', '', ''),
(377, 132, 'Custom Gift Baskets', 1, '', '', '', '', '', '', '', ''),
(378, 132, '', 2, '', '', '', '', '', '', '', ''),
(379, 133, 'Engagement Party Planning', 1, '', '', '', '', '', '', '', ''),
(380, 133, '', 2, '', '', '', '', '', '', '', ''),
(381, 134, 'Event Decorating', 1, '', '', '', '', '', '', '', ''),
(382, 134, '', 2, '', '', '', '', '', '', '', ''),
(383, 135, 'Event Venue Services', 1, '', '', '', '', '', '', '', ''),
(384, 135, '', 2, '', '', '', '', '', '', '', ''),
(385, 136, 'Fishing Trip Guide Services', 1, '', '', '', '', '', '', '', ''),
(386, 136, '', 2, '', '', '', '', '', '', '', ''),
(387, 137, 'Fundraising Event Planning', 1, '', '', '', '', '', '', '', ''),
(388, 137, '', 2, '', '', '', '', '', '', '', ''),
(389, 138, 'Invitations', 1, '', '', '', '', '', '', '', ''),
(390, 138, '', 2, '', '', '', '', '', '', '', ''),
(391, 139, 'Party Favors', 1, '', '', '', '', '', '', '', ''),
(392, 139, '', 2, '', '', '', '', '', '', '', ''),
(393, 140, 'Party Planning', 1, '', '', '', '', '', '', '', ''),
(394, 140, '', 2, '', '', '', '', '', '', '', ''),
(395, 141, 'Party planning (for children)', 1, '', '', '', '', '', '', '', ''),
(396, 141, '', 2, '', '', '', '', '', '', '', ''),
(397, 142, 'Sightseeing', 1, '', '', '', '', '', '', '', ''),
(398, 142, '', 2, '', '', '', '', '', '', '', ''),
(399, 143, 'Tour Guiding', 1, '', '', '', '', '', '', '', ''),
(400, 143, '', 2, '', '', '', '', '', '', '', ''),
(401, 144, 'Wedding Invitations', 1, '', '', '', '', '', '', '', ''),
(402, 144, '', 2, '', '', '', '', '', '', '', ''),
(403, 145, 'Specialty Act', 1, '', '', '', '', '', '', '', ''),
(404, 145, '', 2, '', '', '', '', '', '', '', ''),
(405, 146, 'Animal Show Entertainment', 1, '', '', '', '', '', '', '', ''),
(406, 146, '', 2, '', '', '', '', '', '', '', ''),
(407, 147, 'Circus Act', 1, '', '', '', '', '', '', '', ''),
(408, 147, '', 2, '', '', '', '', '', '', '', ''),
(409, 148, 'Clown Entertainment', 1, '', '', '', '', '', '', '', ''),
(410, 148, '', 2, '', '', '', '', '', '', '', ''),
(411, 149, 'Comedy Entertainment', 1, '', '', '', '', '', '', '', ''),
(412, 149, '', 2, '', '', '', '', '', '', '', ''),
(413, 150, 'Contortionist', 1, '', '', '', '', '', '', '', ''),
(414, 150, '', 2, '', '', '', '', '', '', '', ''),
(415, 151, 'Costumed Character Entertainment', 1, '', '', '', '', '', '', '', ''),
(416, 151, '', 2, '', '', '', '', '', '', '', ''),
(417, 152, 'Easter Bunny', 1, '', '', '', '', '', '', '', ''),
(418, 152, '', 2, '', '', '', '', '', '', '', ''),
(419, 153, 'Human Statue Entertainment', 1, '', '', '', '', '', '', '', ''),
(420, 153, '', 2, '', '', '', '', '', '', '', ''),
(421, 154, 'Impersonating', 1, '', '', '', '', '', '', '', ''),
(422, 154, '', 2, '', '', '', '', '', '', '', ''),
(423, 155, 'Impressionist Entertainment', 1, '', '', '', '', '', '', '', ''),
(424, 155, '', 2, '', '', '', '', '', '', '', ''),
(425, 156, 'Juggling', 1, '', '', '', '', '', '', '', ''),
(426, 156, '', 2, '', '', '', '', '', '', '', ''),
(427, 157, 'MC and Host Services', 1, '', '', '', '', '', '', '', ''),
(428, 157, '', 2, '', '', '', '', '', '', '', ''),
(429, 158, 'Magician', 1, '', '', '', '', '', '', '', ''),
(430, 158, '', 2, '', '', '', '', '', '', '', ''),
(431, 159, 'Mobile Petting Zoo Entertainment', 1, '', '', '', '', '', '', '', ''),
(432, 159, '', 2, '', '', '', '', '', '', '', ''),
(433, 160, 'Motivational Speaking', 1, '', '', '', '', '', '', '', ''),
(434, 160, '', 2, '', '', '', '', '', '', '', ''),
(435, 161, 'Pony Riding', 1, '', '', '', '', '', '', '', ''),
(436, 161, '', 2, '', '', '', '', '', '', '', ''),
(437, 162, 'Santa', 1, '', '', '', '', '', '', '', ''),
(438, 162, '', 2, '', '', '', '', '', '', '', ''),
(439, 163, 'Singing Telegram', 1, '', '', '', '', '', '', '', ''),
(440, 163, '', 2, '', '', '', '', '', '', '', ''),
(441, 164, 'Stilt Walker', 1, '', '', '', '', '', '', '', ''),
(442, 164, '', 2, '', '', '', '', '', '', '', ''),
(443, 165, 'Storytelling', 1, '', '', '', '', '', '', '', ''),
(444, 165, '', 2, '', '', '', '', '', '', '', ''),
(445, 167, 'Videography', 1, '', '', '', '', '', '', '', ''),
(446, 167, '', 2, '', '', '', '', '', '', '', ''),
(447, 168, 'Commercial Videography', 1, '', '', '', '', '', '', '', ''),
(448, 168, '', 2, '', '', '', '', '', '', '', ''),
(449, 169, 'Corporate Videography', 1, '', '', '', '', '', '', '', ''),
(450, 169, '', 2, '', '', '', '', '', '', '', ''),
(451, 170, 'Event Videography', 1, '', '', '', '', '', '', '', ''),
(452, 170, '', 2, '', '', '', '', '', '', '', ''),
(453, 171, 'Film Production', 1, '', '', '', '', '', '', '', ''),
(454, 171, '', 2, '', '', '', '', '', '', '', ''),
(455, 172, 'Music Video Production', 1, '', '', '', '', '', '', '', ''),
(456, 172, '', 2, '', '', '', '', '', '', '', ''),
(457, 173, 'Video Editing', 1, '', '', '', '', '', '', '', ''),
(458, 173, '', 2, '', '', '', '', '', '', '', ''),
(459, 174, 'Video Streaming and Webcasting ', 1, '', '', '', '', '', '', '', ''),
(460, 174, '', 2, '', '', '', '', '', '', '', ''),
(461, 175, 'Services', 1, '', '', '', '', '', '', '', ''),
(462, 175, '', 2, '', '', '', '', '', '', '', ''),
(463, 176, 'Video Transfer Services', 1, '', '', '', '', '', '', '', ''),
(464, 176, '', 2, '', '', '', '', '', '', '', ''),
(465, 415, 'Heat Pump Installation or Replacement', 1, '', '', '', '', '', '', '', ''),
(466, 416, 'Heat Pump Repair', 1, '', '', '', '', '', '', '', ''),
(467, 417, 'Heating Issues', 1, '', '', '', '', '', '', '', ''),
(468, 418, 'Indoor Air Quality Testing', 1, '', '', '', '', '', '', '', ''),
(469, 419, 'Insulation Installation or Upgrade', 1, '', '', '', '', '', '', '', ''),
(470, 420, 'Radiator Inspection or Maintenance', 1, '', '', '', '', '', '', '', ''),
(471, 421, 'Radiator Installation or Replacement', 1, '', '', '', '', '', '', '', ''),
(472, 422, 'Thermostat Installation', 1, '', '', '', '', '', '', '', ''),
(473, 423, 'Thermostat Repair', 1, '', '', '', '', '', '', '', ''),
(474, 424, 'Wall or Portable AC Unit Maintenance', 1, '', '', '', '', '', '', '', ''),
(475, 425, 'Window AC Maintenance', 1, '', '', '', '', '', '', '', ''),
(476, 426, 'Window, Wall, or Portable AC Unit Installation', 1, '', '', '', '', '', '', '', ''),
(477, 427, 'Home Damage Prevention/Repair', 1, '', '', '', '', '', '', '', ''),
(478, 428, 'Basement Drainage Installation', 1, '', '', '', '', '', '', '', ''),
(479, 429, 'Basement Drainage Repair', 1, '', '', '', '', '', '', '', ''),
(480, 430, 'Earthquake Damage Repair', 1, '', '', '', '', '', '', '', ''),
(481, 431, 'Earthquake/Seismic Retrofit', 1, '', '', '', '', '', '', '', ''),
(482, 432, 'Fire or Smoke Damage Repair', 1, '', '', '', '', '', '', '', ''),
(483, 433, 'Foundation or Basement Waterproofing', 1, '', '', '', '', '', '', '', ''),
(484, 434, 'Roof or Gutter Winterization', 1, '', '', '', '', '', '', '', ''),
(485, 435, 'Storm or Wind Damage Recovery Service', 1, '', '', '', '', '', '', '', ''),
(486, 436, 'Window or Door Sealing', 1, '', '', '', '', '', '', '', ''),
(487, 437, 'Home Services', 1, '', '', '', '', '', '', '', ''),
(488, 438, 'House Sitting', 1, '', '', '', '', '', '', '', ''),
(489, 439, 'Property Management', 1, '', '', '', '', '', '', '', ''),
(490, 440, 'Home Theater', 1, '', '', '', '', '', '', '', ''),
(491, 441, 'Home Theater Construction', 1, '', '', '', '', '', '', '', ''),
(492, 442, 'Home Theater Surround Sound System Installation', 1, '', '', '', '', '', '', '', ''),
(493, 443, 'Home Theater System Installation or Replacement', 1, '', '', '', '', '', '', '', ''),
(494, 444, 'Home Theater System Repair or Service', 1, '', '', '', '', '', '', '', ''),
(495, 445, 'Home Theater System Wiring', 1, '', '', '', '', '', '', '', ''),
(496, 446, 'TV Mounting', 1, '', '', '', '', '', '', '', ''),
(497, 447, 'TV Repair Services', 1, '', '', '', '', '', '', '', ''),
(498, 448, 'Inspections', 1, '', '', '', '', '', '', '', ''),
(499, 449, 'Air Quality Inspection', 1, '', '', '', '', '', '', '', ''),
(500, 450, 'Asbestos Inspection', 1, '', '', '', '', '', '', '', ''),
(501, 451, 'Chimney Inspection', 1, '', '', '', '', '', '', '', ''),
(502, 452, 'Electrical Inspection', 1, '', '', '', '', '', '', '', ''),
(503, 453, 'Fire Extinguisher Inspection', 1, '', '', '', '', '', '', '', ''),
(504, 454, 'Home Energy Auditing', 1, '', '', '', '', '', '', '', ''),
(505, 455, 'Home Inspection', 1, '', '', '', '', '', '', '', ''),
(506, 456, 'Land Surveying', 1, '', '', '', '', '', '', '', ''),
(507, 457, 'Lead Testing', 1, '', '', '', '', '', '', '', ''),
(508, 458, 'Mold Inspection and Removal', 1, '', '', '', '', '', '', '', ''),
(509, 459, 'Pest Inspection', 1, '', '', '', '', '', '', '', ''),
(510, 460, 'Plumbing Inspection', 1, '', '', '', '', '', '', '', ''),
(511, 461, 'Radon Testing', 1, '', '', '', '', '', '', '', ''),
(512, 462, 'Real Estate Appraisal', 1, '', '', '', '', '', '', '', ''),
(513, 463, 'Roof Inspection', 1, '', '', '', '', '', '', '', ''),
(514, 464, 'Septic System Inspection', 1, '', '', '', '', '', '', '', ''),
(515, 465, 'Swimming Pool Inspection', 1, '', '', '', '', '', '', '', ''),
(516, 466, 'Termite Control Services', 1, '', '', '', '', '', '', '', ''),
(517, 467, 'Termite Inspection', 1, '', '', '', '', '', '', '', ''),
(518, 468, 'Well Water Inspection', 1, '', '', '', '', '', '', '', ''),
(519, 469, 'Landscaping', 1, '', '', '', '', '', '', '', ''),
(520, 470, 'Artificial Grass Installation', 1, '', '', 'Artificial Turf Installation, Synthetic Lawn, Synthetic Grass,  Plastic Grass, Astro Turf, fake grass, Artificial lawn', '', '', '', '', ''),
(521, 471, 'Boulder Placement', 1, '', '', '', '', '', '', '', ''),
(522, 472, 'Drip Irrigation System Maintenance', 1, '', '', '', '', '', '', '', ''),
(523, 473, 'Greenhouse Services', 1, '', '', '', '', '', '', '', ''),
(524, 474, 'Land Leveling and Grading', 1, '', '', '', '', '', '', '', ''),
(525, 475, 'Outdoor Landscaping and Design', 1, '', '', '', '', '', '', '', ''),
(526, 476, 'Sod Installation', 1, '', '', '', '', '', '', '', ''),
(527, 477, 'Sprinkler and Irrigation System Installation', 1, '', '', '', '', '', '', '', ''),
(528, 478, 'Sprinkler and Irrigation System Repair and Maintenance', 1, '', '', '', '', '', '', '', ''),
(529, 479, 'Water Feature Installation', 1, '', '', '', '', '', '', '', ''),
(530, 480, 'Water Feature Repair and Maintenance', 1, '', '', '', '', '', '', '', ''),
(531, 481, 'Lawncare', 1, '', '', '', '', '', '', '', ''),
(532, 482, 'Aeration', 1, '', '', '', '', '', '', '', ''),
(533, 483, 'Fertilizing', 1, '', '', '', '', '', '', '', ''),
(534, 484, 'Gardening', 1, '', '', '', '', '', '', '', ''),
(535, 485, 'Lawn Mowing and Trimming', 1, '', '', '', '', '', '', '', ''),
(536, 486, 'Leaf Clean Up', 1, '', '', '', '', '', '', '', ''),
(537, 487, 'Mulching', 1, '', '', '', '', '', '', '', ''),
(538, 488, 'Multi Service Lawn Care', 1, '', '', '', '', '', '', '', ''),
(539, 489, 'Outdoor Pesticide Application', 1, '', '', '', '', '', '', '', ''),
(540, 490, 'Plant Watering and Care', 1, '', '', '', '', '', '', '', ''),
(541, 491, 'Seeding', 1, '', '', '', '', '', '', '', ''),
(542, 492, 'Shrub Planting', 1, '', '', '', '', '', '', '', ''),
(543, 493, 'Shrub Pruning and Trimming', 1, '', '', '', '', '', '', '', ''),
(544, 494, 'Snow Plowing', 1, '', '', '', '', '', '', '', ''),
(545, 495, 'Tree Planting', 1, '', '', '', '', '', '', '', ''),
(546, 496, 'Tree Stump Grinding and Removal', 1, '', '', '', '', '', '', '', ''),
(547, 497, 'Tree Trimming and Removal', 1, '', '', '', '', '', '', '', ''),
(548, 498, 'Weeding', 1, '', '', '', '', '', '', '', ''),
(549, 499, 'Lighting', 1, '', '', '', '', '', '', '', ''),
(550, 500, 'Fixtures', 1, '', '', '', '', '', '', '', ''),
(551, 501, 'Lighting Installation', 1, '', '', '', '', '', '', '', ''),
(552, 502, 'Outdoor Lighting', 1, '', '', '', '', '', '', '', ''),
(553, 503, 'Material Processing', 1, '', '', '', '', '', '', '', ''),
(554, 504, 'Engraving', 1, '', '', '', '', '', '', '', ''),
(555, 505, 'Metalwork', 1, '', '', '', '', '', '', '', ''),
(556, 506, 'Powder Coating', 1, '', '', '', '', '', '', '', ''),
(557, 507, 'Stained Glass', 1, '', '', '', '', '', '', '', ''),
(558, 508, 'Welding', 1, '', '', '', '', '', '', '', ''),
(559, 509, 'Moving', 1, '', '', '', '', '', '', '', ''),
(560, 510, 'Furniture Moving and Heavy Lifting', 1, '', '', '', '', '', '', '', ''),
(561, 511, 'Hot Tub Moving', 1, '', '', '', '', '', '', '', ''),
(562, 512, 'Local Moving (under 50 miles)', 1, '', '', '', '', '', '', '', ''),
(563, 513, 'Long Distance Moving', 1, '', '', '', '', '', '', '', ''),
(564, 514, 'Office Moving', 1, '', '', '', '', '', '', '', ''),
(565, 515, 'Packing and Unpacking', 1, '', '', '', '', '', '', '', ''),
(566, 516, 'Piano Moving', 1, '', '', '', '', '', '', '', ''),
(567, 517, 'Pool Table Moving', 1, '', '', '', '', '', '', '', ''),
(568, 518, 'Outdoor Structures', 1, '', '', '', '', '', '', '', ''),
(569, 519, 'Awning Installation', 1, '', '', '', '', '', '', '', ''),
(570, 520, 'Awning Repair and Maintenance', 1, '', '', '', '', '', '', '', ''),
(571, 521, 'Fence and Gate Installation', 1, '', '', '', '', '', '', '', ''),
(572, 522, 'Fence and Gate Repairs', 1, '', '', '', '', '', '', '', ''),
(573, 523, 'Gazebo Assembly', 1, '', '', '', '', '', '', '', ''),
(574, 524, 'Gazebo Installation', 1, '', '', '', '', '', '', '', ''),
(575, 525, 'Gazebo Repair and Maintenance', 1, '', '', '', '', '', '', '', ''),
(576, 526, 'Mudjacking', 1, '', '', '', '', '', '', '', ''),
(577, 527, 'Outdoor Equipment or Furniture Assembly', 1, '', '', '', '', '', '', '', ''),
(578, 528, 'Patio Cover Installation', 1, '', '', '', '', '', '', '', ''),
(579, 529, 'Patio Cover Repair and Maintenance', 1, '', '', '', '', '', '', '', ''),
(580, 530, 'Play Equipment Construction', 1, '', '', '', '', '', '', '', ''),
(581, 531, 'Swimming Pool Installation', 1, '', '', '', '', '', '', '', ''),
(582, 532, 'Water Dock Services', 1, '', '', '', '', '', '', '', ''),
(583, 533, 'Well System Work', 1, '', '', '', '', '', '', '', ''),
(584, 534, 'Painting', 1, '', '', '', '', '', '', '', ''),
(585, 535, 'Cabinet Painting', 1, '', '', '', '', '', '', '', ''),
(586, 536, 'Exterior Painting', 1, '', '', '', '', '', '', '', ''),
(587, 537, 'Faux Finishing or Painting', 1, '', '', '', '', '', '', '', ''),
(588, 538, 'Fence Painting', 1, '', '', '', '', '', '', '', ''),
(589, 539, 'Floor Painting or Coating', 1, '', '', '', '', '', '', '', ''),
(590, 540, 'Interior Painting', 1, '', '', '', '', '', '', '', ''),
(591, 541, 'Paint Removal', 1, '', '', '', '', '', '', '', ''),
(592, 542, 'Plumbing', 1, '', '', '', '', '', '', '', ''),
(593, 543, 'Emergency Plumbing', 1, '', '', '', '', '', '', '', ''),
(594, 544, 'Gas Line Installation', 1, '', '', '', '', '', '', '', ''),
(595, 545, 'Plumbing Drain Repair', 1, '', '', '', '', '', '', '', ''),
(596, 546, 'Plumbing Pipe Installation or Replacement', 1, '', '', '', '', '', '', '', ''),
(597, 547, 'Plumbing Pipe Repair', 1, '', '', '', '', '', '', '', ''),
(598, 548, 'Septic System Installation or Replacement', 1, '', '', '', '', '', '', '', ''),
(599, 549, 'Septic System Repair or Maintenance', 1, '', '', '', '', '', '', '', ''),
(600, 550, 'Shower and Bathtub Installation or Replacement', 1, '', '', '', '', '', '', '', ''),
(601, 551, 'Shower and Bathtub Repair', 1, '', '', '', '', '', '', '', ''),
(602, 552, 'Sink or Faucet Installation or Replacement', 1, '', '', '', '', '', '', '', ''),
(603, 553, 'Sink or Faucet Repair', 1, '', '', '', '', '', '', '', ''),
(604, 554, 'Sump Pump Installation or Replacement', 1, '', '', '', '', '', '', '', ''),
(605, 555, 'Sump Pump Repair or Maintenance', 1, '', '', '', '', '', '', '', ''),
(606, 556, 'Toilet Installation or Replacement', 1, '', '', '', '', '', '', '', ''),
(607, 557, 'Toilet Repair', 1, '', '', '', '', '', '', '', ''),
(608, 558, 'Water Heater Installation or Replacement', 1, '', '', '', '', '', '', '', ''),
(609, 559, 'Water Heater Repair or Maintenance', 1, '', '', '', '', '', '', '', ''),
(610, 560, 'Water Treatment Repair or Maintenance', 1, '', '', '', '', '', '', '', ''),
(611, 561, 'Water Treatment System Installation or Replacement', 1, '', '', '', '', '', '', '', ''),
(612, 562, 'Pools, Hot Tubs and Spas', 1, '', '', '', '', '', '', '', ''),
(613, 563, 'Above Ground Swimming Pool Installation', 1, '', '', '', '', '', '', '', ''),
(614, 564, 'Hot Tub and Spa Cleaning and Maintenance', 1, '', '', '', '', '', '', '', ''),
(615, 565, 'Hot Tub and Spa Installation', 1, '', '', '', '', '', '', '', ''),
(616, 566, 'test', 1, '', '', '', '', '', '', '', ''),
(617, 567, 'Hot Tub and Spa Repair', 1, '', '', '', '', '', '', '', ''),
(618, 563, 'Above Ground Swimming Pool Installation', 2, '', '', '', '', '', '', '', ''),
(619, 565, 'Hot Tub and Spa Installation', 2, '', '', '', '', '', '', '', ''),
(620, 567, 'Hot Tub and Spa Repair', 2, '', '', '', '', '', '', '', ''),
(621, 568, 'In-Ground Swimming Pool Construction', 1, '', '', '', '', '', '', '', ''),
(622, 568, 'In-Ground Swimming Pool Construction', 2, '', '', '', '', '', '', '', ''),
(623, 569, 'In-Ground Swimming Pool Construction', 1, '', '', '', '', '', '', '', ''),
(624, 570, 'Roofing', 1, '', '', '', '', '', '', '', ''),
(625, 571, 'Roof Installation or Replacement', 1, '', '', '', '', '', '', '', ''),
(626, 572, 'Swimming Pool Cleaning or Maintenance', 1, '', '', '', '', '', '', '', ''),
(627, 573, 'Roof Repair or Maintenance', 1, '', '', '', '', '', '', '', ''),
(628, 574, 'Security and Damage Prevention/Repair', 1, '', '', '', '', '', '', '', ''),
(629, 575, 'Animal Removal Services', 1, '', '', '', '', '', '', '', ''),
(630, 576, 'Bed Bug Extermination', 1, '', '', '', '', '', '', '', ''),
(631, 577, 'ome Security and Alarm Repair and Modification', 1, '', '', '', '', '', '', '', ''),
(632, 578, 'Home Security and Alarms Install', 1, '', '', '', '', '', '', '', ''),
(633, 579, 'Home Waterproofing', 1, '', '', '', '', '', '', '', ''),
(634, 580, 'Pest Control Services', 1, '', '', '', '', '', '', '', ''),
(635, 581, 'Radon Mitigation', 1, '', '', '', '', '', '', '', ''),
(636, 582, 'Rodent Removal', 1, '', '', '', '', '', '', '', ''),
(637, 583, 'Weatherization', 1, '', '', '', '', '', '', '', ''),
(638, 584, 'Siding', 1, '', '', '', '', '', '', '', ''),
(639, 585, 'Siding Installation', 1, '', '', '', '', '', '', '', ''),
(640, 586, 'Siding Removal', 1, '', '', '', '', '', '', '', ''),
(641, 587, 'Mobile Home Skirting Installation', 1, '', '', '', '', '', '', '', ''),
(642, 588, 'Siding Repair', 1, '', '', '', '', '', '', '', ''),
(643, 589, 'Site Preparation', 1, '', '', '', '', '', '', '', ''),
(644, 590, 'Dirt or Gravel Removal', 1, '', '', '', '', '', '', '', ''),
(645, 591, 'Excavation Services', 1, '', '', '', '', '', '', '', ''),
(646, 592, 'Land Clearing', 1, '', '', '', '', '', '', '', ''),
(647, 593, 'Swimming Pool Removal', 1, '', '', '', '', '', '', '', ''),
(648, 594, 'Tiling', 1, '', '', '', '', '', '', '', ''),
(649, 595, 'Tile Installation and Replacement', 1, '', '', '', '', '', '', '', ''),
(650, 596, 'Tile Repair', 1, '', '', '', '', '', '', '', ''),
(651, 597, 'Walls, Framing, and Stairs', 1, '', '', '', '', '', '', '', ''),
(652, 598, 'Drywall Installation and Hanging', 1, '', '', '', '', '', '', '', ''),
(653, 599, 'Insulation', 1, '', '', '', '', '', '', '', ''),
(654, 600, 'Drywall Repair and Texturing', 1, '', '', '', '', '', '', '', ''),
(655, 601, 'Plastering', 1, '', '', '', '', '', '', '', ''),
(656, 598, 'Drywall Installation and Hanging', 2, '', '', '', '', '', '', '', ''),
(657, 600, 'Drywall Repair and Texturing', 2, '', '', '', '', '', '', '', ''),
(658, 569, 'In-Ground Swimming Pool Construction', 2, '', '', '', '', '', '', '', ''),
(659, 572, 'Swimming Pool Cleaning or Maintenance', 2, '', '', '', '', '', '', '', ''),
(660, 602, 'Popcorn Texture Removal', 1, '', '', '', '', '', '', '', ''),
(661, 603, 'Railing Repair', 1, '', '', '', '', '', '', '', ''),
(662, 604, 'Sound Proofing', 1, '', '', '', '', '', '', '', ''),
(663, 602, 'Popcorn Texture Removal', 2, '', '', '', '', '', '', '', ''),
(664, 604, 'Sound Proofing', 2, '', '', '', '', '', '', '', ''),
(665, 605, 'Windows', 1, '', '', '', '', '', '', '', ''),
(666, 606, 'Commercial Window Tinting', 1, '', '', '', '', '', '', '', ''),
(667, 607, 'Residential Window Tinting', 1, '', '', '', '', '', '', '', ''),
(668, 608, 'Screen Installation or Replacement', 1, '', '', '', '', '', '', '', ''),
(669, 609, 'Shutter Installation', 1, '', '', '', '', '', '', '', ''),
(670, 610, 'Shutter Removal', 1, '', '', '', '', '', '', '', ''),
(671, 611, 'Shutter Repair', 1, '', '', '', '', '', '', '', ''),
(672, 612, 'Shutters', 1, '', '', '', '', '', '', '', ''),
(673, 613, 'Skylight Installation or Repair', 1, '', '', '', '', '', '', '', ''),
(674, 614, 'Window Blinds Installation or Replacement', 1, '', '', '', '', '', '', '', ''),
(675, 615, 'Window Blinds Repair', 1, '', '', '', '', '', '', '', ''),
(676, 616, 'Window Installation', 1, '', '', '', '', '', '', '', ''),
(677, 617, 'Window Repair', 1, '', '', '', '', '', '', '', ''),
(678, 618, 'Window Treatment Installation or Replacement', 1, '', '', '', '', '', '', '', ''),
(679, 577, 'ome Security and Alarm Repair and Modification', 2, '', '', '', '', '', '', '', ''),
(680, 619, 'Installation', 1, '', '', '', '', '', '', '', ''),
(681, 620, 'Swimming Pool Cleaning or Maintenance', 1, '', '', '', '', '', '', '', ''),
(682, 621, 'Swimming Pool Repair', 1, '', '', '', '', '', '', '', ''),
(683, 620, 'Swimming Pool Cleaning or Maintenance', 2, '', '', '', '', '', '', '', ''),
(684, 619, 'Installation', 2, '', '', '', '', '', '', '', ''),
(685, 622, 'Academic Tutoring', 1, '', '', '', '', '', '', '', ''),
(686, 623, 'ACT Tutoring', 1, '', '', '', '', '', '', '', ''),
(687, 624, 'ASVAB Tutoring', 1, '', '', '', '', '', '', '', ''),
(688, 625, 'Algebra Tutoring', 1, '', '', '', '', '', '', '', ''),
(689, 626, 'Basic Math Tutoring', 1, '', '', '', '', '', '', '', ''),
(690, 627, 'Biology Tutoring', 1, '', '', '', '', '', '', '', ''),
(691, 628, 'Calculus Tutoring', 1, '', '', '', '', '', '', '', ''),
(692, 629, 'Chemistry Tutoring', 1, '', '', '', '', '', '', '', ''),
(693, 630, 'College Admissions Counseling', 1, '', '', '', '', '', '', '', ''),
(694, 631, 'College-level Math Tutoring', 1, '', '', '', '', '', '', '', ''),
(695, 632, 'Economics Tutoring', 1, '', '', '', '', '', '', '', ''),
(696, 633, 'Elementary School Math Tutoring (K-5)', 1, '', '', '', '', '', '', '', ''),
(697, 634, 'GED Tutoring', 1, '', '', '', '', '', '', '', ''),
(698, 635, 'GMAT Tutoring', 1, '', '', '', '', '', '', '', ''),
(699, 636, 'GRE Tutoring', 1, '', '', '', '', '', '', '', ''),
(700, 637, 'Geometry Tutoring', 1, '', '', '', '', '', '', '', ''),
(701, 638, 'Grad School Math Tutoring', 1, '', '', '', '', '', '', '', ''),
(702, 639, 'High School Math Tutoring (Grades 9-12)', 1, '', '', '', '', '', '', '', ''),
(703, 640, 'History Tutoring', 1, '', '', '', '', '', '', '', ''),
(704, 641, 'ISEE Tutoring', 1, '', '', '', '', '', '', '', ''),
(705, 642, 'LSAT Tutoring', 1, '', '', '', '', '', '', '', ''),
(706, 643, 'MCAT Tutoring', 1, '', '', '', '', '', '', '', ''),
(707, 644, 'Math Tutoring', 1, '', '', '', '', '', '', '', ''),
(708, 645, 'Middle School Math Tutoring (Grades 6-8)', 1, '', '', '', '', '', '', '', ''),
(709, 646, 'Multi-Subject Tutoring', 1, '', '', '', '', '', '', '', ''),
(710, 647, 'NCLEX Tutoring', 1, '', '', '', '', '', '', '', ''),
(711, 648, 'Physics Tutoring', 1, '', '', '', '', '', '', '', ''),
(712, 649, 'Precalculus Tutoring', 1, '', '', '', '', '', '', '', ''),
(713, 650, 'Reading and Writing Tutoring', 1, '', '', '', '', '', '', '', ''),
(714, 651, 'SAT II Tutoring', 1, '', '', '', '', '', '', '', ''),
(715, 652, 'SAT Tutoring', 1, '', '', '', '', '', '', '', ''),
(716, 653, 'Science Tutoring', 1, '', '', '', '', '', '', '', ''),
(717, 654, 'Social Studies Tutoring', 1, '', '', '', '', '', '', '', ''),
(718, 655, 'Statistics Tutoring', 1, '', '', '', '', '', '', '', ''),
(719, 656, 'TOEFL Tutoring', 1, '', '', '', '', '', '', '', ''),
(720, 657, 'Teacher Training', 1, '', '', '', '', '', '', '', ''),
(721, 658, 'Trigonometry Tutoring', 1, '', '', '', '', '', '', '', ''),
(722, 177, 'Wedding Videography', 1, '', '', '', '', '', '', '', ''),
(723, 177, '', 2, '', '', '', '', '', '', '', ''),
(724, 178, 'Wedding', 1, '', '', '', '', '', '', '', ''),
(725, 178, '', 2, '', '', '', '', '', '', '', ''),
(726, 179, 'Bridal Stylist', 1, '', '', '', '', '', '', '', ''),
(727, 179, '', 2, '', '', '', '', '', '', '', ''),
(728, 180, 'Honeymoon Travel Specialist', 1, '', '', '', '', '', '', '', ''),
(729, 180, '', 2, '', '', '', '', '', '', '', ''),
(730, 181, 'Wedding Cakes', 1, '', '', '', '', '', '', '', ''),
(731, 181, '', 2, '', '', '', '', '', '', '', ''),
(732, 182, 'Wedding Catering', 1, '', '', '', '', '', '', '', ''),
(733, 182, '', 2, '', '', '', '', '', '', '', ''),
(734, 183, 'Wedding Coordination', 1, '', '', '', '', '', '', '', ''),
(735, 183, '', 2, '', '', '', '', '', '', '', ''),
(736, 184, 'Wedding Dance Lessons', 1, '', '', '', '', '', '', '', ''),
(737, 184, '', 2, '', '', '', '', '', '', '', ''),
(738, 185, 'Wedding Decorating', 1, '', '', '', '', '', '', '', ''),
(739, 185, '', 2, '', '', '', '', '', '', '', ''),
(740, 186, 'Wedding Florist', 1, '', '', '', '', '', '', '', ''),
(741, 186, '', 2, '', '', '', '', '', '', '', ''),
(742, 187, 'Wedding Henna Tattooing', 1, '', '', '', '', '', '', '', ''),
(743, 187, '', 2, '', '', '', '', '', '', '', ''),
(744, 188, 'Wedding Officiant', 1, '', '', '', '', '', '', '', ''),
(745, 188, '', 2, '', '', '', '', '', '', '', ''),
(746, 189, 'Wedding Planning', 1, '', '', '', '', '', '', '', ''),
(747, 189, '', 2, '', '', '', '', '', '', '', ''),
(748, 190, 'Wedding Ring Services', 1, '', '', '', '', '', '', '', ''),
(749, 190, '', 2, '', '', '', '', '', '', '', ''),
(750, 191, 'Wedding Venue Services', 1, '', '', '', '', '', '', '', ''),
(751, 191, '', 2, '', '', '', '', '', '', '', ''),
(752, 192, 'Accessibility Construction and Remodels', 1, '', '', '', '', '', '', '', ''),
(753, 192, '', 2, '', '', '', '', '', '', '', ''),
(754, 193, 'Doorway Widening', 1, '', '', '', '', '', '', '', ''),
(755, 193, '', 2, '', '', '', '', '', '', '', ''),
(756, 194, 'Home Modification for Accessibility', 1, '', '', '', '', '', '', '', ''),
(757, 194, '', 2, '', '', '', '', '', '', '', ''),
(758, 195, 'Roll-in Shower Installation', 1, '', '', '', '', '', '', '', ''),
(759, 195, '', 2, '', '', '', '', '', '', '', '');
INSERT INTO `industry_language` (`id`, `industry_id`, `industry_name`, `language_id`, `seo_name`, `synonym_keyword`, `search_phrases`, `sort_name`, `short_description`, `long_description`, `size1`, `size2`) VALUES
(760, 196, 'Shower Grab Bar Installation', 1, '', '', '', '', '', '', '', ''),
(761, 196, '', 2, '', '', '', '', '', '', '', ''),
(762, 198, 'Wheelchair Ramp Installation', 1, '', '', '', '', '', '', '', ''),
(763, 198, '', 2, '', '', '', '', '', '', '', ''),
(764, 199, 'Wheelchair Ramp Repair', 1, '', '', '', '', '', '', '', ''),
(765, 199, '', 2, '', '', '', '', '', '', '', ''),
(766, 200, 'Additions and Remodels', 1, '', '', '', '', '', '', '', ''),
(767, 200, '', 2, '', '', '', '', '', '', '', ''),
(768, 201, 'Attic Remodel', 1, '', '', '', '', '', '', '', ''),
(769, 201, '', 2, '', '', '', '', '', '', '', ''),
(770, 202, 'Balcony Addition', 1, '', '', '', '', '', '', '', ''),
(771, 202, '', 2, '', '', '', '', '', '', '', ''),
(772, 203, 'Balcony Remodel', 1, '', '', '', '', '', '', '', ''),
(773, 203, '', 2, '', '', '', '', '', '', '', ''),
(774, 204, 'Balcony Repair', 1, '', '', '', '', '', '', '', ''),
(775, 204, '', 2, '', '', '', '', '', '', '', ''),
(776, 205, 'Basement Finishing or Remodeling', 1, '', '', '', '', '', '', '', ''),
(777, 205, '', 2, '', '', '', '', '', '', '', ''),
(778, 206, 'Bathroom Remodel', 1, '', '', '', '', '', '', '', ''),
(779, 206, '', 2, '', '', '', '', '', '', '', ''),
(780, 207, 'Child Proofing', 1, '', '', '', '', '', '', '', ''),
(781, 207, '', 2, '', '', '', '', '', '', '', ''),
(782, 208, '', 2, '', '', '', '', '', '', '', ''),
(783, 209, 'Deck Sealing', 1, '', '', '', '', '', '', '', ''),
(784, 209, '', 2, '', '', '', '', '', '', '', ''),
(785, 210, 'Deck Staining', 1, '', '', '', '', '', '', '', ''),
(786, 210, '', 2, '', '', '', '', '', '', '', ''),
(787, 211, 'Deck or Porch Remodel or Addition', 1, '', '', '', '', '', '', '', ''),
(788, 211, '', 2, '', '', '', '', '', '', '', ''),
(789, 213, 'Demolition Services', 1, '', '', '', '', '', '', '', ''),
(790, 213, '', 2, '', '', '', '', '', '', '', ''),
(791, 214, 'Energy Efficiency Remodel', 1, '', '', '', '', '', '', '', ''),
(792, 214, '', 2, '', '', '', '', '', '', '', ''),
(793, 215, 'Fire Escape Installation', 1, '', '', '', '', '', '', '', ''),
(794, 215, '', 2, '', '', '', '', '', '', '', ''),
(795, 216, 'Fire Escape Maintenance and Repair', 1, '', '', '', '', '', '', '', ''),
(796, 216, '', 2, '', '', '', '', '', '', '', ''),
(797, 217, 'Foundation Installation', 1, '', '', '', '', '', '', '', ''),
(798, 217, '', 2, '', '', '', '', '', '', '', ''),
(799, 218, 'Foundation Raising', 1, '', '', '', '', '', '', '', ''),
(800, 218, '', 2, '', '', '', '', '', '', '', ''),
(801, 219, 'Foundation Repair', 1, '', '', '', '', '', '', '', ''),
(802, 219, '', 2, '', '', '', '', '', '', '', ''),
(803, 220, 'Home Modification for Seniors', 1, '', '', '', '', '', '', '', ''),
(804, 220, '', 2, '', '', '', '', '', '', '', ''),
(805, 221, 'Home Remodeling', 1, '', '', '', '', '', '', '', ''),
(806, 221, '', 2, '', '', '', '', '', '', '', ''),
(807, 222, 'Interior Wall Addition', 1, '', '', '', '', '', '', '', ''),
(808, 222, '', 2, '', '', '', '', '', '', '', ''),
(809, 224, 'Kitchen Island Installation', 1, '', '', '', '', '', '', '', ''),
(810, 224, '', 2, '', '', '', '', '', '', '', ''),
(811, 225, 'Kitchen Island Removal', 1, '', '', '', '', '', '', '', ''),
(812, 225, '', 2, '', '', '', '', '', '', '', ''),
(813, 226, 'Kitchen Remodel', 1, '', '', '', '', '', '', '', ''),
(814, 226, '', 2, '', '', '', '', '', '', '', ''),
(815, 227, 'New Home Construction', 1, '', '', '', '', '', '', '', ''),
(816, 227, '', 2, '', '', '', '', '', '', '', ''),
(817, 228, 'Outdoor Kitchen Remodel or Addition', 1, '', '', '', '', '', '', '', ''),
(818, 228, '', 2, '', '', '', '', '', '', '', ''),
(819, 229, 'Patio Remodel or Addition', 1, '', '', '', '', '', '', '', ''),
(820, 229, '', 2, '', '', '', '', '', '', '', ''),
(821, 230, 'Patio Repair', 1, '', '', '', '', '', '', '', ''),
(822, 230, '', 2, '', '', '', '', '', '', '', ''),
(823, 231, 'Railing Installation or Remodel', 1, '', '', '', '', '', '', '', ''),
(824, 231, '', 2, '', '', '', '', '', '', '', ''),
(825, 232, 'Remodel a Room', 1, '', '', '', '', '', '', '', ''),
(826, 232, '', 2, '', '', '', '', '', '', '', ''),
(827, 233, 'Room Extension', 1, '', '', '', '', '', '', '', ''),
(828, 233, '', 2, '', '', '', '', '', '', '', ''),
(829, 234, 'Room Splitting', 1, '', '', '', '', '', '', '', ''),
(830, 234, '', 2, '', '', '', '', '', '', '', ''),
(831, 235, 'Sauna Installation', 1, '', '', '', '', '', '', '', ''),
(832, 235, '', 2, '', '', '', '', '', '', '', ''),
(833, 236, 'Sauna Repair or Maintenance', 1, '', '', '', '', '', '', '', ''),
(834, 236, '', 2, '', '', '', '', '', '', '', ''),
(835, 237, 'Stair Installation or Remodel', 1, '', '', '', '', '', '', '', ''),
(836, 237, '', 2, '', '', '', '', '', '', '', ''),
(837, 238, 'Stair and Staircase Repair', 1, '', '', '', '', '', '', '', ''),
(838, 238, '', 2, '', '', '', '', '', '', '', ''),
(839, 239, 'Barn Construction', 1, '', '', '', '', '', '', '', ''),
(840, 239, '', 2, '', '', '', '', '', '', '', ''),
(841, 240, 'Carport Addition', 1, '', '', '', '', '', '', '', ''),
(842, 240, '', 2, '', '', '', '', '', '', '', ''),
(843, 241, 'Closet Remodel', 1, '', '', '', '', '', '', '', ''),
(844, 241, '', 2, '', '', '', '', '', '', '', ''),
(845, 242, 'Garage Addition', 1, '', '', '', '', '', '', '', ''),
(846, 242, '', 2, '', '', '', '', '', '', '', ''),
(847, 243, 'Garage Remodel', 1, '', '', '', '', '', '', '', ''),
(848, 243, '', 2, '', '', '', '', '', '', '', ''),
(849, 244, 'Greenhouse Addition', 1, '', '', '', '', '', '', '', ''),
(850, 244, '', 2, '', '', '', '', '', '', '', ''),
(851, 245, 'Pergola Addition', 1, '', '', '', '', '', '', '', ''),
(852, 245, '', 2, '', '', '', '', '', '', '', ''),
(853, 246, 'Playhouse Construction', 1, '', '', '', '', '', '', '', ''),
(854, 246, '', 2, '', '', '', '', '', '', '', ''),
(855, 247, 'Shed Construction', 1, '', '', '', '', '', '', '', ''),
(856, 247, '', 2, '', '', '', '', '', '', '', ''),
(857, 248, 'Sunroom Construction', 1, '', '', '', '', '', '', '', ''),
(858, 248, '', 2, '', '', '', '', '', '', '', ''),
(859, 249, 'Yurt Construction', 1, '', '', '', '', '', '', '', ''),
(860, 249, '', 2, '', '', '', '', '', '', '', ''),
(861, 250, 'Appliances', 1, '', '', '', '', '', '', '', ''),
(862, 250, '', 2, '', '', '', '', '', '', '', ''),
(863, 251, 'Appliance Installation', 1, '', '', '', '', '', '', '', ''),
(864, 251, '', 2, '', '', '', '', '', '', '', ''),
(865, 252, 'Appliance Repair or Maintenance', 1, '', '', '', '', '', '', '', ''),
(866, 252, '', 2, '', '', '', '', '', '', '', ''),
(867, 253, 'Dishwasher Installation', 1, '', '', '', '', '', '', '', ''),
(868, 253, '', 2, '', '', '', '', '', '', '', ''),
(869, 254, 'Dryer Vent Installation or Replacement', 1, '', '', '', '', '', '', '', ''),
(870, 254, '', 2, '', '', '', '', '', '', '', ''),
(871, 255, 'Fan Repair', 1, '', '', '', '', '', '', '', ''),
(872, 255, '', 2, '', '', '', '', '', '', '', ''),
(873, 256, 'Garbage Disposal Installation', 1, '', '', '', '', '', '', '', ''),
(874, 256, '', 2, '', '', '', '', '', '', '', ''),
(875, 257, 'Garbage Disposal Repair', 1, '', '', '', '', '', '', '', ''),
(876, 257, '', 2, '', '', '', '', '', '', '', ''),
(877, 258, 'Lawn Mower Repair', 1, '', '', '', '', '', '', '', ''),
(878, 258, '', 2, '', '', '', '', '', '', '', ''),
(879, 259, 'Refrigerator Installation', 1, '', '', '', '', '', '', '', ''),
(880, 259, '', 2, '', '', '', '', '', '', '', ''),
(881, 260, 'Satellite Dish Services', 1, '', '', '', '', '', '', '', ''),
(882, 260, '', 2, '', '', '', '', '', '', '', ''),
(883, 261, 'Vacuum Cleaner Installation', 1, '', '', '', '', '', '', '', ''),
(884, 261, '', 2, '', '', '', '', '', '', '', ''),
(885, 262, 'Washing Machine Installation', 1, '', '', '', '', '', '', '', ''),
(886, 262, '', 2, '', '', '', '', '', '', '', ''),
(887, 263, 'Architectural and Engineering Services', 1, '', '', '', '', '', '', '', ''),
(888, 263, '', 2, '', '', '', '', '', '', '', ''),
(889, 264, 'Structural Engineering Services', 1, '', '', '', '', '', '', '', ''),
(890, 264, '', 2, '', '', '', '', '', '', '', ''),
(891, 265, 'Architectural Services', 1, '', '', '', '', '', '', '', ''),
(892, 265, '', 2, '', '', '', '', '', '', '', ''),
(893, 266, 'Carpentry and Woodworking', 1, '', '', '', '', '', '', '', ''),
(894, 266, '', 2, '', '', '', '', '', '', '', ''),
(895, 267, 'Cabinet Installation', 1, '', '', '', '', '', '', '', ''),
(896, 267, '', 2, '', '', '', '', '', '', '', ''),
(897, 268, 'Cabinet Refacing', 1, '', '', '', '', '', '', '', ''),
(898, 268, '', 2, '', '', '', '', '', '', '', ''),
(899, 269, 'Cabinet Refinishing', 1, '', '', '', '', '', '', '', ''),
(900, 269, '', 2, '', '', '', '', '', '', '', ''),
(901, 270, 'Cabinet Repair', 1, '', '', '', '', '', '', '', ''),
(902, 270, '', 2, '', '', '', '', '', '', '', ''),
(903, 271, 'Cabinetry', 1, '', '', '', '', '', '', '', ''),
(904, 271, '', 2, '', '', '', '', '', '', '', ''),
(905, 272, 'Custom Cabinet Building', 1, '', '', '', '', '', '', '', ''),
(906, 272, '', 2, '', '', '', '', '', '', '', ''),
(907, 273, 'Custom Furniture Building', 1, '', '', '', '', '', '', '', ''),
(908, 273, '', 2, '', '', '', '', '', '', '', ''),
(909, 274, 'Framing Carpentry', 1, '', '', '', '', '', '', '', ''),
(910, 274, '', 2, '', '', '', '', '', '', '', ''),
(911, 275, 'General Carpentry', 1, '', '', '', '', '', '', '', ''),
(912, 275, '', 2, '', '', '', '', '', '', '', ''),
(913, 276, 'Trim or Molding Installation', 1, '', '', '', '', '', '', '', ''),
(914, 276, '', 2, '', '', '', '', '', '', '', ''),
(915, 277, 'Finish Carpentry', 1, '', '', '', '', '', '', '', ''),
(916, 277, '', 2, '', '', '', '', '', '', '', ''),
(917, 278, 'Cleaning', 1, '', '', '', '', '', '', '', ''),
(918, 278, '', 2, '', '', '', '', '', '', '', ''),
(919, 279, 'Asbestos Removal', 1, '', '', '', '', '', '', '', ''),
(920, 279, '', 2, '', '', '', '', '', '', '', ''),
(921, 280, 'Carpet Cleaning', 1, '', '', '', '', '', '', '', ''),
(922, 280, '', 2, '', '', '', '', '', '', '', ''),
(923, 281, 'Chimney Cleaning', 1, '', '', '', '', '', '', '', ''),
(924, 281, '', 2, '', '', '', '', '', '', '', ''),
(925, 282, 'Commercial Carpet Cleaning', 1, '', '', '', '', '', '', '', ''),
(926, 282, '', 2, '', '', '', '', '', '', '', ''),
(927, 284, 'Curtain Cleaning', 1, '', '', '', '', '', '', '', ''),
(928, 284, '', 2, '', '', '', '', '', '', '', ''),
(929, 285, 'Dryer Vent Cleaning', 1, '', '', '', '', '', '', '', ''),
(930, 285, '', 2, '', '', '', '', '', '', '', ''),
(931, 286, 'Dumpster Rental', 2, '', '', '', '', '', '', '', ''),
(932, 287, 'Fire Damage Restoration Cleaning', 2, '', '', '', '', '', '', '', ''),
(933, 659, 'Cooking', 1, '', '', '', '', '', '', '', ''),
(934, 660, 'Private Cooking Lessons', 1, '', '', '', '', '', '', '', ''),
(935, 661, 'Dancing', 1, '', '', '', '', '', '', '', ''),
(936, 662, 'Ballroom Dance Lessons', 1, '', '', '', '', '', '', '', ''),
(937, 663, 'Belly Dance Lessons', 1, '', '', '', '', '', '', '', ''),
(938, 664, 'Dance Choreography Lessons', 1, '', '', '', '', '', '', '', ''),
(939, 665, 'Hip Hop Dance Lessons', 1, '', '', '', '', '', '', '', ''),
(940, 666, 'Private Dance Lessons (for me or my group)', 1, '', '', '', '', '', '', '', ''),
(941, 667, 'Private Salsa Dance Lessons (for me or my group)', 1, '', '', '', '', '', '', '', ''),
(942, 668, 'Tango Dance Lessons', 1, '', '', '', '', '', '', '', ''),
(943, 669, 'Tap Dance Lessons', 1, '', '', '', '', '', '', '', ''),
(944, 670, 'Fitness', 1, '', '', '', '', '', '', '', ''),
(945, 671, 'Climbing Lessons', 1, '', '', '', '', '', '', '', ''),
(946, 672, 'Cycling Training', 1, '', '', '', '', '', '', '', ''),
(947, 673, 'Golf Lessons', 1, '', '', '', '', '', '', '', ''),
(948, 674, 'Horseback Riding Lessons', 1, '', '', '', '', '', '', '', ''),
(949, 675, 'Horseback Riding Lessons (for adults)', 1, '', '', '', '', '', '', '', ''),
(950, 676, 'Horseback Riding Lessons (for children or teenagers)', 1, '', '', '', '', '', '', '', ''),
(951, 677, 'Private Swim Lessons', 1, '', '', '', '', '', '', '', ''),
(952, 678, 'Private Tennis Instruction (for me or my group)', 1, '', '', '', '', '', '', '', ''),
(953, 679, 'Running and Jogging Lessons', 1, '', '', '', '', '', '', '', ''),
(954, 680, 'Scuba Diving Lessons', 1, '', '', '', '', '', '', '', ''),
(955, 681, 'Volleyball Lessons', 1, '', '', '', '', '', '', '', ''),
(956, 682, 'Language', 1, '', '', '', '', '', '', '', ''),
(957, 683, 'Arabic Lessons', 1, '', '', '', '', '', '', '', ''),
(958, 684, 'ESL (English as a Second Language) Lessons', 1, '', '', '', '', '', '', '', ''),
(959, 685, 'French Lessons', 1, '', '', '', '', '', '', '', ''),
(960, 686, 'German Lessons', 1, '', '', '', '', '', '', '', ''),
(961, 687, 'Hebrew Lessons', 1, '', '', '', '', '', '', '', ''),
(962, 688, 'Italian Lessons', 1, '', '', '', '', '', '', '', ''),
(963, 689, 'Japanese Lessons', 1, '', '', '', '', '', '', '', ''),
(964, 690, 'Korean Lessons', 1, '', '', '', '', '', '', '', ''),
(965, 691, 'Mandarin Lessons', 1, '', '', '', '', '', '', '', ''),
(966, 692, 'Portuguese Lessons', 1, '', '', '', '', '', '', '', ''),
(967, 693, 'Sign Language Lessons', 1, '', '', '', '', '', '', '', ''),
(968, 694, 'Spanish Lessons', 1, '', '', '', '', '', '', '', ''),
(969, 695, 'Specialized Language Lessons', 1, '', '', '', '', '', '', '', ''),
(970, 696, 'Music', 1, '', '', '', '', '', '', '', ''),
(971, 697, 'Bagpipe Lessons', 1, '', '', '', '', '', '', '', ''),
(972, 698, 'Banjo Lessons', 1, '', '', '', '', '', '', '', ''),
(973, 699, 'Banjo Lessons (for adults)', 1, '', '', '', '', '', '', '', ''),
(974, 700, 'Bass Guitar Lessons', 1, '', '', '', '', '', '', '', ''),
(975, 701, 'Bass Guitar Lessons (for adults)', 1, '', '', '', '', '', '', '', ''),
(976, 702, 'Bass Guitar Lessons (for children or teenagers)', 1, '', '', '', '', '', '', '', ''),
(977, 703, 'Cello Lessons', 1, '', '', '', '', '', '', '', ''),
(978, 704, 'Cello Lessons (for adults)', 1, '', '', '', '', '', '', '', ''),
(979, 705, 'Cello Lessons (for children or teenagers)', 1, '', '', '', '', '', '', '', ''),
(980, 706, 'Clarinet Lessons', 1, '', '', '', '', '', '', '', ''),
(981, 707, 'Clarinet Lessons (for adults)', 1, '', '', '', '', '', '', '', ''),
(982, 708, 'Clarinet Lessons (for children or teenagers)', 1, '', '', '', '', '', '', '', ''),
(983, 709, 'Double Bass Lessons (for adults)', 1, '', '', '', '', '', '', '', ''),
(984, 710, 'Double Bass Lessons (for children or teenagers)', 1, '', '', '', '', '', '', '', ''),
(985, 711, 'Drum Lessons', 1, '', '', '', '', '', '', '', ''),
(986, 712, 'Drum Lessons (for adults)', 1, '', '', '', '', '', '', '', ''),
(987, 713, 'Drum Lessons (for children or teenagers)', 1, '', '', '', '', '', '', '', ''),
(988, 714, 'Fiddle Lessons', 1, '', '', '', '', '', '', '', ''),
(989, 715, 'Flute Lessons', 1, '', '', '', '', '', '', '', ''),
(990, 716, 'Flute Lessons (for adults)', 1, '', '', '', '', '', '', '', ''),
(991, 717, 'Flute Lessons (for children or teenagers)', 1, '', '', '', '', '', '', '', ''),
(992, 718, 'French Horn Lessons', 1, '', '', '', '', '', '', '', ''),
(993, 719, 'French Horn Lessons (for children or teenagers)', 1, '', '', '', '', '', '', '', ''),
(994, 720, 'Guitar Lessons', 1, '', '', '', '', '', '', '', ''),
(995, 721, 'Harmonica Lessons', 1, '', '', '', '', '', '', '', ''),
(996, 722, 'Harmonica Lessons (for adults)', 1, '', '', '', '', '', '', '', ''),
(997, 723, 'Harp Lessons (for children or teenagers)', 1, '', '', '', '', '', '', '', ''),
(998, 724, 'Keyboard Lessons', 1, '', '', '', '', '', '', '', ''),
(999, 725, 'Mandolin Lessons', 1, '', '', '', '', '', '', '', ''),
(1000, 726, 'Mandolin Lessons (for adults)', 1, '', '', '', '', '', '', '', ''),
(1001, 727, 'Music Composition Lessons', 1, '', '', '', '', '', '', '', ''),
(1002, 728, 'Music Theory Lessons', 1, '', '', '', '', '', '', '', ''),
(1003, 729, 'Oboe Lessons (for children or teenagers)', 1, '', '', '', '', '', '', '', ''),
(1004, 730, 'Piano Lessons', 1, '', '', '', '', '', '', '', ''),
(1005, 731, 'Piano Tuning', 1, '', '', '', '', '', '', '', ''),
(1006, 732, 'Saxophone Lessons', 1, '', '', '', '', '', '', '', ''),
(1007, 733, 'Saxophone Lessons (for adults)', 1, '', '', '', '', '', '', '', ''),
(1008, 734, 'Saxophone Lessons (for children or teenagers)', 1, '', '', '', '', '', '', '', ''),
(1009, 735, 'Singing Lessons', 1, '', '', '', '', '', '', '', ''),
(1010, 736, 'Trombone Lessons (for adults)', 1, '', '', '', '', '', '', '', ''),
(1011, 737, 'Trombone Lessons (for children or teenagers)', 1, '', '', '', '', '', '', '', ''),
(1012, 738, 'Trumpet Lessons', 1, '', '', '', '', '', '', '', ''),
(1013, 739, 'Trumpet Lessons (for adults)', 1, '', '', '', '', '', '', '', ''),
(1014, 740, 'Trumpet Lessons (for children or teenagers)', 1, '', '', '', '', '', '', '', ''),
(1015, 741, 'Ukulele Lessons', 1, '', '', '', '', '', '', '', ''),
(1016, 742, 'Ukulele Lessons (for adults)', 1, '', '', '', '', '', '', '', ''),
(1017, 743, 'Ukulele Lessons (for children or teenagers)', 1, '', '', '', '', '', '', '', ''),
(1018, 744, 'Viola Lessons', 1, '', '', '', '', '', '', '', ''),
(1019, 745, 'Viola Lessons (for adults)', 1, '', '', '', '', '', '', '', ''),
(1020, 746, 'Viola Lessons (for children or teenagers)', 1, '', '', '', '', '', '', '', ''),
(1021, 747, 'Violin Lessons', 1, '', '', '', '', '', '', '', ''),
(1022, 748, 'Violin Lessons (for adults)', 1, '', '', '', '', '', '', '', ''),
(1023, 749, 'Violin Lessons (for children or teenagers)', 1, '', '', '', '', '', '', '', ''),
(1024, 750, 'Skill', 1, '', '', '', '', '', '', '', ''),
(1025, 751, 'Accounting Training', 1, '', '', '', '', '', '', '', ''),
(1026, 752, 'Acting Lessons', 1, '', '', '', '', '', '', '', ''),
(1027, 753, 'Arts and Crafts Lessons', 1, '', '', '', '', '', '', '', ''),
(1028, 754, 'Audio Production Lessons', 1, '', '', '', '', '', '', '', ''),
(1029, 755, 'Business Finance Training', 1, '', '', '', '', '', '', '', ''),
(1030, 756, 'CPR Training', 1, '', '', '', '', '', '', '', ''),
(1031, 757, 'Calligraphy Lessons', 1, '', '', '', '', '', '', '', ''),
(1032, 758, 'Chess Lessons', 1, '', '', '', '', '', '', '', ''),
(1033, 759, 'Comedy Lessons', 1, '', '', '', '', '', '', '', ''),
(1034, 760, 'Computer Lessons', 1, '', '', '', '', '', '', '', ''),
(1035, 761, 'Crocheting Lessons', 1, '', '', '', '', '', '', '', ''),
(1036, 762, 'Drawing Lessons', 1, '', '', '', '', '', '', '', ''),
(1037, 763, 'Driving Lessons', 1, '', '', '', '', '', '', '', ''),
(1038, 764, 'Fabric Arts Lessons', 1, '', '', '', '', '', '', '', ''),
(1039, 765, 'Fashion and Costume Design ', 1, '', '', '', '', '', '', '', ''),
(1040, 766, 'Instruction', 1, '', '', '', '', '', '', '', ''),
(1041, 767, 'Filmmaking Lessons', 1, '', '', '', '', '', '', '', ''),
(1042, 768, 'Firearm Instruction', 1, '', '', '', '', '', '', '', ''),
(1043, 769, 'First Aid Training', 1, '', '', '', '', '', '', '', ''),
(1044, 770, 'Flower Arranging Instruction', 1, '', '', '', '', '', '', '', ''),
(1045, 771, 'Graphic Design Instruction', 1, '', '', '', '', '', '', '', ''),
(1046, 772, 'Jewelry Making Lessons', 1, '', '', '', '', '', '', '', ''),
(1047, 773, 'Knitting Lessons', 1, '', '', '', '', '', '', '', ''),
(1048, 774, 'Leadership Development Training', 1, '', '', '', '', '', '', '', ''),
(1049, 775, 'Magic Lessons', 1, '', '', '', '', '', '', '', ''),
(1050, 776, 'Makeup Artistry Lessons', 1, '', '', '', '', '', '', '', ''),
(1051, 777, 'Marketing Training', 1, '', '', '', '', '', '', '', ''),
(1052, 778, 'Medical Coding Training', 1, '', '', '', '', '', '', '', ''),
(1053, 779, 'Negotiation Training', 1, '', '', '', '', '', '', '', ''),
(1054, 780, 'Neonatal Resuscitation Program Lessons', 1, '', '', '', '', '', '', '', ''),
(1055, 781, 'Painting Lessons', 1, '', '', '', '', '', '', '', ''),
(1056, 782, 'Personal Finance Instruction', 1, '', '', '', '', '', '', '', ''),
(1057, 783, 'Photography Lessons', 1, '', '', '', '', '', '', '', ''),
(1058, 784, 'Pokemon Go Expert', 1, '', '', '', '', '', '', '', ''),
(1059, 785, 'Public Speaking Lessons', 1, '', '', '', '', '', '', '', ''),
(1060, 786, 'Quilting Lessons', 1, '', '', '', '', '', '', '', ''),
(1061, 787, 'Real Estate Training', 1, '', '', '', '', '', '', '', ''),
(1062, 788, 'Reiki Lessons', 1, '', '', '', '', '', '', '', ''),
(1063, 789, 'Safety and First Aid Instruction', 1, '', '', '', '', '', '', '', ''),
(1064, 790, 'Sales Training', 1, '', '', '', '', '', '', '', ''),
(1065, 791, 'Sculpting Lessons', 1, '', '', '', '', '', '', '', ''),
(1066, 792, 'Search Engine Optimization Training', 1, '', '', '', '', '', '', '', ''),
(1067, 793, 'Self Defense Lessons', 1, '', '', '', '', '', '', '', ''),
(1068, 794, 'Sewing Lessons', 1, '', '', '', '', '', '', '', ''),
(1069, 795, 'Silkscreening Lessons', 1, '', '', '', '', '', '', '', ''),
(1070, 796, 'Voice Over Lessons', 1, '', '', '', '', '', '', '', ''),
(1071, 797, 'Welding Instruction', 1, '', '', '', '', '', '', '', ''),
(1072, 798, 'Wine Appreciation Lessons', 1, '', '', '', '', '', '', '', ''),
(1073, 799, 'Sport', 1, '', '', '', '', '', '', '', ''),
(1074, 799, 'Sport', 2, '', '', '', '', '', '', '', ''),
(1075, 800, 'Archery Lessons', 1, '', '', '', '', '', '', '', ''),
(1076, 801, 'Baseball Lessons', 1, '', '', '', '', '', '', '', ''),
(1077, 802, 'Basketball Lessons', 1, '', '', '', '', '', '', '', ''),
(1078, 803, 'Ice Skating Instruction', 1, '', '', '', '', '', '', '', ''),
(1079, 804, 'Skateboarding Lessons', 1, '', '', '', '', '', '', '', ''),
(1080, 805, 'Soccer Lessons', 1, '', '', '', '', '', '', '', ''),
(1081, 806, 'Softball Lessons', 1, '', '', '', '', '', '', '', ''),
(1082, 807, 'Surfing Lessons', 1, '', '', '', '', '', '', '', ''),
(1083, 808, 'Table Tennis Lessons', 1, '', '', '', '', '', '', '', ''),
(1084, 809, 'Beauty Services', 1, '', '', '', '', '', '', '', ''),
(1085, 810, 'Hair coloring and highlights', 1, '', '', '', '', '', '', '', ''),
(1086, 811, 'Coaching', 1, '', '', '', '', '', '', '', ''),
(1087, 812, 'Career Coaching', 1, '', '', '', '', '', '', '', ''),
(1088, 813, 'Creativity Coaching', 1, '', '', '', '', '', '', '', ''),
(1089, 814, 'Health and Wellness coaching', 1, '', '', '', '', '', '', '', ''),
(1090, 815, 'Life Coaching', 1, '', '', '', '', '', '', '', ''),
(1091, 816, 'Stress Management Coaching', 1, '', '', '', '', '', '', '', ''),
(1092, 817, 'Time and Organizational Management', 1, '', '', '', '', '', '', '', ''),
(1093, 818, 'Work-life Balance Coaching', 1, '', '', '', '', '', '', '', ''),
(1094, 819, 'Counseling', 1, '', '', '', '', '', '', '', ''),
(1095, 820, 'Family Counseling', 1, '', '', '', '', '', '', '', ''),
(1096, 821, 'Grief Counseling', 1, '', '', '', '', '', '', '', ''),
(1097, 822, 'Hypnotherapy', 1, '', '', '', '', '', '', '', ''),
(1098, 823, 'Marriage and Relationship Counseling', 1, '', '', '', '', '', '', '', ''),
(1099, 824, 'Meditation Instruction', 1, '', '', '', '', '', '', '', ''),
(1100, 825, 'Mental Health Counseling', 1, '', '', '', '', '', '', '', ''),
(1101, 826, 'Psychology', 1, '', '', '', '', '', '', '', ''),
(1102, 827, 'Psychotherapy', 1, '', '', '', '', '', '', '', ''),
(1103, 828, 'Social Anxiety Counseling', 1, '', '', '', '', '', '', '', ''),
(1104, 829, 'Therapy', 1, '', '', '', '', '', '', '', ''),
(1105, 830, 'Exercise', 1, '', '', '', '', '', '', '', ''),
(1106, 831, 'Hatha Yoga', 1, '', '', '', '', '', '', '', ''),
(1107, 832, 'Personal Training', 1, '', '', '', '', '', '', '', ''),
(1108, 833, 'Pilates', 1, '', '', '', '', '', '', '', ''),
(1109, 834, 'Power Yoga', 1, '', '', '', '', '', '', '', ''),
(1110, 835, 'Prenatal Yoga', 1, '', '', '', '', '', '', '', ''),
(1111, 836, 'Private Yoga Instruction (for me or my group)', 1, '', '', '', '', '', '', '', ''),
(1112, 837, 'Qigong', 1, '', '', '', '', '', '', '', ''),
(1113, 838, 'Tai Chi', 1, '', '', '', '', '', '', '', ''),
(1114, 839, 'Vinyasa Flow Yoga', 1, '', '', '', '', '', '', '', ''),
(1115, 840, 'Healing', 1, '', '', '', '', '', '', '', ''),
(1116, 841, 'Acupuncture Services', 1, '', '', '', '', '', '', '', ''),
(1117, 842, 'Alternative Healing', 1, '', '', '', '', '', '', '', ''),
(1118, 843, 'Physical Therapy', 1, '', '', '', '', '', '', '', ''),
(1119, 844, 'Reiki Healing', 1, '', '', '', '', '', '', '', ''),
(1120, 845, 'Nutrition', 1, '', '', '', '', '', '', '', ''),
(1121, 846, 'Nutritionist', 1, '', '', '', '', '', '', '', ''),
(1122, 847, 'Spa Services', 1, '', '', '', '', '', '', '', ''),
(1123, 848, 'Body wrap', 1, '', '', '', '', '', '', '', ''),
(1124, 849, 'Facial', 1, '', '', '', '', '', '', '', ''),
(1125, 850, 'Facial (for men)', 1, '', '', '', '', '', '', '', ''),
(1126, 851, 'Manicure and pedicure (for men)', 1, '', '', '', '', '', '', '', ''),
(1127, 852, 'Manicure and pedicure (for women)', 1, '', '', '', '', '', '', '', ''),
(1128, 853, 'Massage Therapy', 1, '', '', '', '', '', '', '', ''),
(1129, 854, 'Spirituality', 1, '', '', '', '', '', '', '', ''),
(1130, 855, 'Spiritual Counseling', 1, '', '', '', '', '', '', '', ''),
(1131, 856, 'Accounting', 1, '', '', '', '', '', '', '', ''),
(1132, 857, 'Administrative Support', 1, '', '', '', '', '', '', '', ''),
(1133, 858, 'Advertising', 1, '', '', '', '', '', '', '', ''),
(1134, 859, 'Auctioneering', 1, '', '', '', '', '', '', '', ''),
(1135, 860, 'Bodyguard Services', 1, '', '', '', '', '', '', '', ''),
(1136, 861, 'Business Consulting', 1, '', '', '', '', '', '', '', ''),
(1137, 862, 'Data Destruction', 1, '', '', '', '', '', '', '', ''),
(1138, 863, 'Data Entry', 1, '', '', '', '', '', '', '', ''),
(1139, 864, 'Digital Marketing', 1, '', '', '', '', '', '', '', ''),
(1140, 865, 'Direct Mail Marketing', 1, '', '', '', '', '', '', '', ''),
(1141, 866, 'Document Destruction', 1, '', '', '', '', '', '', '', ''),
(1142, 867, 'Email Management', 1, '', '', '', '', '', '', '', ''),
(1143, 868, 'Email Marketing', 1, '', '', '', '', '', '', '', ''),
(1144, 869, 'Financial Services and Planning', 1, '', '', '', '', '', '', '', ''),
(1145, 870, 'Franchise Consulting and Development', 1, '', '', '', '', '', '', '', ''),
(1146, 871, 'HR and Payroll Services', 1, '', '', '', '', '', '', '', ''),
(1147, 872, 'Marketing', 1, '', '', '', '', '', '', '', ''),
(1148, 873, 'Presentation Services', 1, '', '', '', '', '', '', '', ''),
(1149, 874, 'Public Relations', 1, '', '', '', '', '', '', '', ''),
(1150, 875, 'Recovery and Repossession Services', 1, '', '', '', '', '', '', '', ''),
(1151, 876, 'Recruiting', 1, '', '', '', '', '', '', '', ''),
(1152, 877, 'Search Engine Marketing', 1, '', '', '', '', '', '', '', ''),
(1153, 878, 'Search Engine Optimization', 1, '', '', '', '', '', '', '', ''),
(1154, 879, 'Security Guard Services', 1, '', '', '', '', '', '', '', ''),
(1155, 880, 'Social Media Marketing', 1, '', '', '', '', '', '', '', ''),
(1156, 881, 'Social Security Advice and Consultation', 1, '', '', '', '', '', '', '', ''),
(1157, 882, 'Statistical Analysis', 1, '', '', '', '', '', '', '', ''),
(1158, 883, 'Tax Preparation', 1, '', '', '', '', '', '', '', ''),
(1159, 884, 'Text Message Marketing', 1, '', '', '', '', '', '', '', ''),
(1160, 885, 'CNC Machine Service', 1, '', '', '', '', '', '', '', ''),
(1161, 504, 'Engraving', 2, '', '', '', '', '', '', '', ''),
(1162, 886, 'In-Ground Swimming Pool Construction', 1, '', '', '', '', '', '', '', ''),
(1163, 887, 'Electroplating', 1, '', '', '', '', '', '', '', ''),
(1164, 888, 'Fine Art Consultation', 1, '', '', '', '', '', '', '', ''),
(1165, 889, 'Glass Blocks', 1, '', '', '', '', '', '', '', ''),
(1166, 890, 'Illustrating', 1, '', '', '', '', '', '', '', ''),
(1167, 891, 'Music Engraving', 1, '', '', '', '', '', '', '', ''),
(1168, 892, 'Plastic Fabrication', 1, '', '', '', '', '', '', '', ''),
(1169, 893, 'Sawmilling', 1, '', '', '', '', '', '', '', ''),
(1170, 506, 'Powder Coating', 2, '', '', '', '', '', '', '', ''),
(1171, 507, 'Stained Glass', 2, '', '', '', '', '', '', '', ''),
(1172, 894, '3D Modeling and CAD Services', 1, '', '', '', '', '', '', '', ''),
(1173, 895, 'Animation', 1, '', '', '', '', '', '', '', ''),
(1174, 896, 'E Commerce', 1, '', '', '', '', '', '', '', ''),
(1175, 897, 'Engineering and Technical Design', 1, '', '', '', '', '', '', '', ''),
(1176, 898, 'Engineering Design', 1, '', '', '', '', '', '', '', ''),
(1177, 899, 'Graphic Design', 1, '', '', '', '', '', '', '', ''),
(1178, 900, 'Logo Design', 1, '', '', '', '', '', '', '', ''),
(1179, 901, 'Mobile Software Development', 1, '', '', '', '', '', '', '', ''),
(1180, 902, 'Presentation Design', 1, '', '', '', '', '', '', '', ''),
(1181, 903, 'Print Design', 1, '', '', '', '', '', '', '', ''),
(1182, 904, 'Software Development', 1, '', '', '', '', '', '', '', ''),
(1183, 905, 'Technical Design', 1, '', '', '', '', '', '', '', ''),
(1184, 906, 'UI Design', 1, '', '', '', '', '', '', '', ''),
(1185, 907, 'Web Design and Development', 1, '', '', '', '', '', '', '', ''),
(1186, 890, 'Illustrating', 2, '', '', '', '', '', '', '', ''),
(1187, 908, 'Attorney', 1, '', '', '', '', '', '', '', ''),
(1188, 909, 'Bankruptcy Attorney', 1, '', '', '', '', '', '', '', ''),
(1189, 910, 'Civil Attorney', 1, '', '', '', '', '', '', '', ''),
(1190, 911, 'Consumer Attorney', 1, '', '', '', '', '', '', '', ''),
(1191, 912, 'Contracts Attorney', 1, '', '', '', '', '', '', '', ''),
(1192, 913, 'Corporate Law Attorney', 1, '', '', '', '', '', '', '', ''),
(1193, 914, 'Court Interpreting', 1, '', '', '', '', '', '', '', ''),
(1194, 915, 'Disability Attorney', 1, '', '', '', '', '', '', '', ''),
(1195, 916, 'Divorce and Family Law Attorney', 1, '', '', '', '', '', '', '', ''),
(1196, 917, 'DUI and Criminal Defense Attorney', 1, '', '', '', '', '', '', '', ''),
(1197, 918, 'Estate Attorney', 1, '', '', '', '', '', '', '', ''),
(1198, 919, 'Immigration Attorney', 1, '', '', '', '', '', '', '', ''),
(1199, 920, 'Intellectual Property Attorney', 1, '', '', '', '', '', '', '', ''),
(1200, 921, 'International Law Attorney', 1, '', '', '', '', '', '', '', ''),
(1201, 922, 'Labor and Employment Attorney', 1, '', '', '', '', '', '', '', ''),
(1202, 923, 'Legal Document Preparation', 1, '', '', '', '', '', '', '', ''),
(1203, 924, 'Legal Services', 1, '', '', '', '', '', '', '', ''),
(1204, 925, 'Mediation', 1, '', '', '', '', '', '', '', ''),
(1205, 926, 'Patent Attorney', 1, '', '', '', '', '', '', '', ''),
(1206, 927, 'Personal Injury Attorney', 1, '', '', '', '', '', '', '', ''),
(1207, 928, 'Process Serving', 1, '', '', '', '', '', '', '', ''),
(1208, 929, 'Real Estate Attorney', 1, '', '', '', '', '', '', '', ''),
(1209, 930, 'Tax Attorney', 1, '', '', '', '', '', '', '', ''),
(1210, 931, 'Traffic Law Attorney', 1, '', '', '', '', '', '', '', ''),
(1211, 932, 'Wills and Estate Planning', 1, '', '', '', '', '', '', '', ''),
(1212, 581, 'Radon Mitigation', 2, '', '', '', '', '', '', '', ''),
(1213, 933, 'Closet Organizers', 1, '', '', '', '', '', '', '', ''),
(1214, 934, 'Genealogy', 1, '', '', '', '', '', '', '', ''),
(1215, 935, 'Identity Theft Restoration', 1, '', '', '', '', '', '', '', ''),
(1216, 936, 'Marriage Counseling', 1, '', '', '', '', '', '', '', ''),
(1217, 937, 'Ongoing Meal Delivery', 1, '', '', '', '', '', '', '', ''),
(1218, 938, 'Paranormal Investigation', 1, '', '', '', '', '', '', '', ''),
(1219, 939, 'Personal Chef (Ongoing)', 1, '', '', '', '', '', '', '', ''),
(1220, 940, 'Private Investigation', 1, '', '', '', '', '', '', '', ''),
(1221, 941, 'Psychic Reading', 1, '', '', '', '', '', '', '', ''),
(1222, 942, 'Psychic and New Age Services', 1, '', '', '', '', '', '', '', ''),
(1223, 860, 'Bodyguard Services', 2, '', '', '', '', '', '', '', ''),
(1224, 819, 'Counseling', 2, '', '', '', '', '', '', '', ''),
(1225, 820, 'Family Counseling', 2, '', '', '', '', '', '', '', ''),
(1226, 438, 'House Sitting', 2, '', '', '', '', '', '', '', ''),
(1227, 815, 'Life Coaching', 2, '', '', '', '', '', '', '', ''),
(1228, 925, 'Mediation', 2, '', '', '', '', '', '', '', ''),
(1229, 826, 'Psychology', 2, '', '', '', '', '', '', '', ''),
(1230, 855, 'Spiritual Counseling', 2, '', '', '', '', '', '', '', ''),
(1231, 829, 'Therapy', 2, '', '', '', '', '', '', '', ''),
(1232, 943, 'Animal Behavior Modification', 1, '', '', '', '', '', '', '', ''),
(1233, 944, 'Dog Training', 1, '', '', '', '', '', '', '', ''),
(1234, 945, 'Dog Walking', 1, '', '', '', '', '', '', '', ''),
(1235, 946, 'Pet Care', 1, '', '', '', '', '', '', '', ''),
(1236, 947, 'Pet Sitting', 1, '', '', '', '', '', '', '', ''),
(1237, 948, 'Wildlife Removal', 1, '', '', '', '', '', '', '', ''),
(1238, 949, 'test2', 1, '', '', '', '', '', '', '', ''),
(1239, 950, 'Architectural Photography', 1, '', '', '', '', '', '', '', ''),
(1240, 566, 'test', 2, '', '', '', '', '', '', '', ''),
(1241, 330, 'Picture Framing', 2, '', '', '', '', '', '', '', ''),
(1242, 951, 'Real Estate Photography', 1, '', '', '', '', '', '', '', ''),
(1243, 952, 'Appliance Repair', 1, '', '', '', '', '', '', '', ''),
(1244, 953, 'ATM Repair', 1, '', '', '', '', '', '', '', ''),
(1245, 954, 'Coin Operated Machine Repair', 1, '', '', '', '', '', '', '', ''),
(1246, 955, 'Computer Repair', 1, '', '', '', '', '', '', '', ''),
(1247, 956, 'Copier Repair', 1, '', '', '', '', '', '', '', ''),
(1248, 957, 'Data Recovery Service', 1, '', '', '', '', '', '', '', ''),
(1249, 958, 'Dishwasher', 1, '', '', '', '', '', '', '', ''),
(1250, 959, 'Exercise Equipment Repair', 1, '', '', '', '', '', '', '', ''),
(1251, 960, 'Heavy Equipment Repair Services', 1, '', '', '', '', '', '', '', ''),
(1252, 961, 'Medical Equipment Repair', 1, '', '', '', '', '', '', '', ''),
(1253, 962, 'Network Support', 1, '', '', '', '', '', '', '', ''),
(1254, 963, 'Network Support Services', 1, '', '', '', '', '', '', '', ''),
(1255, 964, 'Phone or Tablet Repair', 1, '', '', '', '', '', '', '', ''),
(1256, 965, 'Play Equipment Repair', 1, '', '', '', '', '', '', '', ''),
(1257, 966, 'Point of Sale Repair Services', 1, '', '', '', '', '', '', '', ''),
(1258, 967, 'Pressure Washer Repair', 1, '', '', '', '', '', '', '', ''),
(1259, 968, 'Printer and Copier Repair', 1, '', '', '', '', '', '', '', ''),
(1260, 969, 'Printer Repair', 1, '', '', '', '', '', '', '', ''),
(1261, 970, 'Telephone System Services', 1, '', '', '', '', '', '', '', ''),
(1262, 971, 'Vacuum Cleaner Repair', 1, '', '', '', '', '', '', '', ''),
(1263, 392, 'Pool Table Repair Services', 2, '', '', '', '', '', '', '', ''),
(1264, 972, 'test, test5 and test6', 1, '', '', '', '', '', '', '', ''),
(1265, 973, 'Arabic Translation', 1, '', '', '', '', '', '', '', ''),
(1266, 974, 'Cantonese Translation', 1, '', '', '', '', '', '', '', ''),
(1267, 975, 'Chinese Translation', 1, '', '', '', '', '', '', '', ''),
(1268, 976, 'Czech Translation', 1, '', '', '', '', '', '', '', ''),
(1269, 977, 'Danish Translation', 1, '', '', '', '', '', '', '', ''),
(1270, 978, 'Dutch Translation', 1, '', '', '', '', '', '', '', ''),
(1271, 979, 'Editing', 1, '', '', '', '', '', '', '', ''),
(1272, 980, 'Farsi Translation', 1, '', '', '', '', '', '', '', ''),
(1273, 981, 'French Translation', 1, '', '', '', '', '', '', '', ''),
(1274, 982, 'German Translation', 1, '', '', '', '', '', '', '', ''),
(1275, 983, 'Greek Translation', 1, '', '', '', '', '', '', '', ''),
(1276, 984, 'Hebrew Translation', 1, '', '', '', '', '', '', '', ''),
(1277, 985, 'Hindi Translation', 1, '', '', '', '', '', '', '', ''),
(1278, 986, 'Indonesian Translation', 1, '', '', '', '', '', '', '', ''),
(1279, 987, 'Italian Translation', 1, '', '', '', '', '', '', '', ''),
(1280, 988, 'Japanese Translation', 1, '', '', '', '', '', '', '', ''),
(1281, 989, 'Korean Translation', 1, '', '', '', '', '', '', '', ''),
(1282, 990, 'Latin Translation', 1, '', '', '', '', '', '', '', ''),
(1283, 991, 'Mandarin Translation', 1, '', '', '', '', '', '', '', ''),
(1284, 992, 'Medical Transcription', 1, '', '', '', '', '', '', '', ''),
(1285, 993, 'Norwegian Translation', 1, '', '', '', '', '', '', '', ''),
(1286, 994, 'Polish Translation', 1, '', '', '', '', '', '', '', ''),
(1287, 995, 'Portuguese Translation', 1, '', '', '', '', '', '', '', ''),
(1288, 996, 'Resume Writing', 1, '', '', '', '', '', '', '', ''),
(1289, 997, 'Romanian Translation', 1, '', '', '', '', '', '', '', ''),
(1290, 998, 'Russian Translation', 1, '', '', '', '', '', '', '', ''),
(1291, 999, 'Sanskrit Translation', 1, '', '', '', '', '', '', '', ''),
(1292, 1000, 'Somali Translation', 1, '', '', '', '', '', '', '', ''),
(1293, 1001, 'Spanish Translation', 1, '', '', '', '', '', '', '', ''),
(1294, 1002, 'Swahili Translation', 1, '', '', '', '', '', '', '', ''),
(1295, 1003, 'Swedish Translation', 1, '', '', '', '', '', '', '', ''),
(1296, 1004, 'Tagalog Translation', 1, '', '', '', '', '', '', '', ''),
(1297, 1005, 'Thai Translation', 1, '', '', '', '', '', '', '', ''),
(1298, 1006, 'Transcription', 1, '', '', '', '', '', '', '', ''),
(1299, 1007, 'Translation', 1, '', '', '', '', '', '', '', ''),
(1300, 1008, 'Turkish Translation', 1, '', '', '', '', '', '', '', ''),
(1301, 1009, 'Vietnamese Translation', 1, '', '', '', '', '', '', '', ''),
(1302, 1010, 'Web Content Writing', 1, '', '', '', '', '', '', '', ''),
(1303, 1011, 'Welsh Translation', 1, '', '', '', '', '', '', '', ''),
(1304, 1012, 'Writing Services', 1, '', '', '', '', '', '', '', ''),
(1305, 978, 'Dutch Translation', 2, '', '', '', '', '', '', '', ''),
(1306, 998, 'Russian Translation', 2, '', '', '', '', '', '', '', ''),
(1307, 470, 'Artificial Turf Installation', 2, '', '', '', '', '', '', '', ''),
(1308, 1013, 'test445544_long', 1, '', '', '', 'test445544_short', '', '', '', ''),
(1309, 1013, 'test445544', 2, '', '', '', 'test445544', '', '', '', ''),
(1310, 1014, 'Test 123', 1, '', '', '', '', '', '', '', ''),
(1311, 1015, 'Test 1234', 1, '', '', '', '', '', '', '', ''),
(1312, 1016, 'test12', 1, '', '', '', '', '', '', '', ''),
(1313, 1017, 'Test 11', 1, '', '', '', '', '', '', '', ''),
(1314, 1018, 'Angelica Test', 1, '', '', '', 'Anglica Test', '', '', '', ''),
(1315, 1018, 'Anglica Test', 2, '', '', '', 'Anglica Test', '', '', '', '');

-- --------------------------------------------------------

--
-- Table structure for table `industry_type`
--

CREATE TABLE `industry_type` (
  `id` int(11) NOT NULL,
  `name` text NOT NULL
) ENGINE=InnoDB DEFAULT CHARSET=latin1;

--
-- Dumping data for table `industry_type`
--

INSERT INTO `industry_type` (`id`, `name`) VALUES
(1, 'Main Category'),
(2, 'Category'),
(3, 'Sub Category'),
(4, 'Service/Product'),
(5, 'Attribute Category'),
(6, 'Attribute'),
(7, 'Equipment'),
(8, 'Other');

-- --------------------------------------------------------

--
-- Table structure for table `language`
--

CREATE TABLE `language` (
  `id` int(11) NOT NULL,
  `name` varchar(30) NOT NULL
) ENGINE=InnoDB DEFAULT CHARSET=latin1;

--
-- Dumping data for table `language`
--

INSERT INTO `language` (`id`, `name`) VALUES
(1, 'english'),
(2, 'French');

-- --------------------------------------------------------

--
-- Table structure for table `leads`
--

CREATE TABLE `leads` (
  `lead_id` int(11) NOT NULL,
  `lead_uuid` text NOT NULL,
  `user_uuid` text NOT NULL,
  `cell_id` int(11) NOT NULL,
  `lead_email` text NOT NULL,
  `lead_user_name` varchar(20) NOT NULL,
  `lead_cell` varchar(30) NOT NULL,
  `creator_user_uuid` text NOT NULL,
  `compny_uuid` text NOT NULL,
  `application_date` int(11) NOT NULL,
  `lead_status` enum('1','2','3','4','5','6','7') NOT NULL COMMENT '1=Incomplete, 2=IncompleteWithCookie, 3=Active, 4=ForSale, 5=Deleted, 6=Awarded, 7=Cancled (by Customer)',
  `sale_publishing_date` int(11) NOT NULL,
  `visibility_status_permission` enum('1','2','3') NOT NULL COMMENT '1=OriginalMemberOnly, 2=all, 3=Custom',
  `custom_member_list` varchar(100) NOT NULL,
  `client_awarded_status` int(11) NOT NULL,
  `awarded_to_status` int(11) NOT NULL,
  `lead_origen` enum('1','2','3') NOT NULL COMMENT '1=form, 2=imported, 3=manualy',
  `source_form_id` int(11) NOT NULL,
  `industry_id` int(11) NOT NULL,
  `start_date` varchar(32) NOT NULL,
  `end_date` varchar(32) NOT NULL,
  `date_label` varchar(50) NOT NULL,
  `country_of_origin` text NOT NULL,
  `start_location_needed` text NOT NULL,
  `start_postal_code` text NOT NULL,
  `end_location_needed` text NOT NULL,
  `detected_signup_location` text NOT NULL,
  `client_instructions` text NOT NULL,
  `size1_value` text NOT NULL,
  `attachment` text NOT NULL,
  `lat_long` text NOT NULL,
  `buy_status` varchar(50) NOT NULL,
  `varient1_option` text NOT NULL,
  `varient2_option` text NOT NULL,
  `varient3_option` text NOT NULL,
  `varient4_option` text NOT NULL,
  `varient5_option` text NOT NULL,
  `varient6_option` text NOT NULL,
  `varient7_option` text NOT NULL,
  `varient8_option` text NOT NULL,
  `varient9_option` text NOT NULL,
  `varient10_option` text NOT NULL,
  `varient11_option` text NOT NULL,
  `varient12_option` text NOT NULL,
  `is_active` int(11) NOT NULL,
  `created_time` int(11) NOT NULL
) ENGINE=InnoDB DEFAULT CHARSET=latin1;

--
-- Dumping data for table `leads`
--

INSERT INTO `leads` (`lead_id`, `lead_uuid`, `user_uuid`, `cell_id`, `lead_email`, `lead_user_name`, `lead_cell`, `creator_user_uuid`, `compny_uuid`, `application_date`, `lead_status`, `sale_publishing_date`, `visibility_status_permission`, `custom_member_list`, `client_awarded_status`, `awarded_to_status`, `lead_origen`, `source_form_id`, `industry_id`, `start_date`, `end_date`, `date_label`, `country_of_origin`, `start_location_needed`, `start_postal_code`, `end_location_needed`, `detected_signup_location`, `client_instructions`, `size1_value`, `attachment`, `lat_long`, `buy_status`, `varient1_option`, `varient2_option`, `varient3_option`, `varient4_option`, `varient5_option`, `varient6_option`, `varient7_option`, `varient8_option`, `varient9_option`, `varient10_option`, `varient11_option`, `varient12_option`, `is_active`, `created_time`) VALUES
(1, 'l-d73014a10c75', 'u-c7d84d7f02a6', 0, '', '', '', '', '', 1492707484, '3', 0, '1', '', 0, 0, '1', 0, 5, '0', '0', '', '', '333 Main Road, Paarl, South Africa', '5217', '', '333 Main Road, Paarl, South Africa', '', '', '', '', '', 'Square meters  - 1-15 m2', 'Installation -   I need grass and installation', '', '', '', '', '', '', '', '', '', '', 0, 1492707484),
(2, 'l-06cd7174865f', 'u-c7d84d7f02a6', 0, '', '', '', '', '', 1492707484, '3', 0, '1', '', 0, 0, '1', 0, 5, '0', '0', '', '', '333 Main Road, Paarl, South Africa', '5217', '', '333 Main Road, Paarl, South Africa', '', '', '', '', '', 'Square meters  - 1-15 m2', 'Installation -   I need grass and installation', '', '', '', '', '', '', '', '', '', '', 0, 1492707484),
(3, 'l-266ea7b81a72', 'u-c7d84d7f02a6', 0, '', '', '', '', '', 1492707602, '1', 0, '1', '', 0, 0, '1', 0, 5, '0', '0', '', '', '333 Main Road, Paarl, South Africa', '5217', '', '333 Main Road, Paarl, South Africa', '', '', '', '', '', 'Square meters  -       15-40 m2', 'Installation -   I need grass and installation', '', '', '', '', '', '', '', '', '', '', 0, 1492707602),
(4, 'l-81de9db5ba9f', 'u-c7d84d7f02a6', 0, '', '', '', '', '', 1492707603, '1', 0, '1', '', 0, 0, '1', 0, 5, '0', '0', '', '', '333 Main Road, Paarl, South Africa', '5217', '', '333 Main Road, Paarl, South Africa', '', '', '', '', '', 'Square meters  -       15-40 m2', 'Installation -   I need grass and installation', '', '', '', '', '', '', '', '', '', '', 0, 1492707603),
(5, 'l-0905033db892', 'u-c7d84d7f02a6', 0, '', '', '', '', '', 1492750903, '1', 0, '1', '', 0, 0, '1', 0, 5, '0', '0', '', '', '44 Main Road, Paarl, South Africa', '444', '', '44 Main Road, Paarl, South Africa', '', '', '', '', '', 'Square meters  - 1-15 m2', 'Installation -   I need grass and installation', '', '', '', '', '', '', '', '', '', '', 0, 1492750903),
(6, 'l-199c07f333ad', 'u-c7d84d7f02a6', 0, '', '', '', '', '', 1493055386, '1', 0, '1', '', 0, 0, '1', 0, 0, '0', '0', '', '', '33 Brand Street, Cape Town, South Africa', '7139', '', '33 Brand Street, Cape Town, South Africa', '', '', '', '', '', 'Square meters  - 1-15 m2', 'Installation -   not sure', '', '', '', '', '', '', '', '', '', '', 0, 1493055386),
(7, 'l-ef2acdc38e00', 'u-c7d84d7f02a6', 0, '', '', '', '', '', 1493055386, '1', 0, '1', '', 0, 0, '1', 0, 0, '0', '0', '', '', '33 Brand Street, Cape Town, South Africa', '7139', '', '33 Brand Street, Cape Town, South Africa', '', '', '', '', '', 'Square meters  - 1-15 m2', 'Installation -   not sure', '', '', '', '', '', '', '', '', '', '', 0, 1493055386),
(8, 'l-a7a7d0dfa06c', 'u-130ad3aa4774', 0, '', '', '', '', '', 1493098946, '1', 0, '1', '', 0, 0, '1', 0, 0, '0', '0', '', '', '33 Brand Street, Benoni, South Africa', '1501', '', '33 Brand Street, Benoni, South Africa', '', '', '', '', '', 'Square meters  - 1-15 m2', 'Installation -   I need grass and installation', '', '', '', '', '', '', '', '', '', '', 0, 1493098946),
(9, 'l-a5c299d637cc', 'u-c7d84d7f02a6', 0, '', '', '', '', '', 1493101066, '1', 0, '1', '', 0, 0, '1', 0, 0, '0', '0', '', '', '33 Brand Street, Benoni, South Africa', '1501', '', '33 Brand Street, Benoni, South Africa', '', '', '', '', '', 'Square meters  - 1-15 m2', 'Installation -   not sure', '', '', '', '', '', '', '', '', '', '', 0, 1493101066),
(10, 'l-0c37949320f5', 'u-a1c8bf0a31d5', 0, '', '', '', '', '', 1493309207, '3', 0, '1', '', 0, 0, '1', 0, 0, '0', '0', '', '', '339 Jan Smuts Avenue, Randburg, South Africa', '2196', '', '339 Jan Smuts Avenue, Randburg, South Africa', '', '', '', '', '', 'Square meters  -       15-40 m2', 'Installation -   not sure', '', '', '', '', '', '', '', '', '', '', 0, 1493309207),
(11, 'l-432febb54b77', 'u-a1c8bf0a31d5', 0, '', '', '', '', '', 1493459260, '1', 0, '1', '', 0, 0, '1', 0, 0, '0', '0', '', '', '339 Jan Smuts Avenue, Randburg, South Africa', '2196', '', '339 Jan Smuts Avenue, Randburg, South Africa', '', '', '', '', '', 'Square meters  -       800 plus m2 ', 'Installation -   not sure', '', '', '', '', '', '', '', '', '', '', 0, 1493459260),
(12, 'l-4ff2965e18de', 'u-a1c8bf0a31d5', 0, '', '', '', '', '', 1493459622, '1', 0, '1', '', 0, 0, '1', 0, 0, '0', '0', '', '', '339 Jan Smuts Avenue, Randburg, South Africa', '2196', '', '339 Jan Smuts Avenue, Randburg, South Africa', '', '', '', '', '', '', '', '', '', '', '', '', '', '', '', '', '', 0, 1493459622),
(13, 'l-ac2075788156', 'u-a1c8bf0a31d5', 0, '', '', '', '', '', 1493465317, '1', 0, '1', '', 0, 0, '1', 0, 0, '0', '0', '', '', '33, Lal Bahadur Shastri Marg, Ghatkopar West, Mumbai, Maharashtra, India', '400086', '', '33, Lal Bahadur Shastri Marg, Ghatkopar West, Mumbai, Maharashtra, India', '', '', '', '', '', 'Square meters  -       15-40 m2', 'Installation -   not sure', '', '', '', '', '', '', '', '', '', '', 0, 1493465317),
(14, 'l-7649832ece4a', 'u-a1c8bf0a31d5', 0, '', '', '', '', '', 1493617215, '1', 0, '1', '', 0, 0, '1', 0, 0, '0', '0', '', '', '339 Jan Smuts Avenue, Randburg, South Africa', '2196', '', '339 Jan Smuts Avenue, Randburg, South Africa', '', '', '', '', '', '', '', '', '', '', '', '', '', '', '', '', '', 0, 1493617215);

-- --------------------------------------------------------

--
-- Table structure for table `leads_admin`
--

CREATE TABLE `leads_admin` (
  `leads_admin_id` int(11) NOT NULL,
  `leads_admin_uuid` text NOT NULL,
  `lead_uuid` text NOT NULL,
  `linked_user_uuid` text NOT NULL,
  `linked_contact_uuid` text NOT NULL,
  `deal_title` text NOT NULL,
  `date_lead_receive` int(11) NOT NULL,
  `source_url` int(11) NOT NULL,
  `referal_id` int(11) NOT NULL,
  `date_memeber_first_responded` int(11) NOT NULL,
  `assigned_user_id` text NOT NULL,
  `user_followers_ids` int(11) NOT NULL,
  `lead_main_flow_status` enum('1','2','3','4','5','6') NOT NULL COMMENT 'Interacting* = 1, deal won* = 2, deal lost* = 3,  DebtCollection = 4, LeadSold = 5, Archieved* = 6',
  `interacting_sub_status` int(11) NOT NULL,
  `deal_won_lost` int(11) NOT NULL,
  `won_time` int(11) NOT NULL,
  `lost_time` int(11) NOT NULL,
  `lost_reason` int(11) NOT NULL,
  `pipeline_stage` enum('1','2','3','4','5') NOT NULL COMMENT '1=quotes',
  `last_stage_change_date` int(11) NOT NULL,
  `user_notes` int(11) NOT NULL,
  `successfull_action_counter` int(11) NOT NULL,
  `unsucessfull_action_counter` int(11) NOT NULL,
  `total_action_counter` int(11) NOT NULL,
  `vissible_to` enum('1','2','3','4') NOT NULL COMMENT '1=All Member users,2= selected user,3= followers,4= selected group',
  `lead_rating` varchar(11) NOT NULL,
  `pined` int(11) NOT NULL,
  `last_alert_datetime` int(11) NOT NULL,
  `next_alert_datetime` int(11) NOT NULL,
  `quote_status` int(11) NOT NULL,
  `invoice_sent` int(11) NOT NULL,
  `sample_sent` int(11) NOT NULL,
  `time` int(11) NOT NULL
) ENGINE=InnoDB DEFAULT CHARSET=latin1;

-- --------------------------------------------------------

--
-- Table structure for table `member_industry`
--

CREATE TABLE `member_industry` (
  `id` int(11) NOT NULL,
  `m_compny_uuid` text NOT NULL,
  `m_user_uuid` text NOT NULL,
  `industry_id` int(11) NOT NULL,
  `action` enum('1','0') NOT NULL,
  `m_accept_status` int(11) NOT NULL DEFAULT '1',
  `time` int(11) NOT NULL
) ENGINE=InnoDB DEFAULT CHARSET=latin1;

-- --------------------------------------------------------

--
-- Table structure for table `pivot_industry`
--

CREATE TABLE `pivot_industry` (
  `id` int(11) NOT NULL,
  `industry_id` int(11) NOT NULL,
  `industry_name` text NOT NULL,
  `level1` int(11) NOT NULL,
  `level1_name` text NOT NULL,
  `level2` int(11) DEFAULT NULL,
  `level2_name` text,
  `level3` int(11) DEFAULT NULL,
  `level3_name` text,
  `level4` int(11) DEFAULT NULL,
  `level4_name` text,
  `level5` int(11) DEFAULT NULL,
  `level5_name` text,
  `level6` int(11) DEFAULT NULL,
  `level6_name` text,
  `level7` int(11) DEFAULT NULL,
  `level7_name` text
) ENGINE=InnoDB DEFAULT CHARSET=latin1;

-- --------------------------------------------------------

--
-- Table structure for table `questions`
--

CREATE TABLE `questions` (
  `id` int(11) NOT NULL,
  `question_id` text NOT NULL,
  `question_uuid` text NOT NULL,
  `step_uuid` text NOT NULL,
  `branch_id` text NOT NULL,
  `selected_option_value_branch` text NOT NULL,
  `language_id` int(11) NOT NULL,
  `country_id` text NOT NULL,
  `step_heading` text NOT NULL,
  `category_tags` text NOT NULL,
  `short_column_heading` text NOT NULL,
  `unit_measurement` text NOT NULL,
  `is_question_required` int(11) NOT NULL,
  `question_title` text NOT NULL,
  `text_price_size` enum('1','2','3') NOT NULL COMMENT '1=Text Only, 2= Price Factor, 3=Size & Price ',
  `avr_size` int(11) NOT NULL,
  `incremental_markup` int(11) NOT NULL,
  `markup` text NOT NULL,
  `default_name` text NOT NULL,
  `is_last_field_is_text_box` int(11) NOT NULL,
  `is_last_fiels_is_text_box_placeholder` text NOT NULL,
  `is_show_first_option` int(11) NOT NULL,
  `is_large_text_box` int(11) NOT NULL,
  `is_slider_selected_value` int(11) NOT NULL,
  `show_less_than_slider` int(11) NOT NULL,
  `show_more_than_slider` int(11) NOT NULL,
  `type_id` int(11) NOT NULL,
  `show_time` int(11) DEFAULT NULL,
  `show_duration` int(11) DEFAULT NULL,
  `select_table` varchar(32) NOT NULL,
  `select_column` varchar(32) NOT NULL,
  `is_dynamically` int(11) NOT NULL,
  `is_attachment_small` int(11) NOT NULL,
  `script_code` int(11) NOT NULL,
  `is_form_id` text NOT NULL,
  `boxed_script_code` int(11) NOT NULL,
  `time` int(11) NOT NULL
) ENGINE=InnoDB DEFAULT CHARSET=latin1;

--
-- Dumping data for table `questions`
--

INSERT INTO `questions` (`id`, `question_id`, `question_uuid`, `step_uuid`, `branch_id`, `selected_option_value_branch`, `language_id`, `country_id`, `step_heading`, `category_tags`, `short_column_heading`, `unit_measurement`, `is_question_required`, `question_title`, `text_price_size`, `avr_size`, `incremental_markup`, `markup`, `default_name`, `is_last_field_is_text_box`, `is_last_fiels_is_text_box_placeholder`, `is_show_first_option`, `is_large_text_box`, `is_slider_selected_value`, `show_less_than_slider`, `show_more_than_slider`, `type_id`, `show_time`, `show_duration`, `select_table`, `select_column`, `is_dynamically`, `is_attachment_small`, `script_code`, `is_form_id`, `boxed_script_code`, `time`) VALUES
(1, '1', '63', '0f00ba42c919', '', '', 1, '', 'Estimate square meters required? ', '', '', '', 0, '', '1', 0, 0, '', '0$@$   500$@$   2$@$   m2', 0, '', 0, 0, 0, 0, 0, 6, NULL, NULL, '0', '0', 0, 0, 0, '', 0, 1491979401),
(3, '3', '82', '3551411b2419', '', '', 1, '', 'Old What is the current status of your project? ', '', '', '', 0, '', '1', 0, 0, '', 'Planning and budgeting$@$     Ready to hire$@$     Project already in progress', 0, '', 0, 0, 0, 0, 0, 4, NULL, NULL, 'leads', 'buy_status', 0, 0, 0, '', 0, 1493980998),
(4, '4', '110', '5235e1130f4f', '', '', 1, '', 'Old How do you want to be contacted?', '', '', '', 0, '', '1', 0, 0, '', 'Full Name', 0, '', 0, 0, 0, 0, 0, 1, NULL, NULL, 'users', 'name', 0, 0, 0, '', 0, 1493981031),
(5, '5', '110', '5235e1130f4f', '', '', 1, '', 'Old How do you want to be contacted?', '', '', '', 0, '', '1', 0, 0, '', 'Mobile number', 0, '', 0, 0, 0, 0, 0, 1, NULL, NULL, 'cell', 'cell_no', 0, 0, 0, '', 0, 1493981031),
(6, '6', '110', '5235e1130f4f', '', '', 1, '', 'Old How do you want to be contacted?', '', '', '', 0, '', '1', 0, 0, '', 'Email', 0, '', 0, 0, 0, 0, 0, 1, NULL, NULL, 'users', 'email_id', 0, 0, 0, '', 0, 1493981031),
(7, '7', '110', '5235e1130f4f', '', '', 1, '', 'Old How do you want to be contacted?', '', '', '', 0, '', '1', 0, 0, '', 'Default Name', 0, '', 0, 0, 0, 0, 0, 1, NULL, NULL, 'leads', '', 1, 0, 0, '', 0, 1493981031),
(8, '8', '121', '9a82a7fed6ef', '', '', 1, '', 'Old Would you like to add any notes regarding your project? ', '', '', '', 0, '', '1', 0, 0, '', 'Type notes here....', 0, '', 0, 0, 0, 0, 0, 2, NULL, NULL, 'leads', 'client_instructions', 0, 0, 0, '', 0, 1493981108),
(9, '9', '124', '60b99c3c95a6', '', '', 1, '', 'Old What type of artifical grass do you need? ', '', '', '', 0, '', '1', 0, 0, '', 'Residential$@$        Playground $@$        Commercial use (restaurant etc.)$@$        Sports fields$@$        Putting', 0, '', 0, 0, 0, 0, 0, 5, NULL, NULL, 'leads', '', 1, 0, 0, '', 0, 1493981160),
(10, '10', '125', '81c0271286ca', '', '', 1, '', 'Old What type of artificial grass do you need?  (varient)', '', '', '', 0, '', '1', 0, 0, '', '9', 0, '', 0, 0, 0, 0, 0, 7, NULL, NULL, 'leads', '', 1, 0, 0, '', 0, 1493981172),
(11, '11', '126', '216fda1ee503', '', '', 1, '', 'Old Which type of grass do you need? ', '', '', '', 0, '', '1', 0, 0, '', '5', 0, '', 0, 0, 0, 0, 0, 7, NULL, NULL, 'leads', 'industry_id', 0, 0, 0, '', 0, 1493981263),
(12, '12', '127', '85089efbfe51', '', '', 1, '', 'Old What is the budget for your project ?', '', '', '', 0, '', '1', 0, 0, '', 'Amount value', 0, '', 0, 0, 0, 0, 0, 1, NULL, NULL, 'leads', 'size1_value', 0, 0, 0, '', 0, 1493981279),
(13, '13', '177', 'b09dbd94fe53', '', '', 1, '', 'How old are your guests?', '', 'Age of guests', '', 0, '', '1', 0, 0, '', '12 years old or younger$@$ 13 - 17 years old$@$ 18 - 30 years old$@$ 31 - 50 years old$@$ 51 or older', 0, '', 0, 0, 0, 0, 0, 5, NULL, NULL, 'leads', '', 1, 0, 0, '', 0, 1493981549),
(14, '14', '178', '6f2fd5c33edb', '', '', 1, '', 'What kind of music would you like?', '', 'Type of music', '', 0, '', '1', 0, 0, '', 'Pop$@$  Rock$@$  R&B/ Soul$@$  Hip-hop / Rap$@$  Top 40$@$  Oldies$@$  Indian / Bollywood', 1, '', 0, 0, 0, 0, 0, 5, NULL, NULL, 'leads', '', 1, 0, 0, '', 0, 1493982091),
(15, '15', '180', '854790d1c499', '', '', 1, '', 'Is your event indoors or outdoors?', '', 'Outdoors or Indoors', '', 0, '', '1', 0, 0, '', 'Indoors$@$ Outdoors', 0, '', 0, 0, 0, 0, 0, 4, NULL, NULL, 'leads', '', 1, 0, 0, '', 0, 1493982159),
(16, '16', '181', 'f8ec65cbd0f6', '', '', 1, '', 'Please provide details about your event venue.', '', 'Details about event', '', 0, '', '1', 0, 0, '', 'Please describe the event venue', 0, '', 0, 0, 0, 0, 0, 2, NULL, NULL, 'leads', '', 1, 0, 0, '', 0, 1493982303),
(17, '17', '182', 'd74406a3d6f8', '', '', 1, '', 'Does your venue provide sound equipment?', '', 'Venue provide the equipment', '', 0, '', '1', 0, 0, '', 'Yes$@$ No. DJ must provide sound equipment', 0, '', 0, 0, 0, 0, 0, 4, NULL, NULL, 'leads', '', 1, 0, 0, '', 0, 1493982661),
(18, '18', '183', 'feea376ce57a', '', '', 1, '', 'Please confirm where you need the DJ.', '', '', '', 0, '', '1', 0, 0, '', 'Zip code', 0, '', 0, 0, 0, 0, 0, 1, NULL, NULL, 'leads', '', 1, 0, 0, '', 0, 1493983475),
(19, '19', '184', 'b0edee554f4a', '', '', 1, '', 'Where would you like to receive quotes?', '', 'Receiving the quote', '', 0, '', '1', 0, 0, '', 'Email address', 0, '', 0, 0, 0, 0, 0, 1, NULL, NULL, '', '', 0, 0, 0, '', 0, 1493983545),
(20, '20', '184', 'b0edee554f4a', '', '', 1, '', 'Where would you like to receive quotes?', '', '', '', 0, '', '1', 0, 0, '', 'Cell number', 0, '', 0, 0, 0, 0, 0, 1, NULL, NULL, 'leads', '', 1, 0, 0, '', 0, 1493983545),
(21, '21', '186', '760e5681e0b1', '', '', 1, '', 'Please enter your full name.', '', 'Name and surname', '', 0, '', '1', 0, 0, '', 'First and last name', 0, '', 0, 0, 0, 0, 0, 1, NULL, NULL, 'leads', '', 1, 0, 0, '', 0, 1493983585),
(23, '23', '188', '39846278db76', '', '', 1, '', 'What style of dance are you interested in?', '', 'Dance style', '', 0, '', '1', 0, 0, '', 'Hip hop / breakdancing$@$ Latin / salsa dancing$@$ Bellydancing / fire dancing$@$ Line / square dancing$@$ Ballroom dancing', 1, '', 0, 0, 0, 0, 0, 5, NULL, NULL, 'leads', '', 1, 0, 0, '', 0, 1493985577),
(24, '24', '189', '90b1374b4f48', '', '', 1, '', 'What kind of driving service would you like?', '', 'Type of driving service', '', 0, '', '1', 0, 0, '', 'One-way trip$@$ Round trip$@$ Multi- location trip$@$ Shuttle back and forth', 0, '', 0, 0, 0, 0, 0, 4, NULL, NULL, '', '0', 0, 0, 0, '', 0, 1493985699),
(25, '25', '190', '377dae646db5', '', '', 1, '', 'What additional features would you like the bus to have?', '', 'Extra features on the bus', '', 0, '', '1', 0, 0, '', 'DVD player and TV$@$ Leather seats$@$ Restrooms$@$ WiFi', 0, '', 0, 0, 0, 0, 0, 5, NULL, NULL, 'leads', '', 1, 0, 0, '', 0, 1493985764),
(26, '26', '193', 'e28925bbadaa', '', '', 1, '', 'What is your approximate starting location (cross streets)?', '', 'Starting location', '', 0, '', '1', 0, 0, '', 'Pick-up cross streets', 0, '', 0, 0, 0, 0, 0, 1, NULL, NULL, '', '', 0, 0, 0, '', 0, 1493985868),
(27, '27', '193', 'e28925bbadaa', '', '', 1, '', 'What is your approximate starting location (cross streets)?', '', '', '', 0, '', '1', 0, 0, '', 'I\'m not sure', 0, '', 0, 0, 0, 0, 0, 4, NULL, NULL, '', '0', 0, 0, 0, '', 0, 1493985868),
(28, '28', '198', '5df23dac3f1e', '', '', 1, '', 'Is this rental for a special event?', '', 'Special event', '', 0, '', '1', 0, 0, '', 'Wedding$@$ Bachelor(ette) party$@$ General entertainment$@$ Business', 0, '', 0, 0, 0, 0, 0, 4, NULL, NULL, 'leads', '', 1, 0, 0, '', 0, 1493986104),
(29, '29', '199', '968c3f10a3b9', '', '', 1, '', 'What type of vehicle', '', 'Vehicle type', '', 0, '', '1', 0, 0, '', 'Stretch limo$@$ SUV limo$@$ SUV$@$ Classic car$@$ Luxury sedan$@$ Town car', 0, '', 0, 0, 0, 0, 0, 4, NULL, NULL, 'leads', '', 1, 0, 0, '', 0, 1493986184),
(30, '30', '200', '7d9148cf55eb', '', '', 1, '', 'Is this trip to or from the airport? Optional', '', 'Airport services', '', 0, '', '1', 0, 0, '', 'Yes. I need service to the airport$@$ No. I do not need airport service', 0, '', 0, 0, 0, 0, 0, 4, NULL, NULL, 'leads', '', 1, 0, 0, '', 0, 1493986359),
(31, '31', '201', '7b0d92911570', '', '', 1, '', 'GH', '', '', '', 0, '', '1', 0, 0, '', 'Default Name', 0, '', 0, 0, 0, 0, 0, 1, NULL, NULL, '', '', 0, 0, 0, '', 0, 1493986513),
(32, '32', '202', '582f163ce204', '', '', 1, '', 'How many passengers do you expect?', '', 'Number of passengers', '', 0, '', '1', 0, 0, '', '8 people or fewer (mini bus)$@$ 9 - 30 people (medium bus)$@$ 31 - 40 people (large bus)$@$ 41 - 80 people (two large buses)$@$ 81 - 120 people (three large buses)$@$ 121 - 160 people (four large buses)  ', 0, '', 0, 0, 0, 0, 0, 4, NULL, NULL, 'leads', '', 1, 0, 0, '', 0, 1493986600),
(33, '33', '114', '1ff2e572d573', '', '', 1, '', ' Old What is the estimate square meters of #industry# you need? 22', '', '', 'm2', 0, '', '3', 0, 0, '-10$@$-20$@$10$@$20$@$30$@$40', '1-15 m2$@$             15-40 m2$@$             40-100 m2$@$             100-300 m2$@$             300 - 800 m2$@$             800 plus m2 ', 0, '', 0, 0, 0, 0, 0, 4, NULL, NULL, 'leads', 'size1_value', 0, 0, 0, '', 0, 1493997410),
(34, '34', '212', '048fbdeeef6b', '', '', 1, '', 'TEST 4444  DELETE THIS ....', 'Bugger, trigger', 'test head 3', '', 0, 'Title Test333', '1', 0, 0, '', 'this is a test,  to seee if the form work.s$@$           asfsfda, yelsls $@$           sfdasdfasdf, 3453llll$@$           tead ,ddksosojus', 1, 'test', 1, 1, 0, 0, 0, 4, 0, 0, 'leads', '', 1, 0, 0, '', 0, 1494089264),
(35, '35', '230', 'cbc993257555', '', '', 1, '', 'What type of entertainment?', '', 'Entertainment type', '', 1, '', '1', 0, 0, '', 'Face painter$@$ Balloon Artist$@$ Magician$@$ Clown$@$ Costumed character', 0, '', 0, 0, 1, 0, 0, 5, 0, 0, 'leads', '', 1, 0, 0, '', 0, 1494232409),
(36, '36', '251', '5c7125eecb7b', '', '', 1, '', 'test5', 'test5', 'test5', '', 0, '', '', 0, 0, '', 'Default Name', 0, '', 0, 0, 1, 0, 0, 11, 0, 0, 'leads', '', 1, 0, 0, '', 0, 1494236395),
(38, '38', '255', 'bd0a0b11c91a', '', '', 1, '', 'How long do you need #sortName#', 'Duration', 'Duration', '', 0, '', '1', 0, 0, '', '1$@$   12$@$   1$@$   Hours', 0, '', 0, 0, 1, 1, 1, 6, 0, 0, 'leads', '', 1, 0, 0, '', 0, 1494240166),
(40, '40', '272', 'b66834f1c36b', '', '', 1, '', 'What kind of palmistry?', '', 'Palmistry', '', 0, '', '1', 0, 0, '', 'Western$@$ Chinese$@$ Indian$@$ Not sure', 1, 'Other ', 0, 0, 1, 0, 0, 5, 0, 0, '', '', 0, 0, 0, '', 0, 1494242300),
(41, '41', '118', 'e2cfae6aad7d', '', '', 1, '', 'When do you need #industry#', 'Emergancy,IncludesOther,Nametag,StartDate,Radio', 'When', '', 1, '', '1', 0, 0, '-20$@$-10$@$10$@$20$@$30$@$40', 'Emergency$@$              Within few weeks$@$              Within few months$@$              Within this year$@$              I am flexible $@$             Doing research only ', 1, 'Add Specific Date', 0, 0, 0, 0, 0, 4, 0, 0, 'leads', 'start_date', 0, 0, 0, '', 0, 1494243641),
(42, '42', '243', '8559ade57d42', '', '', 1, '', 'On which date do you need #sortName# ?', 'NameTag, date, calanderPicker,when', 'Start Date', '', 1, '', '', 0, 0, '', '', 1, '', 1, 0, 1, 0, 0, 11, 0, 0, 'leads', 'start_date', 0, 0, 0, '', 0, 1494243939),
(43, '43', '256', '620b79fa53b9', '', '', 1, '', 'On which date is your event ?', 'Calendar Picker,date', 'Event date', '', 1, '', '', 0, 0, '', 'Default Name', 0, '', 0, 0, 1, 0, 0, 11, 0, 0, 'leads', 'start_date', 0, 0, 0, '', 0, 1494244128),
(44, '44', '244', '5f427b7afe7e', '', '', 1, '', 'When and how long do you need #sortName#', 'Date ,time, duration,Calender, StartTime', 'date', '', 1, '', '', 0, 0, '', 'Default Name', 0, '', 0, 0, 1, 0, 0, 10, 1, 1, 'leads', 'start_date', 0, 0, 0, '', 0, 1494245133),
(46, '46', '232', '546748008c17', '', '', 1, '', 'When do you need #sortName#  ?', 'time,StartDateTime,Date,Calander', 'Start Date time', '', 1, '', '', 0, 0, '', 'Default Name', 0, '', 0, 0, 1, 0, 0, 10, 1, 0, 'leads', 'start_date', 0, 0, 0, '', 0, 1494249223),
(47, '47', '196', '706ae46c5b59', '', '', 1, '', 'What is your approximate drop-off location (cross streets)?', 'New drop off,radio,other,transport', 'Drop-off location', '', 0, '', '1', 0, 0, '', 'Not applicable$@$   I\'m not sure', 1, 'Pick-up cross streets ( other )', 1, 0, 0, 0, 0, 4, 0, 0, 'leads', '', 1, 0, 0, '', 0, 1494250804),
(48, '48', '191', 'd787e449f1bb', '', '', 1, '', 'What is your approximate starting location (cross streets)?', 'NEW pick up,transport', 'Pick-up ', '', 0, '', '1', 0, 0, '', 'I\'m not sure', 1, 'Pick-up cross streets ( other )', 1, 0, 0, 0, 0, 4, 0, 0, 'leads', '', 1, 0, 0, '', 0, 1494251350),
(50, '50', '55', 'bea453e18246', '', '', 1, '', 'How many people will be at the event? ', 'how many peopel', '', '', 0, 'There will be about: ', '1', 0, 0, '', '100$@$               500$@$               2$@$               people', 0, '', 0, 0, 1, 1, 1, 6, 0, 0, 'leads', '', 1, 0, 0, '', 0, 1494316933),
(51, '51', '301', '0e5491148bfb', '', '', 1, '', 'What are your goals from the reading?', 'Goals reading', 'Goals from this reading', '', 0, '', '1', 0, 0, '', 'Self-discovery$@$ Determining life path$@$ Life cycle$@$ Relationship$@$ Career$@$ Future$@$ I\'m not sure', 1, 'Other', 0, 0, 1, 0, 0, 5, 0, 0, '', '', 0, 0, 0, '', 0, 1494317519),
(52, '52', '321', '26b775323c1f', '', '', 1, '', 'Which types of flowers would you like to use?', 'Flowers, type, florist', 'Type of flowers', '', 0, '', '1', 0, 0, '', 'Roses$@$ Peonies$@$ Hydrangeas$@$ Orchids$@$ Tulips$@$ Daisies$@$ Baby\'s breath$@$ Dahlias$@$ Eucalyptus$@$ Lilies$@$ Ranunculus$@$ Seasonal flowers$@$ As recommended by florist', 1, 'Other (please describe)', 0, 0, 1, 0, 0, 5, 0, 0, 'leads', '', 1, 0, 0, '', 0, 1494322014),
(53, '53', '303', 'beb073196bea', '', '', 1, '', 'Age', '', 'Age', '', 0, '', '1', 0, 0, '', 'Child$@$  Teen$@$  Adult', 0, '', 0, 0, 1, 0, 0, 4, 0, 0, 'leads', '', 1, 0, 0, '', 0, 1494322041),
(54, '54', '302', '760ea78f59ce', '', '', 1, '', 'What kind of astrology?', 'Kind astrology', 'Type of astrology', '', 0, '', '1', 0, 0, '', 'Western$@$  Chinese$@$  Indian$@$  I\'m not sure', 1, 'Other', 0, 0, 1, 0, 0, 5, 0, 0, 'leads', '', 1, 0, 0, '', 0, 1494322094),
(55, '55', '305', '234d323fd121', '', '', 1, '', 'How old are your guests?', 'age ,balloon', 'Age', '', 0, '', '1', 0, 0, '', 'Younger than 4 years old$@$  4 - 6 years olds$@$  7 - 10 years old$@$  11 - 14 years old$@$  15 - 17 years old$@$  18 or older', 0, '', 0, 0, 1, 0, 0, 5, 0, 0, 'leads', '', 1, 0, 0, '', 0, 1494322159),
(56, '56', '306', '5020caddbcce', '', '', 1, '', 'What type of balloon art are you looking for?', 'Pictures,balloons', 'Type of balloon  art', '', 0, '', '1', 0, 0, '', 'Simple balloon twisting (e.g., one-balloon dog)$@$  Detailed balloon art (uses several balloons)$@$  Balloon arch$@$  Balloon centerpieces', 1, 'Other', 0, 0, 1, 0, 0, 5, 0, 0, 'leads', '', 1, 0, 0, '', 0, 1494322204),
(57, '57', '308', 'f98f4213eeee', '', '', 1, '', 'What kind of arrangement(s) do you need?', 'needed,products,Florist', 'Arrangements ', '', 0, '', '1', 0, 0, '', 'Bouquets$@$    Centerpieces$@$    Loose flowers$@$    Flower petals$@$    Buffet arrangements$@$    Garlands$@$    Flower crowns$@$    Corsages$@$    Boutonnieres', 1, 'Other(please describe)', 0, 0, 1, 0, 0, 5, 0, 0, 'leads', '', 1, 0, 0, '', 0, 1494322381),
(58, '58', '307', '5b8333fecb13', '', '', 1, '', 'How long would you like the entertainment to last?', 'time,balloon,Size,price factor', 'Duration', '', 0, '', '1', 0, 0, '', 'One hour or less$@$   2 hours$@$   3 hours$@$   4 hours$@$   5 hours or more', 0, '', 0, 0, 1, 0, 0, 4, 0, 0, 'leads', '', 1, 0, 0, '', 0, 1494322389),
(59, '59', '309', '53ba07ecd2e6', '', '', 1, '', 'Would you like to add photos of the event venue or your vision for the #sortName# ?', 'balloons, addiditons,Caricaturing', 'Additions', '', 0, '', '1', 0, 0, '', 'No$@$    Yes', 0, '', 0, 0, 1, 0, 0, 4, 0, 0, 'leads', '', 1, 0, 0, '', 0, 1494322398),
(60, '60', '310', '173e622a634f', '', '', 1, '', 'What type of event is this for?', 'kind,balloons', 'Type of event', '', 0, '', '1', 0, 0, '', 'Birthday party$@$  Festival / fair$@$  Holiday party$@$  Halloween$@$  Fundraiser$@$  Community event $@$  Corporate event', 0, '', 0, 0, 1, 0, 0, 4, 0, 0, 'leads', '', 1, 0, 0, '', 0, 1494322435),
(61, '61', '315', 'e98f9851bac2', '', '', 1, '', 'How would you like to meet with the body painter?', 'Meeting,how,km', 'Meeting ', '', 0, '', '1', 0, 0, '', 'I travel to the body painter$@$  The body painter travels to me$@$  Phone or internet (no in - person meeting)', 0, '', 0, 0, 1, 0, 0, 5, 0, 0, 'leads', '', 1, 0, 0, '', 0, 1494322526),
(62, '62', '314', '8a2c850fa18c', '', '', 1, '', 'Do you have a particular design in mind?', 'Body painting,designes,art', 'Type of design', '', 0, '', '1', 0, 0, '', 'No specific theme', 1, 'Yes (please enter theme)', 1, 0, 1, 0, 0, 4, 0, 0, 'leads', '', 1, 0, 0, '', 0, 1494322568),
(63, '63', '338', 'c3d9b03434d9', '', '', 1, '', 'Please describe your event\'s theme and style', 'Description,how must look,event florist', 'Style and theme', '', 0, '', '', 0, 0, '', 'Default Name', 0, '', 0, 0, 1, 0, 0, 2, 0, 0, 'leads', 'client_instructions', 0, 0, 0, '', 0, 1494322803),
(64, '64', '339', '96c4fa567bfb', '', '', 1, '', 'What kind of event?', 'Security specialist,type', 'Event type', '', 0, '', '1', 0, 0, '', 'Corporate event$@$ Music concert$@$ General party$@$ Wedding$@$ Civic event$@$ Grand opening$@$ Birthday party', 1, 'Other', 0, 0, 1, 0, 0, 4, 0, 0, 'leads', '', 1, 0, 0, '', 0, 1494323123),
(66, '66', '341', '2c1c918c57af', '', '', 1, '', 'How many security staff do you need?', 'Staff needed,Security Specialist,size', 'Amount of staff needed', '', 0, '', '1', 0, 0, '', 'One', 1, 'Multiple (please indicate)', 0, 0, 1, 0, 0, 4, 0, 0, 'leads', 'size1_value', 0, 0, 0, '', 0, 1494323328),
(67, '67', '342', 'd2149e9fe41b', '', '', 1, '', 'How often do you need security services', 'length of time ', 'Length of time needed', '', 0, '', '1', 0, 0, '', 'One time', 1, 'Recurring (please indicate  frequency) ', 0, 0, 1, 0, 0, 4, 0, 0, '', '', 0, 0, 0, '', 0, 1494323441),
(68, '68', '343', '02f432d0caa3', '', '', 1, '', 'What services do you need security staff to perform?', 'Jobassignments', 'Type of work needed', '', 0, '', '', 0, 0, '', 'E.g., reception/front-desk duties', 0, '', 0, 0, 1, 0, 0, 2, 0, 0, 'leads', '', 1, 0, 0, '', 0, 1494323589),
(69, '69', '344', '3ca112a37994', '', '', 1, '', 'Do you need any additional services or supplies?', 'Additions, security specialists', 'Additions', '', 0, '', '1', 0, 0, '', 'Crowd control ropes$@$ ID checks$@$ Metal detectors', 1, 'Other', 0, 0, 1, 0, 0, 5, 0, 0, 'leads', '', 1, 0, 0, '', 0, 1494323669),
(70, '70', '345', '3999bd44169f', '', '', 1, '', 'How many guests will want their faces painted?', 'Amount,face painting,size', 'Amount of guests ', '', 0, '', '1', 0, 0, '', '1 - 10 guests$@$ 11 - 20 guests$@$ 21 - 40 guests$@$ 41 - 60 guests$@$ 61 - 80 guests$@$ 81 - 100 guests', 0, '', 0, 0, 1, 0, 0, 4, 0, 0, 'leads', 'size1_value', 0, 0, 0, '', 0, 1494323827),
(71, '71', '346', '3bed415a7ed0', '', '', 1, '', 'What kind of painting would you like?', 'Type of art, face painting', 'Type of art work', '', 0, '', '1', 0, 0, '', 'Cheeck art$@$ Full face', 0, '', 0, 0, 1, 0, 0, 5, 0, 0, 'leads', '', 1, 0, 0, '', 0, 1494323921),
(72, '72', '350', 'b0afe7129cdb', '', '', 1, '', 'Test777', 'test', 'test777', '', 0, 'test777', '1', 0, 0, '', 'not  appricable$@$   not sure$@$   Option 3', 1, 'Type your address here', 1, 1, 1, 0, 0, 5, 0, 0, 'leads', '', 1, 0, 0, '', 0, 1494331392),
(73, '73', '323', 'd0be1fe26898', '', '', 1, '', 'Test66', '', 'test1', '', 0, 'Test 66 Title', '1', 0, 0, '', 'Option111$@$         Option 2222$@$         Option 3333', 1, 'Default test text', 1, 0, 1, 0, 0, 4, 0, 0, 'leads', '', 1, 0, 0, '', 0, 1494331751),
(74, '74', '360', '684da071979f', '', '', 1, '', 'Would you like to add some before picture your goal?', 'large, pictures, files, upload', 'Large Pictures', '', 0, '', '', 0, 0, '', 'Large File default name', 0, '', 0, 0, 1, 0, 0, 13, 0, 0, 'leads', 'attachment', 0, 0, 0, '', 0, 1494350382),
(75, '75', '358', '0f64c0f7c580', '', '', 1, '', 'Would you like to add some before picture your goal?', 'pictures, files,upload,attach', 'Pictures', '', 0, 'Question name here test.. ', '', 0, 0, '', 'Test title here.. default name Gerrard', 0, '', 0, 0, 1, 0, 0, 13, 0, 0, '', '', 0, 0, 0, '', 0, 1494404238),
(76, '76', '363', '518dd692d87e', '', '', 1, '', 'Which additional services, if any, do you offer?', 'add-ons,face painting', 'Additions', '', 0, '', '1', 0, 0, '', 'Temporary tattoos$@$ Glitter tattoos$@$ Henna tattoos$@$ Balloon twisting  ', 0, '', 0, 0, 1, 0, 0, 5, 0, 0, 'leads', '', 1, 0, 0, '', 0, 1494405923),
(77, '77', '364', 'e17b6a0206ec', '', '', 1, '', 'What type of event is this for?', 'Henna tattoo,type, who', 'Event type', '', 0, '', '1', 0, 0, '', 'Birthday party$@$ Festival / Fair$@$ Individual', 1, 'Other', 0, 0, 1, 0, 0, 4, 0, 0, 'leads', '', 1, 0, 0, '', 0, 1494406015),
(78, '78', '365', '9ec611bef830', '', '', 1, '', 'Where on guests\' bodies will the henna be applied?', 'product placement,henna tattoo', 'Product placement ', '', 0, '', '1', 0, 0, '', 'Hand$@$ Hand and wrist$@$ Hand up to elbow$@$ Foot$@$ Foot and ankle$@$ Foot up to knee$@$ I\'m not sure$@$ As requested by guest', 1, 'Other (please describe)', 0, 0, 1, 0, 0, 5, 0, 0, 'leads', '', 1, 0, 0, '', 0, 1494406136),
(79, '79', '366', 'd75e85cadf8e', '', '', 1, '', 'How many guests will need henna?', 'Henna tattoos,amount people,Size', 'Amount of people', '', 0, '', '1', 0, 0, '', '1-10$@$ 10-20$@$ 20-40', 1, 'Other ( please describe)', 0, 0, 1, 0, 0, 4, 0, 0, 'leads', 'size1_value', 0, 0, 0, '', 0, 1494406213),
(80, '80', '250', '7b99fb08fd96', '', '', 1, '', 'When will it start and for how long ?', 'time, duration, dropdown', 'Time and duration', '', 0, 'At what time will it start?', '1', 0, 0, '', '07:00$@$     08:00$@$    09:00$@$    10:00$@$    11:00$@$    12:00$@$    13:00$@$    14:00$@$    15:00$@$    16:00$@$    17:00$@$    18:00$@$    19:00$@$    20:00$@$    21:00$@$    22:00$@$    23:00$@$    00:00$@$    01:00', 0, '', 0, 0, 1, 0, 0, 3, 0, 0, 'leads', '', 1, 0, 0, '', 0, 1494407088),
(81, '81', '250', '7b99fb08fd96', '', '', 1, '', 'When will it start and for how long ?', 'time, duration, dropdown', 'Duration', '', 0, 'For how many hours will it last?', '2', 0, 0, '-10$@$5$@$10$@$20$@$25$@$35$@$30$@$35', '1 Hour$@$      2 Hours$@$      3 Hours$@$      4 Hours $@$      5 Hours$@$      6 Hours$@$      7 Hours$@$      8 Hours$@$      9 Hours$@$      10 Hours', 0, '', 0, 0, 1, 0, 0, 3, 0, 0, 'leads', '', 1, 0, 0, '', 0, 1494407088),
(83, '83', '371', '0b89c8e27f82', '', '', 1, '', 'Do security staff need to wear a uniform?', 'Outfit,event security', 'Outfits', '', 0, '', '1', 0, 0, '', 'No', 1, 'Yes (please describe)', 0, 0, 1, 0, 0, 4, 0, 0, 'leads', '', 1, 0, 0, '', 0, 1494408438),
(84, '84', '372', 'f550a9a24a55', '', '', 1, '', 'How long would you like the laser show to be?', 'Time,length,laser show', 'Amount of time', '', 0, '', '1', 0, 0, '', '5 mins or less$@$ 6-10 mins$@$ 10-15 mins$@$ 15-30 mins', 1, 'Other', 0, 0, 1, 0, 0, 4, 0, 0, 'leads', '', 0, 0, 0, '', 0, 1494409325),
(85, '85', '373', 'd23c7115f5ea', '', '', 1, '', 'What are your goals from a palm reading?', 'Goals,palm reading', 'Goals of palm reading', '', 0, '', '1', 0, 0, '', 'Personality assessment$@$ Emotional tendencies$@$  Conscious awareness$@$ Subconscious fears$@$ I\'m not sure', 1, 'Other', 0, 0, 1, 0, 0, 5, 0, 0, 'leads', '', 0, 0, 0, '', 0, 1494409776),
(86, '86', '311', '1486155aae61', '', '', 1, '', 'How many people need body painting?', 'BODY PAINTING,amount,size1_value', 'Amount of people', '', 0, '', '1', 0, 0, '', '1 person$@$ 2 people$@$ 3 people$@$ 4 people$@$ 5 people$@$     More than 5 people', 0, '', 0, 0, 1, 0, 0, 4, 0, 0, 'leads', 'size1_value', 0, 0, 0, '', 0, 1494409960),
(87, '87', '377', 'd01bb5c291a4', '', '', 1, '', 'Art type', 'Portrait artist,type of art,kind', 'Type ', '', 0, 'What type of portrait would you like?', '1', 0, 0, '', 'Painting$@$ Drawing$@$ Mixed media$@$ Caricature$@$ As recommended by the professional', 1, 'Other', 0, 0, 1, 0, 0, 4, 0, 0, 'leads', '', 0, 0, 0, '', 0, 1494410278),
(88, '88', '304', 'a7785567978b', '', '', 1, '', 'How would you like to meet with #sortName#?', 'How ,meeting', 'How would you like to meet.', '', 0, '', '1', 0, 0, '', 'I will  travel to them$@$ They must travels to me$@$       Phone or internet (no in-person meeting)', 0, '', 0, 0, 1, 0, 0, 5, 0, 0, 'leads', '', 1, 0, 0, '', 0, 1494410307),
(89, '89', '379', '5fa97c83c2fb', '', '', 1, '', 'Who or what will be the subject of your portrait?', 'Portrait artist,subject of work', 'The inspiration of work', '', 0, '', '1', 0, 0, '', 'Children$@$ Adults$@$ Pets$@$ Wildlife$@$ Architecture', 1, 'Other', 0, 0, 1, 0, 0, 5, 0, 0, 'leads', '', 0, 0, 0, '', 0, 1494410619),
(90, '90', '380', 'cd16cf9b2589', '', '', 1, '', 'In what format would you like to receive your portrait?', 'portrait artistry,format of work,how', 'How to receive', '', 0, '', '1', 0, 0, '', 'Canvas$@$ Print$@$ Digital$@$ As recommended by the professional', 1, 'Other', 0, 0, 1, 0, 0, 4, 0, 0, 'leads', '', 0, 0, 0, '', 0, 1494410772),
(91, '91', '381', 'cbbb7261300f', '', '', 1, '', 'Please add any additional details about your portrait', 'Portrait artistry,additions,information', 'Portrait information', '', 0, '', '', 0, 0, '', '(when you need to portrait by, desired size dimensions, etc)', 0, '', 0, 0, 1, 0, 0, 2, 0, 0, 'leads', 'client_instructions', 0, 0, 0, '', 0, 1494410898),
(92, '92', '382', '246ac70ed6db', '', '', 1, '', 'How old are your guests?', ' age,Puppet show', 'Guests age', '', 0, '', '1', 0, 0, '', '3 or younger$@$ 4-5$@$ 6 or older', 0, '', 0, 0, 1, 0, 0, 4, 0, 0, 'leads', '', 0, 0, 0, '', 0, 1494410998),
(93, '93', '383', '518e7870033b', '', '', 1, '', 'Media type', 'Type of format,Scrapbooking', 'Type ', '', 0, '', '1', 0, 0, '', 'Photos$@$ Mixed media$@$ Memorabilia', 1, 'Other', 0, 0, 1, 0, 0, 5, 0, 0, 'leads', '', 0, 0, 0, '', 0, 1494411247),
(94, '94', '384', '1321cd642324', '', '', 1, '', 'Scrapbook type', 'methods,scrapbooking,what', 'Type of book', '', 0, '', '1', 0, 0, '', 'Life$@$ Baby/childhood$@$ Tribute$@$  Heritage$@$ Wedding/Anniversary$@$  Military$@$ Travel', 1, 'Other', 0, 0, 1, 0, 0, 5, 0, 0, 'leads', '', 0, 0, 0, '', 0, 1494411356),
(95, '95', '385', 'db03a58feb20', '', '', 1, '', 'Additional features', 'Add-ons,scrapbooking', 'Additions ', '', 0, '', '1', 0, 0, '', 'Embellishments$@$ Accents$@$ Embroidery$@$ Die cutting$@$ Not sure', 1, 'Other', 0, 0, 1, 0, 0, 5, 0, 0, 'leads', '', 0, 0, 0, '', 0, 1494411426),
(96, '96', '386', '81d41f1cb817', '', '', 1, '', 'How many people need their cards read?', 'Tarot car ReadING,how many', 'Amount of people', '', 0, '', '1', 0, 0, '', '1 person$@$ 2 people', 1, 'More than 3 (please indicate)', 0, 0, 1, 0, 0, 4, 0, 0, 'leads', '', 0, 0, 0, '', 0, 1494411567),
(97, '97', '275', 'debd46659a8b', '', '', 1, '', 'What kind of reading are you interested in?', 'Tarot card readING', 'Reading Preferences', '', 0, '', '1', 0, 0, '', 'Relationship / Love$@$  Life$@$  Money / Wealth$@$  Career$@$  Future$@$  I\'m not sure', 1, 'Other (Please describe)', 0, 0, 1, 0, 0, 5, 0, 0, 'leads', '', 0, 0, 0, '', 0, 1494411608),
(98, '98', '388', 'd37ee2ece0e0', '', '', 1, '', 'Where would you like valet parking services?', 'Valet services,where,place', 'Destination of event', '', 0, '', '1', 0, 0, '', 'Home$@$ Business$@$ Entertainment venue', 1, 'Other (please describe)', 0, 0, 1, 0, 0, 4, 0, 0, 'leads', '', 0, 0, 0, '', 0, 1494411783),
(100, '100', '300', '9c48c1efdc48', '', '', 1, '', 'How many people need #sortName# ?', 'Astrology ,1 person 2 people,amount', 'Amount of people', '', 0, '', '1', 0, 0, '', '1 person $@$  2 people$@$  3 people$@$  4 people$@$  5 people$@$  More than 5 people', 0, '', 0, 0, 1, 0, 0, 4, 0, 0, 'leads', 'size1_value', 0, 0, 0, '', 0, 1494412191),
(101, '101', '392', 'cf32aebf18ba', '', '', 1, '', 'Do you need a shuttle service?', 'services, transport, valet ', 'Shuttle services', '', 0, '', '1', 0, 0, '', 'No, I do not need a shuttle service$@$ Yes, I need a shuttle service', 0, '', 0, 0, 1, 0, 0, 4, 0, 0, 'leads', '', 0, 0, 0, '', 0, 1494412934),
(109, '5c2cb7e0041f', '102', 'df0ada444d58', '', 'asdfasdfa', 1, '', 'test121', '', 'sdfasdf', '', 0, '', '1', 0, 0, '', 'option 1$@$ option 2$@$ option3 ', 0, '', 0, 0, 1, 0, 0, 3, 0, 0, 'leads', '', 1, 0, 0, '', 0, 1494422964),
(110, '69fa94b99ac3', '102', 'df0ada444d58', '', '', 1, '', 'test121', '', 'asdfasdf', '', 0, '', '1', 0, 0, '', 'asdfasd$@$ asasdf$@$ asdfa sd', 0, '', 0, 0, 1, 0, 0, 3, 0, 0, 'leads', 'start_date', 0, 0, 0, '', 0, 1494422964),
(111, '2', '57', '07d86cdaf54c', '', '', 1, '', 'Old Do you need installation?', '', '', '', 0, '', '1', 0, 0, '', 'I only need grass$@$ I only need installation$@$ I need grass and installation$@$ not sure', 1, 'default text gerrard test', 0, 0, 0, 0, 0, 4, 0, 0, 'leads', '', 1, 0, 0, '', 0, 1494425100),
(115, '37', '240', '0fd40e025db5', '', '', 1, '', 'Is there a specific theme for this event?', 'Theme ,Radio ', 'Theme required', '', 0, '', '1', 0, 0, '', 'No specific theme', 1, 'Yes (enter theme)', 1, 0, 1, 0, 0, 4, 0, 0, 'leads', '', 1, 0, 0, '', 0, 1494487832),
(116, '8a1c22f51ab7', '116', '71be449e23dc', '', '', 1, '', 'How many hours?', 'Time, duration, event security,radio ,how long', 'Duration', '', 0, '', '1', 0, 0, '', 'Less than 1 hour$@$ 1 hour$@$ 2 hours$@$ 3 hours$@$ 4 hours$@$ 5 hours ', 1, 'More than 5 (please indicate)', 0, 0, 1, 0, 0, 4, 0, 0, 'leads', '', 0, 0, 0, '', 0, 1494488588),
(117, '858d06aeee07', '117', 'f2a7b65bef4b', '', '', 1, '', 'When do you need portrait artistry?', 'Portrait artistry,when ,drop-down', 'Completed work ', '', 0, '', '1', 0, 0, '', 'I am flexible$@$ In the next few days$@$ As soon as possible$@$ On one particular date$@$ Other (I\'d need to describe)', 0, '', 0, 0, 1, 0, 0, 3, 0, 0, 'leads', '', 0, 0, 0, '', 0, 1494489267),
(118, 'e0b1cd68119f', '118', '583512809d1f', '', '', 1, '', 'What kind of an event are you hosting?', 'Event hoating,bartending,type,radio', 'Type of event', '', 0, '', '1', 0, 0, '', 'Wedding reception$@$ Birthday party$@$ Corporate event$@$ Cocktail party$@$ Fundraiser$@$ Bachelor / bachelorette party$@$ Holiday party (new year\'s eve, Halloween, etc.)$@$ Special occasion (birthday party, housewarming, etc.)', 0, '', 0, 0, 1, 0, 0, 4, 0, 0, 'leads', '', 0, 0, 0, '', 0, 1494490881),
(119, '169b417e7068', '119', '362223b04ec7', '', '', 1, '', 'What kind of vibe will your event have?', 'Bartending,atmosphere,radio', 'Type of atmosphere', '', 0, '', '1', 0, 0, '', 'Low key / casual$@$ Formal elegant$@$ Upbeat / lively$@$ Club scene', 0, '', 0, 0, 1, 0, 0, 4, 0, 0, 'leads', '', 0, 0, 0, '', 0, 1494490969),
(120, 'da07e2c2b312', '120', '23e06f3cc035', '', '', 1, '', 'Is the venue public or private?', 'Bartending,private/public,text box,Client_instruction', 'Public/private', '', 0, '', '1', 0, 0, '', 'Private residence', 1, 'Public venue (please describe)', 1, 0, 1, 0, 0, 5, 0, 0, 'leads', 'client_instructions', 0, 0, 0, '', 0, 1494491080),
(121, 'ef14501d070b', '121', '342381a8ff6c', '', '', 1, '', 'What kinds of beverages would you like served?', 'Bartending,beverages type,checkbox', 'Type of products', '', 0, '', '1', 0, 0, '', 'Beer$@$ Liquor / mixed drinks$@$ Wine$@$ Non-alcoholic  ', 0, '', 0, 0, 1, 0, 0, 5, 0, 0, 'leads', '', 0, 0, 0, '', 0, 1494491147),
(122, '7a8dd9e69577', '122', 'bd3689903963', '', '', 1, '', 'Who will provide the alcohol and/or beverages?', 'Bartending,providing,radio', 'Providing products', '', 0, '', '1', 0, 0, '', 'Host will supply the drinks$@$ Venue will supply the drinks', 0, '', 0, 0, 1, 0, 0, 4, 0, 0, 'leads', '', 0, 0, 0, '', 0, 1494491218),
(123, '02600a69bc32', '123', '1e3b51eedefc', '', '', 1, '', 'Would you like the bartender to bring a bar?', 'Bartending, equipment,radio', 'Brining of equipment', '', 0, '', '1', 0, 0, '', 'Yes$@$ No, the venue has a bar', 0, '', 0, 0, 1, 0, 0, 4, 0, 0, 'leads', '', 0, 0, 0, '', 0, 1494491282),
(124, 'e6ce2317496d', '124', '78fa0d6dc538', '', '', 1, '', 'Are tip jars allowed?', 'Bartending,tips,radio', 'Tip jar', '', 0, '', '1', 0, 0, '', 'Yes$@$ No', 0, '', 0, 0, 1, 0, 0, 4, 0, 0, 'leads', '', 0, 0, 0, '', 0, 1494491325),
(125, '530b10fbb61f', '125', '1907eaf9dfb0', '', '', 1, '', 'Which additional services do you require?', 'Bartending, additions,checkbox', 'Additions', '', 0, '', '1', 0, 0, '', 'Setup / cleanup$@$ Food services$@$ Glassware$@$ Disposable cups$@$ Coolers$@$ Garnishes$@$ Ice', 0, '', 0, 0, 1, 0, 0, 5, 0, 0, 'leads', '', 0, 0, 0, '', 0, 1494491416),
(127, '65', '340', 'd0a5da21d550', '', '', 1, '', 'Where is your event taking place?', 'Destination, event security,Bouncing,radio', 'Destination', '', 0, '', '1', 0, 0, '', 'Office$@$ Restaurant / bar$@$ Hotel$@$ Club$@$ School', 1, 'Other', 0, 0, 1, 0, 0, 4, 0, 0, 'leads', '', 1, 0, 0, '', 0, 1494491653),
(128, 'bcf16595dca3', '128', 'f278c6776ff4', '', '', 1, '', 'How many wait staff do you need?', 'Waitering,how many,radio', 'Amount of staff', '', 0, '', '1', 0, 0, '', '1 person$@$ 2-4 people$@$ 5-7 people$@$ 8-10 people', 0, '', 0, 0, 1, 0, 0, 4, 0, 0, 'leads', '', 0, 0, 0, '', 0, 1494491810),
(129, '2a4ba8c5c549', '129', 'f5d36cd0a8f0', '', '', 1, '', 'What do you need the wait staff to do?', 'Waiters,obligation,checkbox', 'Work obligations', '', 0, '', '1', 0, 0, '', 'Pass hors d\'oeuvres / serve food$@$ Clear / bus plates$@$ Setup / cleanup$@$ Operate buffet$@$ Wash / stack dishes', 0, '', 0, 0, 1, 0, 0, 5, 0, 0, 'leads', '', 0, 0, 0, '', 0, 1494491914),
(130, '5b2bc9f17281', '130', '45dfe1849762', '', '', 1, '', 'Please tell the wait staff more about the style of your event.', 'Waiters,information,textbox', '', '', 0, '', '1', 0, 0, '', '(dinner party, happy hour, etc.)', 0, '', 0, 0, 1, 0, 0, 2, 0, 0, 'leads', 'client_instructions', 0, 0, 0, '', 0, 1494492007),
(131, '00762c10129c', '131', 'b70982b5bc2a', '', '', 1, '', 'What type of event are you hosting?', 'Sommelier,type of event,radio', 'Event type', '', 0, '', '1', 0, 0, '', 'Wine tasting$@$ Dinner party$@$ Food and wine pairing lessons$@$ Bridal shower', 1, 'Other private event ', 0, 0, 1, 0, 0, 4, 0, 0, 'leads', '', 0, 0, 0, '', 0, 1494492120),
(136, '8efcde22c895', '136', '7b12579c330d', '', '', 1, '', 'How many guests do you expect?', 'Sommelier,amount people,10-50,radio,size1_value', 'Amount of people', '', 0, '', '1', 0, 0, '', 'Fewer than 10 guests$@$ 11 - 20 guests$@$ 21 - 30 guests$@$ 31 - 40 guests$@$ 41 - 50 guests', 0, '', 0, 0, 1, 0, 0, 4, 0, 0, 'leads', 'size1_value', 0, 0, 0, '', 0, 1494492672),
(137, '6cd14451260a', '137', '5544ca2803eb', '', '', 1, '', 'Which of the following services do you need?', 'sommelier,services,checkbox', 'Services needed', '', 0, '', '1', 0, 0, '', 'Food and wine pairings$@$ Education about about grapes, regions, and vineyards$@$ Pouring service$@$ Wine recommendations', 0, '', 0, 0, 1, 0, 0, 5, 0, 0, 'leads', '', 1, 0, 0, '', 0, 1494492994),
(138, 'a08747bfd5ab', '138', '7741b75d5c70', '', '', 1, '', 'Will the pro need to provide glassware or wine?', 'sommelier,equipemnt,checkbox', 'Equipment', '', 0, '', '1', 0, 0, '', 'Pro will need to provide glassware$@$ Pro will need to provide wine', 0, '', 0, 0, 1, 0, 0, 5, 0, 0, 'leads', '', 1, 0, 0, '', 0, 1494493065),
(139, '01b70813aa45', '139', '8889f5715ed6', '', '', 1, '', 'How old are the artists?', 'Audio recording,age,checkbox,Size', 'Age ', '', 0, 'Please note: You must be 18+ to submit a request. The artists may be any age.', '1', 0, 0, '', 'Younger than 13$@$ 13 - 17 years old$@$ 18 - 25 years old$@$ 26 - 44  years old$@$ 45 - 64 years old$@$  65 or older', 0, '', 0, 0, 1, 0, 0, 5, 0, 0, 'leads', 'size1_value', 0, 0, 0, '', 0, 1494493270),
(140, '476759f22019', '140', '2e0fa0779ae6', '', '', 1, '', 'What kind of recording would you like to make?', 'Audio recording,type,radio', 'Type of music', '', 0, '', '1', 0, 0, '', 'Singing only (pre-recorded instrumentals)$@$ Singing and instrumentals$@$ Instruments only$@$ Voice recording (podcast, audiobook, etc.)', 0, '', 0, 0, 1, 0, 0, 4, 0, 0, '', '', 0, 0, 0, '', 0, 1494493339),
(141, '0020fc9ae06c', '141', '6ad792cbee85', '', '', 1, '', 'What kind of music are you recording?', 'Audio recording, music,type,checkbox', 'Type of music', '', 0, '', '1', 0, 0, '', 'Pop$@$ Rock$@$ R&B / Soul$@$ Hip-hop / Rap$@$ Country$@$ Alternative$@$ Metal$@$ Speech (spoken word, audiobook, podcast, ect.)', 0, '', 0, 0, 1, 0, 0, 5, 0, 0, 'leads', '', 1, 0, 0, '', 0, 1494493482),
(142, '99fb96744b0f', '142', 'eb922affc007', '', '', 1, '', 'test direct add', 'directadd', 'test', '', 0, 'test direct add', '1', 0, 0, '', 'Option111$@$ Option222$@$ Option3333', 0, '', 0, 0, 1, 0, 0, 3, 0, 0, 'leads', '', 1, 0, 0, '', 0, 1494493871),
(144, 'f12a15ab438e', '143', 'ec087974deec', '', '', 1, '', 'How many tracks would you like to record?', 'Audio recording,tracks,music,radio', 'Number of tracks', '', 0, '', '1', 0, 0, '', '1 track$@$ 2 tracks$@$ 3 tracks$@$ 4 tracks$@$ 5 tracks', 0, '', 0, 0, 1, 0, 0, 4, 0, 0, 'leads', '', 1, 0, 0, '', 0, 1494495474),
(145, 'b656af4fa4ee', '145', 'fe5b40fd87c3', '', '', 1, '', 'How long will the final run time of the recording be?', 'Audio recording,Length time,radio', 'Length of recording', '', 0, '', '1', 0, 0, '', '5 minutes or fewer$@$ 6 - 10 minutes$@$ 11 - 15 minutes$@$ 16 - 30 minutes$@$ 31 - 60 minutes$@$ 61 - 120 minutes', 0, '', 0, 0, 1, 0, 0, 4, 0, 0, 'leads', '', 1, 0, 0, '12035e0c', 0, 1494495574),
(146, '0434ff41f826', '146', '0480d6c615cc', '', '', 1, '', 'Would you like any additional services?', 'audio recording', 'Additions', '', 0, '', '1', 0, 0, '', 'Mixing$@$ Mastering$@$ Editing$@$ Pre-production$@$ Post-production', 0, '', 0, 0, 1, 0, 0, 5, 0, 0, 'leads', '', 1, 0, 0, '34ba3f0a', 0, 1494495660),
(147, '138e93d7bd54', '147', '375d85a3337a', '', '', 1, '', 'What is your recording for?', 'Audio recording', 'What is it?', '', 0, '', '1', 0, 0, '', 'Specify details', 0, '', 0, 0, 1, 0, 0, 2, 0, 0, 'leads', '', 1, 0, 0, '49fff68b', 0, 1494495735),
(148, '1e0b589b9c5b', '148', 'bb504660ac27', '', '', 1, '', 'What times are you available to meet?', 'Audio recording,availability, meeting', 'Meeting arrangements ', '', 0, '', '1', 0, 0, '', 'Early morning (before 9am)$@$ Morning (9am - noon)$@$ Early afternoon (noon - 3pm)$@$ Late afternoon (3 - 6pm)$@$ Evening (after 6pm)', 0, '', 0, 0, 1, 0, 0, 5, 0, 0, 'leads', '', 1, 0, 0, '29d14e9c', 0, 1494495828),
(149, '67118941419b', '149', '50f7b1bacf5d', '', '', 1, '', 'What do you need done?', 'Barbecue repair,to be done,problem,checkbox', 'To be done', '', 0, '', '1', 0, 0, '', 'Install$@$ Repair$@$ Clean', 1, 'Other', 0, 0, 1, 0, 0, 5, 0, 0, 'leads', 'client_instructions', 0, 0, 0, 'a30f2ef9', 0, 1494496093),
(150, 'c9c193358a9b', '150', '455d4f983dc6', '', '', 1, '', 'What kind of barbecue or grill?', 'Barbecue,type/ model,checkbox', 'Model of barbecue', '', 0, '', '1', 0, 0, '', 'Built-in$@$ Charcoal$@$ Gas (natural or propane)$@$ Electric$@$ Smoker$@$ Firepit grill$@$ I\'m not sure', 1, 'Other', 0, 0, 1, 0, 0, 5, 0, 0, '', '', 0, 0, 0, 'a43f2943', 0, 1494496402),
(153, '5504499639de', '151', 'e80e61cbe264', '', '', 1, '', 'What type of location is this project for?', 'Barbecue,location,radial', 'Location', '', 0, '', '1', 0, 0, '', 'Residential$@$ Commercial', 1, 'Other', 0, 0, 1, 0, 0, 4, 0, 0, 'leads', '', 1, 0, 0, '', 0, 1494496564),
(155, '1e66e4be9692', '155', '20679209b260', '', '', 1, '', 'Would you like to add photos to describe your vision for the buffet?', 'Candy, additions,photos,radio', 'Adding photos', '', 0, '', '1', 0, 0, '', 'No$@$ Yes', 0, '', 0, 0, 1, 0, 0, 4, 0, 0, 'leads', '', 1, 0, 0, 'aef29d51', 0, 1494497464),
(156, 'e3a0a8a5a6bb', '154', '52fafcafa56c', '', '', 1, '', 'Please describe the type of candy you would like.', 'Candy,type,textbox,Client_instruction', 'Type of candy', '', 0, '', '1', 0, 0, '', 'E.g., red and blue candy, dark chocolate', 0, '', 0, 0, 1, 0, 0, 2, 0, 0, 'leads', 'client_instructions', 0, 0, 0, '', 0, 1494497559),
(157, '639495aabdd7', '157', '72df4fb8f1ed', '', '', 1, '', 'What kind of chocolate do you want for the fountain?', 'Chocolate,type,radio', 'Type of chocolate', '', 0, '', '1', 0, 0, '', 'Milk$@$ Dark$@$ White', 1, 'Other', 0, 0, 1, 0, 0, 4, 0, 0, 'leads', '', 1, 0, 0, '392671f9', 0, 1494497697),
(159, '9b93fdca43e5', '158', 'db311d127201', '', '', 1, '', 'What dipping items do you want?', 'Chocolate,additions,toppings,checkbox', 'Toppings', '', 0, '', '1', 0, 0, '', 'Strawberries$@$ Bananas$@$ Pineapple$@$ Dried apricot$@$ Marshmallows$@$ Rice krispie bits$@$ Doughnut holes$@$ Coconut macaroons$@$ Pound cake bits$@$ Pretzels$@$ Brownie bites', 1, 'Other', 0, 0, 1, 0, 0, 5, 0, 0, 'leads', '', 1, 0, 0, '', 0, 1494497929),
(161, 'cf7ca9b33ff4', '161', 'b7eacd0c3480', '', '', 1, '', 'Which meals would you like catered?', 'catering,meals,type,checkbox', 'Meals wanted', '', 0, '', '1', 0, 0, '', 'Breakfast / brunch$@$ Lunch$@$ Cocktail hour / hors d\'oeuvres$@$ Dinner$@$ Dessert', 0, '', 0, 0, 1, 0, 0, 5, 0, 0, 'leads', '', 1, 0, 0, '7f5072d1', 0, 1494498274),
(162, '3c6c68cdcbdf', '162', '44774e65a795', '', '', 1, '', 'Which courses would you like catered?', 'Catering,type of meals,food,picture boxes', 'Meals wanted', '', 0, '', '1', 0, 0, '', 'Appetizers$@$ Entrees$@$ Side dishes$@$ Desserts$@$ Cold beverages (non-alcoholic)$@$ Cold beverages (alcoholic)$@$ Hot beverages (coffee, tea, etc.)', 0, '', 0, 0, 1, 0, 0, 5, 0, 0, 'leads', '', 1, 0, 0, '203fdb06', 0, 1494498694),
(163, '30c54d4faf6c', '163', '9062c067834e', '', '', 1, '', 'How would you describe the atmosphere or ambiance of your event?', 'Catering ,enviroment,sourrounding,Radio', 'The atmosphere ', '', 0, '', '1', 0, 0, '', 'Formal$@$ Business / professional$@$ Semiformal / cocktail$@$ Casual  ', 0, '', 0, 0, 1, 0, 0, 4, 0, 0, 'leads', '', 1, 0, 0, 'e5f7e242', 0, 1494500423),
(165, '30e5c72d2acc', '165', 'e92b5bc82124', '', '', 1, '', 'Which cuisine are you interested in?', 'catering,food,type,checkbox', 'Food styles', '', 0, '', '1', 0, 0, '', 'American - casual$@$ American - formal$@$ Italian$@$ Asian$@$ Mexican / Latin American$@$ Mediterranean / Middle Eastern $@$ Barbecue$@$ Southern$@$ Indian$@$ French', 0, '', 0, 0, 1, 0, 0, 5, 0, 0, 'leads', '', 1, 0, 0, 'd112ec7e', 0, 1494500654),
(166, '38c6f5bab64b', '166', '15ab3678cc06', '', '', 1, '', 'Do you have any dietary restrictions or preferences?', 'Catering, allergies,restrictions,textbox,client', 'Food knowledge', '', 0, 'Please specify whether this is for the entire party or an individual Optional', '1', 0, 0, '', 'Default Name', 0, '', 0, 0, 1, 0, 0, 2, 0, 0, 'leads', 'client_instructions', 0, 0, 0, 'a30394c7', 0, 1494500733),
(167, 'd887f880008d', '167', '33fee4c6a987', '', '', 1, '', 'How would you like the meal served?', 'catering,servicemeals,pictures,checkbox', 'Service of meals', '', 0, '', '1', 0, 0, '', 'Plated meal$@$ Buffet / self serve$@$ Food station$@$ Family style$@$ Passed appetizers', 0, '', 0, 0, 1, 0, 0, 5, 0, 0, 'leads', '', 1, 0, 0, 'f71794b4', 0, 1494500868),
(168, 'd9affb340b80', '168', 'fc7cc2501ea0', '', '', 1, '', 'Do you need service during the meal?', 'Catering,additional help,radio', 'Servers', '', 0, '', '1', 0, 0, '', 'Service will be needed during the meal$@$ Only drop off is necessary', 0, '', 0, 0, 1, 0, 0, 4, 0, 0, 'leads', '', 1, 0, 0, 'bc730be7', 0, 1494501075),
(171, '3139eb2c3829', '171', '79acbe73987e', '', '', 1, '', 'Will a kitchen be available at the location?', 'Catering, equipment availability,radio', 'Equipment ', '', 0, '', '1', 0, 0, '', 'Yes - full kitchen (oven, stove, refrigerator, sink, and utensils)$@$ Yes - partial kitchen (refrigerator and sink only)$@$ No', 0, '', 0, 0, 1, 0, 0, 4, 0, 0, 'leads', '', 1, 0, 0, 'd3950142', 0, 1494501355),
(172, '13ff40384956', '172', '30bfc0a797d3', '', '', 1, '', 'Will you need bartending services?', 'Catering, Additional services,radio', 'additional services', '', 0, '', '1', 0, 0, '', 'Yes$@$ No', 0, '', 0, 0, 1, 0, 0, 4, 0, 0, 'leads', '', 1, 0, 0, '45d17961', 0, 1494501729),
(173, 'f6fb751d128d', '173', '929a44d268c3', '', '', 1, '', 'Which (if any) additional supplies do you require?', 'catering, additions,placing materials,checkbox', 'Additional supplies', '', 0, '', '1', 0, 0, '', 'Dinnerware, flatware, and glasses$@$ Disposable plates, utensils, and cups$@$ Paper napkins$@$ Cloth napkins$@$ Serving/warming trays, dishes, and utensils$@$ Tabletop décor and display', 0, '', 0, 0, 1, 0, 0, 5, 0, 0, 'leads', '', 1, 0, 0, '4732f089', 0, 1494501898),
(174, '6dcaa939d8ce', '164', 'd2e790125784', '', '', 1, '', 'What style of food are you interested in?', 'Catering,type food,radio', 'Food style ', '', 0, '', '1', 0, 0, '', 'Traditional$@$ Fusion$@$ Modern / inventive', 0, '', 0, 0, 1, 0, 0, 4, 0, 0, 'leads', '', 1, 0, 0, '', 0, 1494502022),
(175, '97ac362a5c8f', '175', '06a84953e242', '', '', 1, '', 'What type of vendor would you like?', 'Food vendor,type,checkbox', 'Type of production', '', 0, '', '1', 0, 0, '', 'Food truck$@$ Food cart', 0, '', 0, 0, 1, 0, 0, 5, 0, 0, 'leads', '', 1, 0, 0, '340464bc', 0, 1494502298),
(176, 'a5b7f47dcb89', '176', '33bf5bcda5d5', '', '', 1, '', 'What kind of food would you like?', 'food vendor,food,checkbox', 'Different foods', '', 0, '', '1', 0, 0, '', 'Mexican / Latin (e.g., tacos, burritos)$@$ American (e.g., burgers, hot dogs, BBQ)$@$ Mediterranean (e.g., falafel, gyro)$@$ Asian (e.g., dumplings, buns)$@$ Breakfast items (e.g., bagels, eggs, coffee)$@$ Dessert (e.g., ice cream, frozen yogurt)$@$ Drinks (e.g., soft drinks, juices)$@$ Coffee', 0, '', 0, 0, 1, 0, 0, 5, 0, 0, 'leads', '', 1, 0, 0, 'b5392ef0', 0, 1494502445),
(177, 'ff8b98aa7bc9', '177', '6864594a0203', '', '', 1, '', 'How will vendors be paid?', 'Food vendors,payments,how,money,radio', 'Payments', '', 0, '', '1', 0, 0, '', 'By host$@$ By guests', 0, '', 0, 0, 1, 0, 0, 4, 0, 0, 'leads', '', 1, 0, 0, '9496ce55', 0, 1494502525),
(179, '99', '176', '306cfdaf8db5', '', '', 1, '', 'How many guests do you expect?', '1-250,amount radio,Size1_value', 'Guests expected', '', 0, '', '1', 0, 0, '', '25 guests or fewer$@$ 26 - 50 guests$@$ 51 - 100 guests$@$ 101 - 150 guests$@$ 151 - 200 guests$@$ 201 - 250 guests$@$ 251 - 300 guests', 0, '', 0, 0, 0, 0, 0, 4, 0, 0, 'leads', 'size1_value', 0, 0, 0, '', 0, 1494503242),
(180, '221eb979e273', '180', '1baea8c0080d', '', '', 1, '', 'What kind of ice cream would you like?', 'Ice cream,type,checkbox', 'Type of ice cream', '', 0, '', '1', 0, 0, '', 'Ice cream$@$ Gelato$@$ Ice cream sandwiches$@$ Popsicles$@$ Mixed assortment', 1, 'Other', 0, 0, 1, 0, 0, 5, 0, 0, 'leads', '', 1, 0, 0, '', 0, 1494503445),
(181, '941821e16439', '178', '1d79c9122d76', '', '', 1, '', 'What flavors of ice cream would you like?', 'Ice cream,flavors / type/,needed,checkbox', 'Type of ice cream', '', 0, '', '1', 0, 0, '', 'Vanilla$@$ Chocolate$@$ Strawberry$@$ Mango$@$ Raspberry$@$ Cookie dough$@$ Chocolate brownie', 1, 'Other', 0, 0, 1, 0, 0, 5, 0, 0, 'leads', '', 1, 0, 0, '', 0, 1494503705),
(182, '98260173f9ce', '182', '5195a7785883', '', '', 1, '', 'What else would you like with the ice cream cart?', 'Ice cream,additional products,addons,radio', 'Additional products', '', 0, '', '1', 0, 0, '', 'Umbrella / canopy$@$ Ice cream scoops$@$ Ice cream cups$@$ Plastic spoons$@$ Toppings', 1, 'Others', 0, 0, 1, 0, 0, 4, 0, 0, 'leads', '', 1, 0, 0, 'c5efd661', 0, 1494503877),
(183, 'e4c82cc0ee6a', '160', '45146a62d70f', '', '', 1, '', 'Will you need an attendant to operate the #sortName# during the event?', 'chocolate, help,assistants,radio', 'Assistance', '', 0, '', '1', 0, 0, '', 'No$@$ Yes$@$ As recommended by professional', 0, '', 0, 0, 1, 0, 0, 4, 0, 0, 'leads', '', 1, 0, 0, '', 0, 1494503931),
(184, '56b1fc138a24', '184', '52ad03147ea9', '', '', 1, '', 'What kind(s) of pastries would you like?', 'Pastry chef,types of food,textbox', 'Kinds of foods', '', 0, '', '1', 0, 0, '', 'Cake$@$ Cupcakes$@$ Cake Pops$@$ Cookies$@$ Brownies$@$ Doughnuts$@$ Pies$@$ Chocolate covered fruits', 0, '', 0, 0, 1, 0, 0, 5, 0, 0, 'leads', '', 1, 0, 0, '4cd89ce7', 0, 1494504205),
(185, '22900d0bf549', '185', '201dea2d0eb3', '', '', 1, '', 'How many servings of pastries will you need?', 'Pastries chef,servings,amounts,radio', 'Amount of pastries', '', 0, '', '1', 0, 0, '', ' 1 dozen$@$ 2 dozen$@$ 3 dozen$@$ 4 dozen $@$ 5 dozen$@$ 6 dozen $@$ 7 dozen$@$ 8 dozen$@$ 9 dozen$@$ 10 dozen', 0, '', 0, 0, 1, 0, 0, 4, 0, 0, 'leads', 'size1_value', 0, 0, 0, 'ee50bf79', 0, 1494504349),
(186, '76e72621ac11', '186', '437bd709dac0', '', '', 1, '', 'Which flavors, designs, or themes would you like?', 'Pastries chef,comments,ideas,textbox', 'Ideas and comments', '', 0, '', '1', 0, 0, '', 'Default Name', 0, '', 0, 0, 1, 0, 0, 2, 0, 0, 'leads', '', 1, 0, 0, '16bcfc17', 0, 1494504443),
(187, '5c43328261e3', '187', '15015ef09d7b', '', '', 1, '', 'Will you need delivery?', 'pastries chef,delivery,services,radio textbox', 'Transport of products', '', 0, '', '1', 0, 0, '', 'No', 1, 'Yes', 1, 0, 1, 0, 0, 4, 0, 0, 'leads', '', 1, 0, 0, '68e56de4', 0, 1494504540),
(188, '24217f3261ae', '188', 'ece6fc4a91a6', '', '', 1, '', 'What kind of event are you hosting?', 'Personal chef,type of event,radio', 'The type of event', '', 0, '', '1', 0, 0, '', 'Date night$@$ Brunch / dinner party$@$ Holiday meal (Mother\'s day, Valentine\'s day, etc.)$@$ Shower (baby, bridal, etc.)$@$ Special occasion (birthday, anniversary, etc.)', 0, '', 0, 0, 1, 0, 0, 4, 0, 0, 'leads', '', 1, 0, 0, 'd81b351b', 0, 1494504829),
(189, '698535de8dd6', '189', 'f3d24ef138b5', '', '', 1, '', 'How often would you like meals prepared?', 'Personal chef,preperation,often,length of time,radio', 'Length of time', '', 0, '', '1', 0, 0, '', 'Only once$@$ Once a month$@$ A few times per month$@$ Once a week$@$ A few times per week$@$ Once a day$@$ 2 - 3 times per day', 0, '', 0, 0, 1, 0, 0, 4, 0, 0, 'leads', '', 1, 0, 0, 'b4c388e9', 0, 1494504987);
INSERT INTO `questions` (`id`, `question_id`, `question_uuid`, `step_uuid`, `branch_id`, `selected_option_value_branch`, `language_id`, `country_id`, `step_heading`, `category_tags`, `short_column_heading`, `unit_measurement`, `is_question_required`, `question_title`, `text_price_size`, `avr_size`, `incremental_markup`, `markup`, `default_name`, `is_last_field_is_text_box`, `is_last_fiels_is_text_box_placeholder`, `is_show_first_option`, `is_large_text_box`, `is_slider_selected_value`, `show_less_than_slider`, `show_more_than_slider`, `type_id`, `show_time`, `show_duration`, `select_table`, `select_column`, `is_dynamically`, `is_attachment_small`, `script_code`, `is_form_id`, `boxed_script_code`, `time`) VALUES
(190, 'c42e2bc8da67', '190', '17303711c0fb', '', '', 1, '', 'What kind of popcorn machine rental do you want?', 'Popcorn,type of equipment,radiom', 'Type of equipment', '', 0, '', '1', 0, 0, '', 'Tabletop$@$ Cart', 1, 'Other', 0, 0, 1, 0, 0, 4, 0, 0, 'leads', '', 1, 0, 0, '5454bc33', 0, 1494506630),
(191, 'a33f8d878b71', '191', '7770743ecfb8', '', '', 1, '', 'What else would you like with the popcorn machine?', 'Popcorn,additions,flavours,checkbox', 'Popcorn equipment ', '', 0, '', '1', 0, 0, '', 'Popcorn kernels$@$ Salt$@$ Butter$@$ Popcorn bags$@$ Popcorn boxes', 1, 'Other', 0, 0, 1, 0, 0, 5, 0, 0, 'leads', '', 1, 0, 0, 'b1f4658b', 0, 1494506751),
(202, 'a3d3c7044afb', '202', '0a845d9f7db7', '', '', 1, '', 'Step Heading', '', 'asdfsad', '', 0, 'asdfs', '1', 0, 0, '', 'Default Name', 0, '', 0, 0, 1, 0, 0, 1, 0, 0, 'leads', '', 1, 0, 0, 'beedca2d', 0, 1494514972),
(203, '5ff4c4763ec3', '203', 'f818838373cb', '', '', 1, '', 'ttest', '', 'sadfsadf', '', 0, 'asdfsadf', '1', 0, 0, '', 'Default Name', 0, '', 0, 0, 1, 0, 0, 1, 0, 0, 'leads', '', 1, 0, 0, 'ebf3500e', 0, 1494515072),
(204, 'dac54e7782f5', '204', '7b3aab81e949', '', '', 1, '', 'sadfsd  test444', 'test', 'atest4444', '', 0, '4444', '1', 0, 0, '', 'Option 1$@$ Option 2$@$ Option 3', 0, '', 0, 0, 1, 0, 0, 3, 0, 0, 'leads', '', 1, 0, 0, 'cc98c1b3', 0, 1494515247),
(205, '1cb9dc4e0f65', '205', '07faaeb245f9', '', '', 1, '', 'Step Heading test555', 'test  ', 'dsfgdsfg', '', 0, 'asdfsadf', '1', 0, 0, '', 'Default Name', 0, '', 0, 0, 1, 0, 0, 1, 0, 0, 'leads', '', 1, 0, 0, '1b0eff0a', 0, 1494515330),
(206, '42b919427a29', '206', 'e0228a35eea0', '', '', 1, '', 'test5345', 'test', 'test', '', 0, '', '1', 0, 0, '', 'Option 1dsf$@$ Option 2s$@$ Option 3', 0, '', 0, 0, 1, 0, 0, 4, 0, 0, 'leads', '', 1, 0, 0, 'ea1e795e', 0, 1494515498),
(207, '528ca8c32a40', '207', '2b6a2075f7b0', '', '', 1, '', 'Costing', 'test, costing', 'People', '', 0, 'Estimate number of people', '1', 0, 0, '', '20$@$ 250$@$ 1$@$ People$@$ Option 1$@$ Option 2$@$ Option 3', 0, '', 0, 0, 1, 1, 1, 6, 0, 0, 'leads', 'size1_value', 0, 0, 0, '986fe2e7', 0, 1494519564),
(208, '76b8e63bfe88', '207', '2b6a2075f7b0', '', '', 1, '', 'Costing', 'test, costing', 'budget pp', '', 0, 'What is your estimated food budget per person?', '1', 0, 0, '', '50$@$ 1500$@$ 10$@$ ZAR', 0, '', 0, 0, 1, 1, 1, 6, 0, 0, 'leads', '', 1, 0, 0, '986fe2e7', 0, 1494519564),
(249, '97207085ab94', '247', 'f87291f43ae4', '-$@$143333e27a29', '', 1, '', 'Anything else the #sortName# should know?', 'test, comments', 'Added Notes', '', 0, '', '1', 0, 0, '', 'No$@$ Yes', 0, '', 0, 0, 1, 0, 0, 4, 0, 0, 'leads', '', 1, 0, 0, '860d202a', 0, 1494568548),
(250, '143333e27a29', '247', 'f87291f43ae4', '', '', 1, '', 'Anything else the #sortName# should know?', 'test, comments', 'Comment', '', 0, '', '1', 0, 0, '', 'Type notes here...', 0, '', 0, 0, 1, 0, 0, 2, 0, 0, 'leads', 'client_instructions', 0, 0, 0, '860d202a', 0, 1494568548),
(251, '11d08343f2f4', '251', '89a1e40563d6', '-$@$-$@$-', '', 1, '', 'error test1', 'test', 'error test', '', 0, '', '1', 0, 0, '', 'Option 1$@$ Option 2$@$ Option 3', 0, '', 0, 0, 1, 0, 0, 4, 0, 0, 'leads', '', 1, 0, 0, 'ad54c96d', 0, 1494570622),
(252, 'aec0ab226079', '251', '89a1e40563d6', '', '', 1, '', 'error test1', 'test', '', '', 0, '', '1', 0, 0, '', 'Default Name', 0, '', 0, 0, 1, 0, 0, 1, 0, 0, 'leads', 'lead_user_name', 0, 0, 0, 'ad54c96d', 0, 1494570622),
(253, '9144842b4844', '253', '5191ad4ca30f', '-$@$-$@$-', '', 1, '', 'error test2', '', '', '', 0, '3333', '1', 0, 0, '', 'Default Name3333', 0, '', 0, 0, 1, 0, 0, 1, 0, 0, 'leads', 'lead_user_name', 0, 0, 0, '4bcae191', 0, 1494570717),
(254, 'dd9e01f6831b', '254', '5aea89c5058c', '-$@$-$@$-', '', 1, '', 'error test 3', '', 'now if save  question will not be added', '', 0, 'I leave short  Column  heading blank above.. to get error', '1', 0, 0, '', 'Option 1$@$ Option 2$@$ Option 3', 0, '', 0, 0, 1, 0, 0, 4, 0, 0, 'leads', '', 1, 0, 0, '25465ed9', 0, 1494570927),
(255, '5c1a722f555a', '255', '5cd9b5e40d97', '-$@$-$@$-', '', 1, '', 'Error test 4', 'test', 'error test 4', '', 0, '', '1', 0, 0, '', 'Option 1$@$ Option 2$@$ Option 3', 0, '', 0, 0, 1, 0, 0, 3, 0, 0, 'leads', '', 1, 0, 0, '906c4597', 0, 1494571069),
(256, '37e1bf4047e2', '256', '473320246f20', '-$@$-$@$-', '', 1, '', 'error test6', 'test', 'error test 7', '', 0, '', '1', 0, 0, '', 'Option 1$@$ Option 2$@$ Option 3', 0, '', 0, 0, 1, 0, 0, 4, 0, 0, 'leads', '', 1, 0, 0, 'c906af9a', 0, 1494571592),
(257, 'fa14b4f7c554', '257', 'a5e85e116b0c', '-$@$-$@$-', '', 1, '', 'error test 7', 'test', 'error test 7', '', 0, '', '1', 0, 0, '', 'Default Name', 0, '', 0, 0, 1, 0, 0, 2, 0, 0, 'leads', '', 1, 0, 0, '91fccd5b', 0, 1494571757),
(258, 'cd6943efea2d', '258', '2f26c2028f68', '-$@$-$@$-', '', 1, '', 'Ram error 1', '', '', '', 0, 'ram error 1', '1', 0, 0, '', 'Default Name$@$ Option 1$@$ Option 2$@$ Option 3', 0, '', 0, 0, 1, 0, 0, 1, 0, 0, 'leads', 'size1_value', 0, 0, 0, 'e1e764b8', 0, 1494571775),
(259, '0714a7f51e97', '259', 'de8c93fcc2ea', '-$@$-$@$-', '', 1, '', 'ram error 2', 'test', 'heading ram error 2', '', 0, 'ram error 2', '1', 0, 0, '', 'Default Name', 0, '', 0, 0, 1, 0, 0, 2, 0, 0, 'leads', '', 1, 0, 0, '81cbd308', 0, 1494571835),
(260, '5aa6ec3d43f4', '260', 'fd342b6604c3', '-$@$-$@$-', '', 1, '', 'ram error 3', '', 'heading ram error 3', '', 0, 'ram error 3', '1', 0, 0, '', 'Option 1$@$ Option 2$@$ Option 3', 0, '', 0, 0, 1, 0, 0, 4, 0, 0, 'users', 'sign_up_url', 0, 0, 0, '344d2d5f', 0, 1494571902),
(261, '3c893d53c9d7', '261', '4e68de6cdc34', '-$@$-$@$-', '', 1, '', 'ram error 4', '', 'heading ram error 4', '', 0, 'ram error 4', '1', 0, 0, '', 'Option 1$@$ Option 2$@$ Option 3', 0, '', 0, 0, 1, 0, 0, 5, 0, 0, 'leads', '', 1, 0, 0, '6b161d3f', 0, 1494572003),
(262, 'b5b0e3b1ee43', '262', '4119256ed075', '-$@$-$@$-', '', 1, '', 'ram error 5', '', 'heading ram error 5', '', 0, 'ram error 5', '2', 0, 0, '', '0$@$ 0$@$ 100$@$ 2$@$ cm', 0, '', 0, 0, 1, 0, 0, 6, 0, 0, 'leads', 'lead_cell', 0, 0, 0, 'c3fe61ef', 0, 1494572271),
(263, '057e2d063915', '262', '4119256ed075', '', '', 1, '', 'ram error 5', '', 'ram error 5', '', 0, 'ram error 33', '1', 0, 0, '', '', 0, '', 0, 0, 1, 0, 0, 7, 0, 0, 'leads', 'industry_id', 0, 0, 0, 'c3fe61ef', 0, 1494572271),
(264, '4b13ed88e463', '262', '4119256ed075', '', '', 1, '', 'ram error 5', '', '', '', 0, 'date', '1', 0, 0, '', 'Default Name', 0, '', 0, 0, 1, 0, 0, 10, 0, 0, 'leads', 'end_date', 0, 0, 0, 'c3fe61ef', 0, 1494572271),
(265, '93b9da3c6de9', '265', '6bc0331fd1eb', '-$@$-$@$-', '', 1, '', 'ram error 6', '', '', '', 0, 'ram error 6', '1', 0, 0, '', 'Default Name', 0, '', 0, 0, 1, 0, 0, 13, 0, 0, '', '', 0, 0, 0, '81a90c4f', 0, 1494572327),
(266, '1700d02161bb', '266', '8287433b2a99', '-$@$-$@$-', '', 1, '', 'What kind of wine tasting/tour?', 'Wine ,tasting,checkbox', 'Type of entertainment', '', 0, '', '1', 0, 0, '', 'Standard tour (group)$@$ Private / Personalized tour$@$ Urban (walking)', 1, 'Other', 0, 0, 1, 0, 0, 5, 0, 0, 'leads', '', 1, 0, 0, '34da8b1c', 0, 1494573194),
(267, '651320a06582', '267', '9c627bd7ba6b', '-$@$-$@$-', '', 1, '', 'Anything else?', 'wine, additions,Transport,location,checkbox', 'Additions', '', 0, '', '1', 0, 0, '', 'Transportation (shuttle/limo)$@$ Lodging$@$ Spa / Resort', 1, 'Other', 0, 0, 1, 0, 0, 5, 0, 0, 'leads', '', 1, 0, 0, '88b1f494', 0, 1494573362),
(270, 'b33a8f2fecae', '270', 'b99b2384d19d', '-$@$-$@$-', '', 1, '', 'How many pieces of clothing do you need altered?', 'Alterations,amount,need fixing,Clothing,1-5,size_1', 'Items altered ', '', 0, '', '1', 0, 0, '', '1$@$ 2$@$ 3$@$ 4$@$ 5', 1, 'More than 5', 0, 0, 1, 0, 0, 4, 0, 0, 'leads', 'size1_value', 0, 0, 0, '6f159b22', 0, 1494576663),
(271, 'a71d7ff820c7', '271', '1f3f08824649', '-$@$-$@$-', '', 1, '', 'What type of clothing do you need altered?', 'Alterations,clothing items,checkbox', 'Clothing types', '', 0, '', '1', 0, 0, '', 'Pants$@$ Shirt$@$ Suit$@$ Coat$@$ Skirt$@$ Dress$@$ Formal gown$@$ Wedding gown$@$ Costume', 1, 'Other', 0, 0, 1, 0, 0, 5, 0, 0, 'leads', '', 1, 0, 0, '619ea83f', 0, 1494577247),
(274, 'a846b73b8bfa', '274', '44404200f6ac', '-$@$-$@$-', '', 1, '', 'What type of alterations do you need?', 'Alitrations,checkbox,kind,what', 'Alterations needed', '', 0, '', '1', 0, 0, '', 'Tailor overall fit$@$ Hem or cuff pants$@$ Hem dress$@$ Shorten or lengthen sleeves$@$ Add, remove, or adjust straps$@$ Add zipper$@$ Mend holes$@$ Add embellishments', 1, 'Other', 0, 0, 1, 0, 0, 5, 0, 0, 'leads', '', 1, 0, 0, 'e3486b35', 0, 1494577354),
(283, 'd726ae71c1e7', '281', '6328b09413ad', '-$@$-$@$-$@$-$@$-', '', 1, '', 'How many bridesmaid dresses do you need altered?', 'Bride,1-5,alterations ,Size1_value ', 'Amount of alterations', '', 0, '', '1', 0, 0, '', '1$@$ 2$@$ 3$@$ 4$@$ 5', 1, 'More than 5 ', 0, 0, 1, 0, 0, 4, 0, 0, 'leads', 'size1_value', 0, 0, 0, '', 0, 1494577851),
(288, '7e2d9db38a62', '288', '274de67ead84', '-$@$-$@$-', '', 1, '', 'What type of bridesmaid dress alterations do you need?', 'Bride,kind of alterations,radio', 'Dress alterations', '', 0, '', '1', 0, 0, '', 'Tailor overall fit$@$ Add, remove, or adjust straps$@$ Shorten length and adjust hem$@$ Add a bustle$@$ Insert bra cups$@$ Add additional embellishments$@$ Re-design', 1, 'Other', 0, 0, 1, 0, 0, 4, 0, 0, 'leads', '', 1, 0, 0, 'a90c15a6', 0, 1494578134),
(289, '26a928e2fdcf', '289', '5a6fa9ead195', '-$@$-$@$-', '', 1, '', 'Does your dress have special accents or fabrics?', 'bride,special additions,fabrics,checkbox', 'Special additions', '', 0, '', '1', 0, 0, '', 'Lace$@$ Embroidery$@$ Beading$@$ Sequence$@$ Crystals$@$ Appliques$@$ Long train$@$ None', 1, 'Other', 0, 0, 1, 0, 0, 5, 0, 0, 'leads', '', 1, 0, 0, '405e58ce', 0, 1494578431),
(292, '7381429ce461', '292', '8d3163040e6c', '-$@$-', '', 1, '', 'Would you like your dress(es) pressed and steamed after the final fitting?', 'Bride,presentation,Radio,Y/N', 'Dress presentation', '', 0, '', '1', 0, 0, '', 'Yes$@$ No', 0, '', 0, 0, 1, 0, 0, 4, 0, 0, 'leads', '', 1, 0, 0, 'aee2f8fe', 0, 1494578547),
(293, '14e5f9fb70e0', '293', '996a0bf06a5f', '-$@$-$@$-', '', 1, '', 'Test (radio + radio  ) NO branching', 'radio, test', 'radio', '', 0, 'queston1', '1', 0, 0, '', 'Option 1$@$ Option 2$@$ Option 3', 0, '', 0, 0, 1, 0, 0, 4, 0, 0, 'leads', '', 1, 0, 0, '864bd52e', 0, 1494578574),
(294, '030fde3b2832', '293', '996a0bf06a5f', '', '', 1, '', 'Test (radio + radio  ) NO branching', 'radio, test', 'question2', '', 0, 'queston2', '1', 0, 0, '', 'Option 1$@$ Option 2$@$ Option 3', 0, '', 0, 0, 1, 0, 0, 4, 0, 0, 'leads', '', 1, 0, 0, '864bd52e', 0, 1494578574),
(295, '6019dfaeedc9', '295', 'b8adda31af84', '-$@$-$@$-', '', 1, '', 'Test (radio + Tickbox)', 'test', 'radio', '', 0, 'radio', '1', 0, 0, '', 'Option 1$@$ Option 2$@$ Option 3', 0, '', 0, 0, 1, 0, 0, 4, 0, 0, 'leads', '', 1, 0, 0, '864bd52e', 0, 1494578651),
(296, '821022e8d6f4', '295', 'b8adda31af84', '', '', 1, '', 'Test (radio + Tickbox)', 'test', 'Check box', '', 0, 'check boxes', '1', 0, 0, '', 'Option 1$@$ Option 2$@$ Option 3', 0, '', 0, 0, 1, 0, 0, 5, 0, 0, 'leads', '', 1, 0, 0, '864bd52e', 0, 1494578651),
(305, '39', '122', 'c92c82f7854b', '-$@$-$@$-$@$-', '', 1, '', 'When do you need  #industry# ', 'DropDown,not a date, single select', 'When Needed: ', '', 0, '', '1', 0, 0, '', 'I am flexible$@$ Within next few days$@$ As soon as possible$@$ Within few weeks', 0, '', 0, 0, 0, 0, 0, 3, 0, 0, 'leads', 'start_date', 0, 0, 0, '', 0, 1494579130),
(330, '36b7d214d5e1', '321', '39de4e3f57d1', '-$@$-$@$-', '', 1, '', 'Service type', 'project,Crocheting,Radio', 'Project type', '', 0, '', '1', 0, 0, '', 'New project$@$ Completion of started project$@$ Repair', 1, 'Other', 0, 0, 1, 0, 0, 4, 0, 0, 'leads', '', 1, 0, 0, '', 0, 1494582666),
(333, 'e34ccd581021', '333', '7501ff50b73b', '-$@$-$@$-$@$-$@$-$@$-$@$-', '', 1, '', 'Yarn type', 'Crocheting, material used,checkbox', 'Materials used', '', 0, '', '1', 0, 0, '', 'Cotton-polyester$@$ Wool-acrylic$@$ Bamboo$@$ Alpaca$@$ Angora$@$ Cashmere$@$ Not sure', 1, 'Other', 0, 0, 1, 0, 0, 5, 0, 0, 'leads', '', 1, 0, 0, '9e5f50e4', 0, 1494582862),
(340, 'b3f06c878bd0', '340', '67136bdbafa6', '-$@$-$@$-$@$-', '', 1, '', 'What objects do you want custom airbrushed?', 'Custome airbrush,what,materials,checkbox', 'What objects', '', 0, '', '1', 0, 0, '', 'Fabric or cloth$@$ Sports equipment$@$ Car or motorcycle$@$ Helmet', 1, 'Other (please describe)', 0, 0, 1, 0, 0, 5, 0, 0, 'leads', '', 1, 0, 0, '7e0fc9b6', 0, 1494583300),
(342, '45', '98', '3979699bf11f', '-$@$-$@$-', '', 1, '', 'When do you need this by', 'weeks,startDate,SIze1_value,radio', 'StartDate', '', 0, '', '1', 0, 0, '', 'Within 1 week$@$ Within 2 weeks$@$ Within 1 month', 1, 'Other', 0, 0, 1, 1, 1, 4, 0, 0, 'leads', 'size1_value', 0, 0, 0, '9a0fdb67', 0, 1494583447),
(343, '99635d838c9c', '343', '040efa2656f5', '-$@$-$@$-', '', 1, '', 'branch Test (radio', '', 'radio', '', 0, '', '1', 0, 0, '', 'Option 1$@$ Option 2$@$ Option 3', 0, '', 0, 0, 1, 0, 0, 4, 0, 0, 'leads', '', 1, 0, 0, '896a41cc', 0, 1494583482),
(344, '12058f868d5d', '343', '040efa2656f5', '', '', 1, '', 'branch Test (radio', '', '', '', 0, '', '1', 0, 0, '', 'Default Name', 0, '', 0, 0, 1, 0, 0, 13, 0, 0, '', '', 0, 0, 0, '896a41cc', 0, 1494583482),
(351, '85c573256265', '351', 'af144ddb9f17', '-$@$-$@$-$@$-', '', 1, '', 'How many total objects do you want airbrushed?', 'Custome,amount of products', 'Objects', '', 0, '', '1', 0, 0, '', '1$@$ 2$@$ 3$@$ 4', 1, 'Other (please indicate)', 0, 0, 1, 0, 0, 4, 0, 0, 'leads', '', 1, 0, 0, 'dab29d28', 0, 1494583797),
(354, '0393b2519322', '345', 'bedd4efe6778', '-$@$7a907df36392$@$-', '', 1, '', 'BanchTest (radio + attachment)', 'test', 'radio', '', 0, '', '1', 0, 0, '', 'Option 1$@$ Option 2$@$ Option 3', 0, '', 0, 0, 1, 0, 0, 4, 0, 0, 'leads', '', 1, 0, 0, '4fd7914e', 0, 1494583865),
(355, '7a907df36392', '345', 'bedd4efe6778', '', '', 1, '', 'BanchTest (radio + attachment)', 'test', '', '', 0, '', '1', 0, 0, '', 'Default Name', 0, '', 0, 0, 1, 0, 0, 13, 0, 0, '', '', 0, 0, 0, '4fd7914e', 0, 1494583865),
(356, '59f9f4e2795d', '356', '3bb792dad749', '-$@$-$@$-$@$-$@$-', '', 1, '', 'What kind of image do you want?', 'Custome,photo additions,brands,different kinds,radio', 'Different options', '', 0, '', '1', 0, 0, '', 'Text$@$ Log or brand$@$ Abstract$@$ Cartoon$@$ Photorealistic', 1, 'Other', 0, 0, 1, 0, 0, 4, 0, 0, 'leads', '', 1, 0, 0, '2068fd4c', 0, 1494583917),
(357, 'aaa016064b9f', '357', '85e845eebe44', '-$@$-$@$-', '', 1, '', 'What kind of project is this?', 'custom,project, type,work', 'Type of work', '', 0, '', '1', 0, 0, '', 'Customized objects for personal use$@$ Customized objects for commercial use$@$ Live demonstration', 0, '', 0, 0, 1, 0, 0, 4, 0, 0, 'leads', '', 1, 0, 0, '264e942c', 0, 1494583987),
(378, '6c56dabb83b8', '306', 'e7692c03c50b', '-$@$-$@$-$@$-$@$-$@$-', '', 1, '', 'What kind of design do you want?', 'Custom clothes design,type of items,textbox', 'When', '', 0, '', '1', 0, 0, '', 'Please describe what design you have in mind', 0, '', 0, 0, 1, 0, 0, 2, 0, 0, 'leads', '', 1, 0, 0, 'd7f576ce', 0, 1494585218),
(382, '573f05c4acef', '382', '63a09a91f489', '-$@$-$@$-$@$-$@$-', '', 1, '', 'How many items of clothing need to be designed?', 'Custom clothing designs,1-5,radio', 'Amount of clothes', '', 0, '', '1', 0, 0, '', '1$@$ 2$@$ 3$@$ 4$@$ 5', 1, 'More than 5 (please indicate)', 0, 0, 1, 0, 0, 4, 0, 0, '', '', 0, 0, 0, '5217795f', 0, 1494585648),
(383, '1710b8197f07', '380', '13258b628f7d', '-$@$-$@$-$@$-$@$-', '', 1, '', 'When Test (delete)', 'test,delete', 'When', '', 0, '', '1', 0, 0, '', 'I am Flexable$@$ In the next few days$@$ As soon as possible$@$ On one particular date$@$ Other (I\'d need to describe)', 0, '', 0, 0, 1, 0, 0, 4, 0, 0, 'leads', '', 1, 0, 0, '', 0, 1494585654),
(384, '17860de3b587', '380', '13258b628f7d', '', '', 1, '', 'When Test (delete)', 'test,delete', 'Date Needed', '', 0, '', '1', 0, 0, '', 'Default Name', 0, '', 0, 0, 1, 0, 0, 1, 0, 0, 'leads', '', 1, 0, 0, '', 0, 1494585654),
(385, 'd17a461ec0ad', '385', '1a345b8aea9c', '-$@$-', '', 1, '', 'Do you also need the clothing made?', 'Custom clothing design,making,clothes,radio, Y/N', 'Making of clothing', '', 0, '', '1', 0, 0, '', 'No$@$ Yes', 0, '', 0, 0, 1, 0, 0, 4, 0, 0, 'leads', '', 1, 0, 0, '960c2cc3', 0, 1494585780),
(390, 'c4cc572fcf5f', '390', '6732a90ce8e1', '-$@$-$@$-$@$-$@$-', '', 1, '', 'Project type', 'Jewelry, Work type,checkbox', 'Type of work', '', 0, '', '1', 0, 0, '', 'Necklace$@$ Ring$@$ Earrings$@$ Pendant$@$ Bracelet', 1, 'Other', 0, 0, 1, 0, 0, 5, 0, 0, 'leads', '', 1, 0, 0, '', 0, 1494586284),
(391, '8573d96e4b34', '391', 'a54cd2d91b24', '-$@$-$@$-$@$-', '', 1, '', 'Material', 'Jewelry,Use to work with,Checkbox', 'Type used', '', 0, '', '1', 0, 0, '', 'Gold$@$ Silver$@$ Platinum$@$ Titanium', 1, 'Other', 0, 0, 1, 0, 0, 5, 0, 0, 'leads', '', 1, 0, 0, '', 0, 1494586424),
(392, 'c6fea7056409', '392', 'ee19c195ce3a', '-$@$-$@$-$@$-$@$-$@$-$@$-', '', 1, '', 'Gems', 'Jewelry, materials used,Raw,Checkbox', 'Raw materials', '', 0, '', '1', 0, 0, '', 'Diamonds$@$ Pearls$@$ Sapphire$@$ Birthstone$@$ Beads$@$ None$@$ I\'m not sure yet', 1, 'Other', 0, 0, 1, 0, 0, 5, 0, 0, 'leads', '', 1, 0, 0, '', 0, 1494586517),
(393, '70644111703f', '379', 'b5c7469c62e1', '-$@$-$@$-$@$-$@$-$@$-$@$-$@$-$@$-', '', 1, '', 'What items of clothing would you like #sortName#?', 'Custom clothing design,amount,designs', 'Amount of designs', '', 0, '', '1', 0, 0, '', 'Dress$@$ Formal gown$@$ Prom gown$@$ Costume$@$ Jacket$@$ Wedding gown$@$ Skirt$@$ Suit$@$ Shirt', 1, 'Other', 0, 0, 1, 0, 0, 5, 0, 0, 'leads', '', 1, 0, 0, '65fd0b55', 0, 1494586836),
(394, '7b33148b1e96', '307', '5e2d9981773b', '-$@$-$@$-$@$-$@$-', '', 1, '', 'How many items of clothing do you need #sortName#', 'Custom clothing design,amount items,radio,1-5,size1_value', 'amount of items', '', 0, '', '1', 0, 0, '', '1$@$ 2$@$ 3$@$ 4$@$ 5', 1, 'More than 5 (please indicate)', 0, 0, 1, 0, 0, 4, 0, 0, 'leads', 'size1_value', 0, 0, 0, '67e0fd2e', 0, 1494586885),
(395, '2a3a6d907f34', '395', 'ee5cebc1bafa', '-$@$-$@$-', '', 1, '', 'What fabric would you like the tailor to use?', 'Tailor,choice material,radio', 'Type of material', '', 0, '', '1', 0, 0, '', 'I have my own fabric$@$ Option 2$@$ Option 3', 0, '', 0, 0, 1, 0, 0, 4, 0, 0, '', '', 0, 0, 0, '', 0, 1494587286),
(407, '90dda35639e3', '396', '9822c0f0b427', '004e761447f8$@$881454849ff5$@$-', '', 1, '', 'What fabric would you like the tailor to use?', 'Tailor,choice material,radio', 'Type of material', '', 0, '', '1', 0, 0, '', 'I have my own fabric$@$ I want a certain fabric$@$ As recommended by the tailor', 0, '', 0, 0, 1, 0, 0, 4, 0, 0, 'leads', '', 1, 0, 0, '', 0, 1494587566),
(408, '004e761447f8', '396', '9822c0f0b427', '', '', 1, '', 'What fabric would you like the tailor to use?', 'Tailor,choice material,radio', 'Own fabric', '', 0, '', '1', 0, 0, '', 'I have my own fabric ( please describe)', 0, '', 0, 0, 1, 0, 0, 1, 0, 0, 'leads', '', 1, 0, 0, '', 0, 1494587566),
(409, '881454849ff5', '396', '9822c0f0b427', '', '', 1, '', 'What fabric would you like the tailor to use?', 'Tailor,choice material,radio', 'Certain fabric', '', 0, '', '1', 0, 0, '', 'I want a certain fabric (Please describe)', 0, '', 0, 0, 1, 0, 0, 1, 0, 0, 'leads', '', 1, 0, 0, '', 0, 1494587566),
(410, 'c107326a9c27', '410', 'a753383fe876', '-$@$-$@$-', '', 1, '', 'What embellishments, if any, would you like?', 'Tailor,additions', 'Additions', '', 0, '', '1', 0, 0, '', 'Lace$@$ Embroidery$@$ As recommended by tailor', 1, 'Other (please describe)', 0, 0, 1, 0, 0, 5, 0, 0, 'leads', '', 1, 0, 0, 'b5fd471e', 0, 1494588057),
(411, '9957421fb088', '411', 'a80dcd8808f4', '-$@$-$@$-$@$-$@$-', '', 1, '', 'What type(s) of items would you like embroidered?', 'Embroidery,Clothing add-ons,checkbox', 'Type of clothing', '', 0, '', '1', 0, 0, '', 'Tops / jackets$@$ Bottoms$@$ Dresses$@$ Accessories (bags, hats,etc.)$@$ Blankets', 1, 'Other (please describe)', 0, 0, 1, 0, 0, 5, 0, 0, '', '', 0, 0, 0, 'd3724ff9', 0, 1494588542),
(412, 'ed4cca2d4f4d', '412', '326c023c5362', '-$@$-$@$-$@$-$@$-$@$-$@$-', '', 1, '', 'What kind of material would you like embroidered?', 'Embroidery,materials used', 'Type', '', 0, '', '1', 0, 0, '', 'Cotton$@$ Cotton blend$@$ Leather$@$ Nylon$@$ Wool$@$ Denim$@$ Silk', 1, 'Other', 0, 0, 1, 0, 0, 5, 0, 0, 'leads', '', 1, 0, 0, '15030c64', 0, 1494588783),
(413, '9f01574640be', '413', 'fed97398ecf9', '-$@$-$@$-$@$-$@$-', '', 1, '', 'How many pieces would you like embroidered?', 'Embroidery,amount of clothing', 'Amount of clothing', '', 0, '', '1', 0, 0, '', '1 piece$@$ 2 pieces$@$ 3 pieces$@$ 4 pieces$@$ 5 pieces', 1, 'Other', 0, 0, 1, 0, 0, 4, 0, 0, 'leads', 'size1_value', 0, 0, 0, 'ca7c9251', 0, 1494588972),
(414, 'a2f8c4fbca57', '414', '547211a54089', '-$@$-$@$-', '', 1, '', 'Quilt type', 'Quilting,type of work,Radio', 'Type', '', 0, '', '1', 0, 0, '', 'Clothing$@$ Patchwork$@$ Photo', 1, 'Other', 0, 0, 1, 0, 0, 4, 0, 0, 'leads', '', 1, 0, 0, '105e45bb', 0, 1494589384),
(415, '188198daf4e6', '415', '4b378a395e1c', '-$@$-$@$-', '', 1, '', 'Do you already have the material?', 'Quilting,availability, materials/products,what you need, radio', 'Access to materials', '', 0, '', '1', 0, 0, '', 'Yes, I have already purchased the material$@$ No, but I will purchase it before the project starts$@$ No, and I will need the quilter to purchase it', 0, '', 0, 0, 1, 0, 0, 4, 0, 0, 'leads', '', 1, 0, 0, 'ccd46375', 0, 1494589554),
(416, 'f0b0d4e4381f', '416', '2e782176d7de', '-$@$-$@$-', '', 1, '', 'What kind of project?', 'Songwriter,music,type,checkbox', 'Type of work', '', 0, '', '1', 0, 0, '', 'Lyric writing$@$ Songwriting$@$ Music composition', 1, 'Other', 0, 0, 1, 0, 0, 5, 0, 0, 'leads', '', 1, 0, 0, 'd4876f83', 0, 1494589843),
(417, '1635c863e7a0', '417', '7da2b81e4d97', '-$@$-$@$-$@$-$@$-$@$-$@$-', '', 1, '', 'How old are you?', 'Wardrobe consultant, age,radio', 'Age', '', 0, '', '1', 0, 0, '', 'Younger than 18$@$ 18 - 25 years old$@$ 26 - 30 years old$@$ 31 - 40 years old$@$ 41 - 50 years old$@$ 51 - 60 years old$@$ 61 or older', 0, '', 0, 0, 1, 0, 0, 4, 0, 0, 'leads', 'size1_value', 0, 0, 0, '6475fe89', 0, 1494590081),
(418, 'ae3d182a437b', '418', 'f6f53d15da30', '-$@$-$@$-$@$-$@$-$@$-$@$-', '', 1, '', 'How old are you?', 'Wardrobe consultant, age,radio', 'Age', '', 0, '', '1', 0, 0, '', 'Younger than 18$@$ 18 - 25 years old$@$ 26 - 30 years old$@$ 31 - 40 years old$@$ 41 - 50 years old$@$ 51 - 60 years old$@$ 61 or older', 0, '', 0, 0, 1, 0, 0, 4, 0, 0, 'leads', 'size1_value', 0, 0, 0, '6475fe89', 0, 1494590082),
(419, '65c6e17fb853', '419', '3c10d22a9acd', '-$@$-$@$-', '', 1, '', 'Branch Test (tickbox + radio)', 'test', 'test', '', 0, '', '1', 0, 0, '', 'Option 1$@$ Option 2$@$ Option 3', 0, '', 0, 0, 1, 0, 0, 5, 0, 0, 'leads', '', 1, 0, 0, 'c29460f1', 0, 1494593292),
(420, '62bd8b915f93', '419', '3c10d22a9acd', '', '', 1, '', 'Branch Test (tickbox + radio)', 'test', 'radio', '', 0, '', '1', 0, 0, '', 'Option 1$@$ Option 2$@$ Option 3', 0, '', 0, 0, 1, 0, 0, 4, 0, 0, 'leads', '', 1, 0, 0, 'c29460f1', 0, 1494593292),
(439, '1d6f632ca26d', '386', 'fd5b81502010', '-$@$-$@$-$@$-$@$-', '', 1, '', 'When Test 2 (gerrard)', 'test, when,socool', 'When', '', 0, '', '1', 0, 0, '', 'I am flexible$@$ In the next few days$@$ As soon as possible$@$ On one particular date$@$ Other (I\'d need to describe)', 0, '', 0, 0, 1, 0, 0, 4, 0, 0, 'leads', '', 1, 0, 0, '', 0, 1494598977),
(440, '6164ac39408d', '386', 'fd5b81502010', '', '', 1, '', 'When Test 2 (gerrard)', 'test, when,socool', 'when', '', 0, '', '1', 0, 0, '', 'Default Name', 0, '', 0, 0, 1, 0, 0, 1, 0, 0, 'leads', '', 1, 0, 0, '', 0, 1494598977),
(449, '1f02e2e1e17a', '196', '5354f0b107ac', '-$@$70c2e1862361$@$-$@$-', '', 1, '', 'Branch test1   (radio + text)', 'branch', 'branch', '', 0, '', '1', 0, 0, '', 'Option 1$@$ Option 2$@$ Option 3$@$ Option 1', 0, '', 0, 0, 1, 0, 0, 4, 0, 0, 'leads', '', 1, 0, 0, '', 0, 1494666441),
(450, '70c2e1862361', '196', '5354f0b107ac', '-$@$70c2e1862361$@$-$@$-', '', 1, '', 'Branch test1   (radio + text)', 'branch', 'Branc question 2', '', 0, '', '1', 0, 0, '', '111$@$ 2222$@$ 33333$@$ 4444', 0, '', 0, 0, 1, 0, 0, 3, 0, 0, 'leads', 'client_instructions', 0, 0, 0, '', 0, 1494666441),
(451, '8634b005033c', '223', '7a8a7dffbdee', '-$@$-$@$1abde4d69e6f$@$-', '', 1, '', 'branch test3  (radio +Radio)', 'test', 'question1', '', 0, 'questoin1', '1', 0, 0, '', 'Option 1$@$ Option 2$@$ Option 3$@$ Option 1', 0, '', 0, 0, 1, 0, 0, 4, 0, 0, 'leads', '', 1, 0, 0, '', 0, 1494666548),
(452, '1abde4d69e6f', '223', '7a8a7dffbdee', '-$@$-$@$1abde4d69e6f$@$-', '', 1, '', 'branch test3  (radio +Radio)', 'test', 'question2', '', 0, '', '1', 0, 0, '', 'queston1$@$ Option 2222$@$ Option 33333333', 0, '', 0, 0, 1, 0, 0, 4, 0, 0, 'leads', '', 1, 0, 0, '', 0, 1494666548),
(453, '599fb9afc544', '227', 'b93deb934151', '-$@$722419396af6$@$-', '', 1, '', 'Branch Test  (radio + Slider)', '', '777', '', 0, '777', '1', 0, 0, '', 'Option 1$@$ Option 2$@$ Option 3', 0, '', 0, 0, 1, 0, 0, 4, 0, 0, 'leads', '', 1, 0, 0, '', 0, 1494666589),
(454, '722419396af6', '227', 'b93deb934151', '-$@$722419396af6$@$-', '', 1, '', 'Branch Test  (radio + Slider)', '', 'question2', '', 0, '', '1', 0, 0, '', '0$@$  100$@$  2$@$  cm', 0, '', 0, 0, 1, 0, 0, 6, 0, 0, 'leads', 'client_instructions', 0, 0, 0, '', 0, 1494666589),
(460, '1d41974e111c', '268', 'a220142eff47', '-$@$-$@$-$@$1d8a9f0d51a4$@$70dbb3642224', '', 1, '', 'When do you need #sortName# ?', 'Flexible, when,textbox,Use', 'When', '', 0, '', '1', 0, 0, '', 'I am flexible$@$ In the next few days$@$ As soon as possible$@$ On one particular date$@$ Other (I\'d need to describe)', 0, '', 0, 0, 1, 0, 0, 3, 0, 0, 'leads', '', 1, 0, 0, '', 0, 1494666828),
(461, '70dbb3642224', '268', 'a220142eff47', '-$@$-$@$-$@$1d8a9f0d51a4$@$70dbb3642224', '', 1, '', 'When do you need #sortName# ?', 'Flexible, when,textbox,Use', 'Text box', '', 0, '', '1', 0, 0, '', 'When would you like to schedule this for?', 0, '', 0, 0, 1, 0, 0, 1, 0, 0, 'leads', '', 1, 0, 0, '', 0, 1494666828),
(462, '1d8a9f0d51a4', '268', 'a220142eff47', '-$@$-$@$-$@$1d8a9f0d51a4$@$70dbb3642224', '', 1, '', 'When do you need #sortName# ?', 'Flexible, when,textbox,Use', 'Exact Date', '', 0, 'Pick Date', '1', 0, 0, '', 'Default Name', 0, '', 0, 0, 1, 0, 0, 10, 1, 1, 'leads', '', 1, 0, 0, '', 0, 1494666828),
(463, '65fd0468de0a', '211', '70720cfc61fe', '-$@$3bfa543101f8$@$-$@$-', '', 1, '', 'Branch Test2   ( 2 x drop down) ', '', 'Drop Down', '', 0, 'test333', '1', 0, 0, '', 'Option 1333$@$ Option 233$@$ Option 333$@$ Option 1', 0, '', 0, 0, 1, 0, 0, 3, 0, 0, 'leads', 'lead_email', 0, 0, 0, '', 0, 1494667160),
(464, '3bfa543101f8', '211', '70720cfc61fe', '-$@$3bfa543101f8$@$-$@$-', '', 1, '', 'Branch Test2   ( 2 x drop down) ', '', 'question2', '', 0, '', '1', 0, 0, '', 'queston1$@$ Option22222$@$ Option 233333$@$ Option 333333', 0, '', 0, 0, 1, 0, 0, 3, 0, 0, 'leads', '', 1, 0, 0, '', 0, 1494667160),
(465, '4293b85ed1cf', '221', 'a950a976aed0', '-$@$192a192ada3c$@$-$@$-', '', 1, '', 'branch test (dropdown + radio)', 'test', 'question1', '', 0, 'queston1', '1', 0, 0, '', 'Option 1$@$ Option 2$@$ Option 3$@$ Option 1', 0, '', 0, 0, 1, 0, 0, 3, 0, 0, 'leads', 'lead_user_name', 0, 0, 0, '', 0, 1494667236),
(466, '192a192ada3c', '221', 'a950a976aed0', '-$@$192a192ada3c$@$-$@$-', '', 1, '', 'branch test (dropdown + radio)', 'test', 'question2', '', 0, '', '1', 0, 0, '', 'Option 111$@$ Option 222$@$ Option 333$@$ Option 111$@$ Option 222$@$ Option 333', 0, '', 0, 0, 1, 0, 0, 4, 0, 0, 'leads', '', 1, 0, 0, '', 0, 1494667236),
(471, '306d9ea139a6', '346', '4127aed0fb96', '-$@$721a4816f16e$@$-', '', 1, '', 'Branch Test (Radio + attachment)', 'test', 'radio', '', 0, '', '1', 0, 0, '', 'Option 1$@$ Option 2$@$ Option 3', 0, '', 0, 0, 1, 0, 0, 4, 0, 0, 'leads', '', 1, 0, 0, 'df01c811', 0, 1494676858),
(472, '721a4816f16e', '346', '4127aed0fb96', '-$@$721a4816f16e$@$-', '', 1, '', 'Branch Test (Radio + attachment)', 'test', '', '', 0, '', '1', 0, 0, '', 'Default Name', 0, '', 0, 0, 1, 0, 0, 13, 0, 0, '', '', 0, 0, 0, 'df01c811', 0, 1494676858),
(523, 'c42400015ef8', '523', '14c8fbb9b083', '-$@$-$@$-', '', 1, '', 'Branch Test (dropdown multi) ', 'test, gerrard,dropdown', 'dropdown', '', 0, '', '1', 0, 0, '', 'Option 1$@$ Option 2$@$ Option 3', 0, '', 0, 0, 1, 0, 0, 3, 0, 0, 'leads', '', 1, 0, 0, '8f361943', 0, 1494690464),
(586, '477c3294a35d', '582', '69c2d2281193', '-$@$1430cc297560$@$-$@$-$@$-', '', 1, '', 'Branch Test (radio + tickbox2)', 'test', 'radio', '', 0, '', '1', 0, 0, '', 'Option 1$@$ Option 2$@$ Option 3$@$ Option 1$@$ Option 1', 0, '', 0, 0, 1, 0, 0, 4, 0, 0, 'leads', '', 1, 0, 0, '', 0, 1494693045),
(587, '1430cc297560', '582', '69c2d2281193', '-$@$1430cc297560$@$-$@$-$@$-', '', 1, '', 'Branch Test (radio + tickbox2)', 'test', 'Checkbox', '', 0, '', '1', 0, 0, '', 'Option 1as$@$ Option 2asdf$@$ Option 3sdf$@$ Option 2asdf$@$ Option 2', 0, '', 0, 0, 1, 0, 0, 5, 0, 0, 'leads', '', 1, 0, 0, '', 0, 1494693045),
(588, '778eb700adef', '444', '4eed5cfa8eca', '-$@$11ea126eb180$@$-', '', 1, '', 'Branch Test (radio + multiselect)', 'gerrard', 'radio', '', 0, '', '1', 0, 0, '', 'Option 1$@$ Option 2$@$ Option 3', 0, '', 0, 0, 1, 0, 0, 4, 0, 0, 'leads', '', 1, 0, 0, '0b1ba17e', 0, 1494693109),
(589, '11ea126eb180', '444', '4eed5cfa8eca', '-$@$11ea126eb180$@$-', '', 1, '', 'Branch Test (radio + multiselect)', 'gerrard', 'checkbox', '', 0, '', '1', 0, 0, '', 'Option 1$@$ Option 2$@$ Option 3', 0, '', 0, 0, 1, 0, 0, 5, 0, 0, 'leads', 'lead_email', 0, 0, 0, '0b1ba17e', 0, 1494693109),
(590, '8fe4fae07571', '219', '314b4a58ac32', '-$@$84b002a1bb6e$@$-', '', 1, '', 'branch Test (radio + date)', 'test', 'branch444', '', 0, 'question1', '1', 0, 0, '', 'Option 1$@$ Option 2$@$ Option 3', 0, '', 0, 0, 1, 0, 0, 4, 0, 0, 'leads', 'lead_cell', 0, 0, 0, 'a9d10f75', 0, 1494693331),
(591, '84b002a1bb6e', '219', '314b4a58ac32', '-$@$84b002a1bb6e$@$-', '', 1, '', 'branch Test (radio + date)', 'test', 'question2', '', 0, 'question2', '1', 0, 0, '', 'Option 1$@$ Option 2$@$ Option 3$@$ Option 1$@$ Option 2$@$ Option 3', 0, '', 0, 0, 1, 0, 0, 10, 0, 0, 'leads', '', 1, 0, 0, 'a9d10f75', 0, 1494693331),
(602, '2f03c4eae9f3', '334', '6360df927c3d', '-$@$-$@$-$@$26835e2cb216', '', 1, '', 'Branch Test (radio + calenderPick', 'test', 'radio', '', 0, '', '1', 0, 0, '', 'Option 1$@$ Option 2$@$ Option 3$@$ Option 1', 0, '', 0, 0, 1, 0, 0, 4, 0, 0, 'leads', '', 1, 0, 0, 'a0ce0c7f', 0, 1494836441),
(603, '26835e2cb216', '334', '6360df927c3d', '-$@$-$@$-$@$26835e2cb216', '', 1, '', 'Branch Test (radio + calenderPick', 'test', 'calader', '', 0, 'Please select the start date:', '1', 0, 0, '', 'Default Name', 0, '', 0, 0, 1, 0, 0, 11, 0, 0, 'leads', 'industry_id', 0, 0, 0, 'a0ce0c7f', 0, 1494836441),
(606, 'ab913530e27c', '606', 'c071d09b181e', '-$@$-$@$-', '', 1, '1', 'Currency Test (Rupees)', '', '', '', 0, 'What is the estimate amount per head you want to pay:  ', '1', 0, 0, '', '50$@$ 2500$@$ 20$@$ Rupees$@$ Option 1$@$ Option 2$@$ Option 3', 0, '', 0, 0, 1, 1, 1, 6, 0, 0, 'leads', 'size1_value', 0, 0, 0, '', 0, 1494839368),
(607, '333c14476476', '607', 'dbd72267e8d4', '-$@$-$@$-$@$-$@$-', '', 1, '', 'Why are you seeking a wardrobe consultant?', 'Wardrobe,checkbox,why', 'Why?', '', 0, '', '1', 0, 0, '', 'Just want a new look$@$ Greater self-confidence$@$ Change of size$@$ Job hunting$@$ Improve professional image', 1, 'Other( i.e, special occasion) ', 0, 0, 1, 0, 0, 5, 0, 0, 'leads', '', 1, 0, 0, '08bb767a', 0, 1494840003),
(608, '26f63517a280', '608', 'a916b2628a45', '-$@$-$@$-$@$-$@$-$@$-$@$-', '', 1, '', 'Which of the following services are you interested in?', 'Wardrobe, services,type,checkbox', 'Type of services', '', 0, '', '1', 0, 0, '', 'Complete closet overhaul$@$ Image assessment$@$ Color expertise$@$ Closet audit$@$ Personal shopping - specific outfit$@$ Personal shopping - several new pieces$@$ Personal shopping - new wardrobe', 1, 'Other', 0, 0, 1, 0, 0, 5, 0, 0, 'leads', '', 1, 0, 0, '8a2136d2', 0, 1494840226),
(609, 'b09f8b76b0a4', '609', 'd788b026a440', '-$@$-$@$-$@$-', '', 1, '', 'What type(s) of clothing are you interested in?', 'Wardrobe,interested in ,clothing,checkbox', 'Type of clothing', '', 0, '', '1', 0, 0, '', 'Work clothing$@$ Weekend wear$@$ Cocktail/dinner party attire$@$ I\'m not sure ', 1, 'Other', 0, 0, 1, 0, 0, 5, 0, 0, 'leads', '', 1, 0, 0, '68165a0c', 0, 1494840390),
(610, '49', '259', '43f48944bb66', '-$@$441fa1ee796f', '', 1, '', 'Anything else the #sortName# should know?', 'Comments,ClientInstructions, Radio', 'Client Notes', '', 0, '', '1', 0, 0, '', 'No$@$ Yes', 0, '', 0, 0, 1, 0, 0, 4, 0, 0, 'leads', '', 1, 0, 0, 'f0e51c7a', 0, 1494840776),
(611, '441fa1ee796f', '259', '43f48944bb66', '-$@$441fa1ee796f', '', 1, '', 'Anything else the #sortName# should know?', 'Comments,ClientInstructions, Radio', '', '', 0, '', '1', 0, 0, '', 'Add your notes here...', 0, '', 0, 0, 1, 0, 0, 2, 0, 0, 'leads', 'client_instructions', 0, 0, 0, 'f0e51c7a', 0, 1494840776),
(612, '1542a7237ca0', '612', '65eb9f672a7a', '-$@$-$@$-$@$-$@$-$@$-$@$-', '', 1, '', 'What type of wedding dress alterations do you need?', 'Wedding dress alterations,what,checkbox', 'Dress alterations', '', 0, '', '1', 0, 0, '', 'Tailor overall fit$@$ Add, remove, or adjust straps$@$ Shorten length and adjust hem$@$ Add a bustle$@$ Insert bra cups$@$ Add additional embellishments$@$ Re-design', 1, 'Other', 0, 0, 1, 0, 0, 5, 0, 0, 'leads', '', 1, 0, 0, '7695a9b3', 0, 1494841130),
(613, 'cccd5ddb2810', '613', '9bf99f747094', '-$@$-$@$-', '', 1, '', 'How complex are the alterations required?', 'Wedding dress,complexity,making/fixing,radio', '', '', 0, '', '1', 0, 0, '', 'High complexity$@$ Medium complexity$@$ Low complexity', 0, '', 0, 0, 1, 0, 0, 4, 0, 0, 'leads', '', 1, 0, 0, 'a5422c59', 0, 1494841383),
(616, '0282b1b03dd6', '616', '96eb385d82e6', '-$@$-$@$-$@$-', '', 1, '', 'How long will your hair be at the event?', 'Hair,length,categories,radio,long-short', 'Length of hair', '', 0, '', '1', 0, 0, '', 'Very short (pixie cut)$@$ Short (around your chin)$@$ Medium (around your shoulder)$@$ Long (below your shoulder)', 0, '', 0, 0, 1, 0, 0, 4, 0, 0, 'leads', '', 1, 0, 0, 'f0ceb389', 0, 1494841900),
(618, 'b2d8e1f5619e', '618', '065aa975c347', '-$@$-$@$-$@$-$@$-$@$-$@$-$@$-$@$-', '', 1, '', 'What kind of hairstyle would you like?', 'Hair,style,type,curls-straight,`checkbox', 'Style type', '', 0, '', '1', 0, 0, '', 'Curly hair, all down$@$  Straight hair, all down$@$ Half up, half down$@$ Braids$@$ Sleek up-do$@$ Up-do with loose curls$@$ Side curls$@$ Hair extensions$@$ As recommended by the professional', 0, '', 0, 0, 1, 0, 0, 5, 0, 0, 'leads', '', 1, 0, 0, 'f8fe6bf8', 0, 1494842081),
(619, '34abe27c087f', '604', 'ccf68a9d85bd', '-$@$-$@$-$@$-', '', 1, '2', 'Currency Test  (Rands)', 'test', '', '', 0, 'Estimate cost per person:', '2', 120, 5, '', '30$@$   800$@$   10$@$   Rands', 0, '', 0, 0, 1, 1, 1, 6, 0, 0, 'leads', 'size1_value', 0, 0, 0, '5e56e9cd', 0, 1494842107),
(620, '38cd822eb365', '620', '5e1b907963e5', '-$@$-$@$-$@$-$@$-$@$-', '', 1, '', 'What kind of hair accessories, if any, would you like to incorporate?', 'Hair,additions,checkbox', 'Hair additions', '', 0, '', '1', 0, 0, '', 'Veil$@$ Tiara$@$ Flowers$@$ Accent clips$@$ Hair extensions$@$ Custom hair pieces', 0, '', 0, 0, 1, 0, 0, 5, 0, 0, 'leads', '', 1, 0, 0, 'd5db5f45', 0, 1494842183),
(621, '9e0463a2b0ac', '621', '8374cb5ccd15', '-$@$-', '', 1, '', 'Which additional services, if any, do you require?', 'Hair,type of service,checbox', 'Type of service', '', 0, '', '1', 0, 0, '', 'Day-of or night-of touch ups$@$ Pre-event hair trial', 0, '', 0, 0, 1, 0, 0, 5, 0, 0, 'leads', '', 1, 0, 0, 'fe25063e', 0, 1494842521),
(623, '846b1ecd73d5', '622', '31b881ef088b', '-$@$-$@$-', '', 1, '', 'Where are you in your hiring process?', 'Hair,where,when,availability,radio,hiring', 'Where are you', '', 0, '', '1', 0, 0, '', 'Ready to hire the right pro now$@$ Need some more information before hiring$@$ Conducting initial research', 0, '', 0, 0, 1, 0, 0, 4, 0, 0, 'leads', '', 1, 0, 0, 'bef6735c', 0, 1494842642),
(626, '82', '370', '70efe53b4276', '-$@$d00eef7b0618', '', 1, '', 'Would you like to add photos to describe your project?', 'Florists,addings', 'Additions', '', 0, '', '1', 0, 0, '', 'No$@$ Yes', 0, '', 0, 0, 1, 0, 0, 4, 0, 0, 'leads', '', 1, 0, 0, '5d250f4a', 0, 1494842763),
(627, 'b659ed338a08', '370', '70efe53b4276', '-$@$d00eef7b0618', '', 1, '', 'Would you like to add photos to describe your project?', 'Florists,addings', '', '', 0, '', '1', 0, 0, '', 'Default Name', 0, '', 0, 0, 1, 0, 0, 1, 0, 0, 'leads', '', 1, 0, 0, '5d250f4a', 0, 1494842763),
(628, '1ea166ddf78e', '628', '85f56364cf66', '-$@$-', '', 1, '', 'What type of makeup would you like?', 'Makeup, kind, how,type,radio', 'Type of makeup', '', 0, '', '1', 0, 0, '', 'Traditional makeup (applied with brushes, sponges, etc.)$@$ Airbrushed makeup (applied with spraying tool)', 0, '', 0, 0, 1, 0, 0, 4, 0, 0, 'leads', '', 1, 0, 0, '716a229d', 0, 1494843064),
(629, '566bceae2e60', '615', '89d1d6655901', '-$@$-$@$-$@$-$@$-$@$-', '', 1, '', 'How old are the subjects?', 'Hair,ago,13-65,checkbox,Size1_Value', 'Age of people', '', 0, 'Please note: You must be 18+ to submit a request. The subjects may be any age.', '1', 0, 0, '', 'Younger than 13$@$ 13 - 17 years old$@$ 18 - 25 years old$@$ 26 - 44 years old$@$ 45 - 64 years old$@$ 65 or older', 0, '', 0, 0, 1, 0, 0, 5, 0, 0, 'leads', 'size1_value', 0, 0, 0, '950a1d3b', 0, 1494843106),
(630, '5681f672bfbb', '630', '5b15beb6d389', '-$@$-$@$-$@$-$@$-$@$-', '', 1, '', 'What makeup style would you like?', 'Makeup,style,how must be appplied', 'Style of makeup', '', 0, '', '1', 0, 0, '', 'Natural and clean$@$ Glamorous and bold$@$ Romantic and soft$@$ Gentle glow $@$ Smoky eyes$@$ Bold lips', 0, '', 0, 0, 1, 0, 0, 5, 0, 0, '', '', 0, 0, 0, '1b88f7bc', 0, 1494843210),
(631, '2aa78aa00102', '631', 'a6c6b26640f1', '-$@$-$@$-$@$-$@$-$@$-', '', 1, '', 'What additional makeup services would you like, if any? ', 'Makeup,additions,services,checkbox', 'Type of additions', '', 0, '', '1', 0, 0, '', 'False lashes$@$ Tattoo or scar covering$@$ Day-of or night-of touch ups$@$ Pre-event makeup trail$@$ Glitter$@$ Halloween / extreme makeup', 0, '', 0, 0, 1, 0, 0, 5, 0, 0, 'leads', '', 1, 0, 0, 'cb84c145', 0, 1494843411),
(632, '1133d4b5cb3a', '614', '82777f4fd33a', '-$@$-$@$-$@$-$@$-$@$-$@$-$@$-$@$-$@$-', '', 1, '', 'How many people would like #sortName# ?', 'Hair,amount people,radio', 'Amount of people', '', 0, '', '1', 0, 0, '', '1 person$@$ 2 people$@$ 3 people$@$ 4 people$@$ 5 people$@$ 6 people$@$ 7 people$@$ 8 people$@$ 9 people$@$ 10 people', 0, '', 0, 0, 1, 0, 0, 4, 0, 0, 'leads', 'size1_value', 0, 0, 0, '2dc00af7', 0, 1494843471),
(633, '5a1cf48fd179', '633', '41aa0dad5524', '-$@$-$@$-$@$-$@$-$@$-$@$-$@$-$@$-', '', 1, '', 'What type of event would you like music for?', 'Music entertainment,occasion,radio,Music', 'Type of event ', '', 0, '', '1', 0, 0, '', 'Wedding reception$@$ Wedding ceremony$@$ Cocktail hour$@$ Birthday party$@$ Fundraiser$@$ Corporate event$@$ Holiday party$@$ School event$@$ General event / party', 0, '', 0, 0, 1, 0, 0, 4, 0, 0, 'leads', '', 1, 0, 0, '15bc4c6f', 0, 1494844286),
(635, '4268f69ec3aa', '635', '977b3e5ac899', '-$@$-$@$-$@$-$@$-$@$-$@$-$@$-$@$-$@$-$@$-$@$-$@$-$@$-$@$-$@$-$@$-$@$-', '', 1, '', 'What type of band do you want?', 'Music entertainment,band type,gendre,Checkbox', 'Type of band', '', 0, '', '1', 0, 0, '', 'Variety$@$ Pop / top 40$@$ Contemporary$@$ Rock / classic rock$@$ Dance$@$ Country / bluegrass$@$ Jazz / Blues$@$ Oldies$@$ Latin$@$ Mariachi$@$ Folk$@$ Classical$@$ Big band / swing$@$ R&B$@$ Reggae$@$ Hip hop$@$ Soul / motown$@$ Covers', 0, '', 0, 0, 1, 0, 0, 5, 0, 0, 'leads', '', 1, 0, 0, 'aac98622', 0, 1494844763),
(636, '6bc476f56e14', '636', '933b15e4372e', '-$@$-$@$-', '', 1, '', 'What type of band do you want?', 'Music entertainment,examples,bands,music,ideas', 'Ideas of bands/music', '', 0, '', '1', 0, 0, '', 'Artists or bands you\'d like to preformed.', 0, '', 0, 0, 1, 0, 0, 2, 0, 0, 'leads', '', 1, 0, 0, '06248510', 0, 1494844838),
(638, '95c5666711a5', '638', '6398dfd85e0d', '-$@$-', '', 1, '', 'Which of the following best describes the music you would like performed?', 'Music entertainment ,radio,best two ideas', 'Best of music ', '', 0, '', '1', 0, 0, '', 'Instrumentals and singing$@$ Instrumental music only', 0, '', 0, 0, 1, 0, 0, 4, 0, 0, 'leads', '', 1, 0, 0, 'e5f430c7', 0, 1494844959),
(639, 'cd756588001a', '639', 'f7b3fb1e2477', '-$@$-', '', 1, '', 'Would you like the professional to emcee the event?', 'Music entertainment,presenter,who,Y/N', 'Emcee events', '', 0, '', '1', 0, 0, '', 'Yes$@$ No', 0, '', 0, 0, 1, 0, 0, 4, 0, 0, 'leads', '', 1, 0, 0, 'e0bf0334', 0, 1494845020),
(640, '788ec59750c8', '169', '21487df64fe8', '-$@$-$@$-$@$-$@$-$@$-$@$-$@$-', '', 1, '', 'What type of venue will your event be held at?', 'catering,location,rules/regulations,radio', 'Location of event', '', 0, 'Some venues have restrictions on hiring outside caterers so please confirm your venue before submitting', '1', 0, 0, '', 'Banquet hall / ballroom$@$ Conference / convention center$@$ Outdoor venue$@$ Office$@$ School$@$ Home$@$ Community centre$@$ Place of worship (church, synagogue, temple, etc.)$@$ Barn', 0, '', 0, 0, 1, 0, 0, 4, 0, 0, 'leads', '', 1, 0, 0, '367abd4e', 0, 1494845049),
(643, '6663f4e27990', '643', 'b46ccd8e8ce2', '-$@$-$@$-', '', 1, '2', 'What is your estimated budget?', 'Broadway singer, budget ,slider', 'Rands', '', 0, '', '1', 0, 0, '', '500$@$ 10000$@$ 100$@$ Rand', 0, '', 0, 0, 1, 1, 1, 6, 0, 0, 'leads', '', 1, 0, 0, 'd1619e30', 0, 1494845852),
(645, '9fa8b0d2759f', '634', '0b2281e0f98d', '-$@$-$@$-$@$-$@$-$@$-', '', 1, '', 'How many performers do you need?', 'Music entertainment, workers needed,preforming amount, radio,size2_value', 'Amount of preformers', '', 0, '', '1', 0, 0, '', 'No preference$@$ 1 person$@$ 2 people$@$ 3 people$@$ 4 people$@$ More than 4', 0, '', 0, 0, 1, 0, 0, 4, 0, 0, 'leads', 'size2_value', 0, 0, 0, '582ac23c', 0, 1494845901),
(646, 'a718b02a8819', '646', '709c4d447448', '-$@$-$@$-$@$-', '', 1, '', 'What additional equipment or services would you like?', 'DJ, music,additions,checkbox', 'DJ additions', '', 0, '', '1', 0, 0, '', 'MC Services$@$ Microphones$@$ Lighting$@$ Fog machine  ', 0, '', 0, 0, 1, 0, 0, 5, 0, 0, 'leads', '', 1, 0, 0, 'a21f0a08', 0, 1494846407),
(647, '772accb121b3', '647', 'a3b9c72798a4', '-$@$-$@$-', '', 1, '', 'Would you like the performance to include both singing and instrumentals?', 'Music duo,singing/instrumental,radio', 'Singing or instrumental', '', 0, '', '1', 0, 0, '', 'Singing and instrumentals$@$ Singing only$@$ Instrumentals only  ', 0, '', 0, 0, 1, 0, 0, 4, 0, 0, 'leads', '', 1, 0, 0, '856afc7e', 0, 1494846848),
(648, 'ad44140661e4', '648', 'a1aaea7122dd', '-$@$-$@$-', '', 1, '', 'Does the venue have a sound system?', 'Musical duo,availability of exuipment', 'Availability of equipment', '', 0, '', '1', 0, 0, '', 'Yes, venue will have sound equipment available$@$ Yes, but equipment is limited and professional should bring their own equipment$@$ No, professional will need to provide their own sound equipment  ', 0, '', 0, 0, 1, 0, 0, 4, 0, 0, 'leads', '', 1, 0, 0, '5e3c3c0a', 0, 1494847083),
(649, '94248ca1dd47', '649', '8a0c2caa0e67', '-$@$-$@$-$@$-$@$-$@$-$@$-', '', 1, '', 'What genre of music are you interested in?', 'Pianist,genre, music ,interests', 'Type of genre', '', 0, '', '1', 0, 0, '', 'Contemporary / modern$@$ Classical$@$ Pop$@$ Rock$@$ Christian$@$ Jazz$@$ Christmas / holiday', 1, 'Other', 0, 0, 1, 0, 0, 5, 0, 0, 'leads', '', 1, 0, 0, 'e03d14be', 0, 1494847637),
(650, '5b6192c1f818', '650', 'e0a871ba4ca7', '-$@$-', '', 1, '', 'Do you want the pianist to sing?', 'Pianist,singingg,Y?N', 'Pianist singing', '', 0, '', '1', 0, 0, '', 'Yes$@$ No', 0, '', 0, 0, 1, 0, 0, 4, 0, 0, 'leads', '', 1, 0, 0, 'dfbd1cfe', 0, 1494847741),
(671, '607079245b6c', '524', 'ceed62a13039', '5237d60522a5$@$2be2267557d8$@$576615aecc0c$@$852e4fc2bb78$@$62ee2de41813$@$4938234a3d33$@$81b3fa3e8e58$@$3d64599a12ec$@$5dc827833f8d', '', 1, '', 'Branch Test (dropdown + everything)', 'test, gerrard,dropdown', 'dropdown', '', 0, '', '1', 0, 0, '', 'text$@$ comments$@$ dropdown$@$ Radio$@$ Checkbox$@$ Slider$@$ Date$@$ Direct Calander$@$ Attachment', 0, '', 0, 0, 1, 0, 0, 3, 0, 0, 'leads', '', 1, 0, 0, '69ff6be0', 0, 1494853444),
(672, '5237d60522a5', '524', 'ceed62a13039', '5237d60522a5$@$2be2267557d8$@$576615aecc0c$@$852e4fc2bb78$@$62ee2de41813$@$4938234a3d33$@$81b3fa3e8e58$@$3d64599a12ec$@$5dc827833f8d', '', 1, '', 'Branch Test (dropdown + everything)', 'test, gerrard,dropdown', '1', '', 0, 'text', '1', 0, 0, '', 'text', 0, '', 0, 0, 1, 0, 0, 1, 0, 0, 'leads', '', 1, 0, 0, '69ff6be0', 0, 1494853444),
(673, '2be2267557d8', '524', 'ceed62a13039', '5237d60522a5$@$2be2267557d8$@$576615aecc0c$@$852e4fc2bb78$@$62ee2de41813$@$4938234a3d33$@$81b3fa3e8e58$@$3d64599a12ec$@$5dc827833f8d', '', 1, '', 'Branch Test (dropdown + everything)', 'test, gerrard,dropdown', 'comments', '', 0, 'comments', '1', 0, 0, '', 'comments', 0, '', 0, 0, 1, 0, 0, 2, 0, 0, 'leads', '', 1, 0, 0, '69ff6be0', 0, 1494853444),
(674, '576615aecc0c', '524', 'ceed62a13039', '5237d60522a5$@$2be2267557d8$@$576615aecc0c$@$852e4fc2bb78$@$62ee2de41813$@$4938234a3d33$@$81b3fa3e8e58$@$3d64599a12ec$@$5dc827833f8d', '', 1, '', 'Branch Test (dropdown + everything)', 'test, gerrard,dropdown', 'dropdown', '', 0, 'dropdown', '1', 0, 0, '', 'Option 1 dropdown$@$ Option 2 dropdown$@$ Option 3 dropdown$@$ Option 4 dropdown$@$ Option 5 dropdown', 0, '', 0, 0, 1, 0, 0, 3, 0, 0, 'leads', '', 1, 0, 0, '69ff6be0', 0, 1494853444),
(675, '852e4fc2bb78', '524', 'ceed62a13039', '5237d60522a5$@$2be2267557d8$@$576615aecc0c$@$852e4fc2bb78$@$62ee2de41813$@$4938234a3d33$@$81b3fa3e8e58$@$3d64599a12ec$@$5dc827833f8d', '', 1, '', 'Branch Test (dropdown + everything)', 'test, gerrard,dropdown', 'Radio', '', 0, 'Radio', '1', 0, 0, '', 'Option 1$@$ Option 2$@$ Option 3$@$ Option 5 Radio$@$ Option 5 Radio99', 0, '', 0, 0, 1, 0, 0, 4, 0, 0, 'leads', '', 1, 0, 0, '69ff6be0', 0, 1494853444),
(676, '62ee2de41813', '524', 'ceed62a13039', '5237d60522a5$@$2be2267557d8$@$576615aecc0c$@$852e4fc2bb78$@$62ee2de41813$@$4938234a3d33$@$81b3fa3e8e58$@$3d64599a12ec$@$5dc827833f8d', '', 1, '', 'Branch Test (dropdown + everything)', 'test, gerrard,dropdown', 'Checkbox', '', 0, 'Checkbox', '1', 0, 0, '', 'Option 1$@$ Option 2$@$ Option 3$@$ Option 6 Checkbox$@$ Option 6456', 0, '', 0, 0, 1, 0, 0, 5, 0, 0, 'leads', '', 1, 0, 0, '69ff6be0', 0, 1494853444),
(677, '4938234a3d33', '524', 'ceed62a13039', '5237d60522a5$@$2be2267557d8$@$576615aecc0c$@$852e4fc2bb78$@$62ee2de41813$@$4938234a3d33$@$81b3fa3e8e58$@$3d64599a12ec$@$5dc827833f8d', '', 1, '', 'Branch Test (dropdown + everything)', 'test, gerrard,dropdown', 'Slider', '', 0, 'Slider', '1', 0, 0, '', '10$@$          200$@$          10$@$          cm', 0, '', 0, 0, 1, 1, 1, 6, 0, 0, 'leads', '', 1, 0, 0, '69ff6be0', 0, 1494853444),
(678, '81b3fa3e8e58', '524', 'ceed62a13039', '5237d60522a5$@$2be2267557d8$@$576615aecc0c$@$852e4fc2bb78$@$62ee2de41813$@$4938234a3d33$@$81b3fa3e8e58$@$3d64599a12ec$@$5dc827833f8d', '', 1, '', 'Branch Test (dropdown + everything)', 'test, gerrard,dropdown', 'Date', '', 0, 'Date', '1', 0, 0, '', 'Default Name', 0, '', 0, 0, 1, 0, 0, 10, 0, 0, 'leads', '', 1, 0, 0, '69ff6be0', 0, 1494853444),
(679, '3d64599a12ec', '524', 'ceed62a13039', '5237d60522a5$@$2be2267557d8$@$576615aecc0c$@$852e4fc2bb78$@$62ee2de41813$@$4938234a3d33$@$81b3fa3e8e58$@$3d64599a12ec$@$5dc827833f8d', '', 1, '', 'Branch Test (dropdown + everything)', 'test, gerrard,dropdown', 'DirectCalander', '', 0, '', '1', 0, 0, '', 'Default Name', 0, '', 0, 0, 1, 0, 0, 11, 0, 0, 'leads', '', 1, 0, 0, '69ff6be0', 0, 1494853444),
(680, '5dc827833f8d', '524', 'ceed62a13039', '5237d60522a5$@$2be2267557d8$@$576615aecc0c$@$852e4fc2bb78$@$62ee2de41813$@$4938234a3d33$@$81b3fa3e8e58$@$3d64599a12ec$@$5dc827833f8d', '', 1, '', 'Branch Test (dropdown + everything)', 'test, gerrard,dropdown', 'Attachment', '', 0, '', '1', 0, 0, '', 'Default Name', 0, '', 0, 0, 1, 0, 0, 13, 0, 0, '', '', 0, 1, 0, '69ff6be0', 0, 1494853444),
(681, '52430efb1209', '681', '63a6ce430551', '-$@$-$@$-', '', 1, '', 'Where are you in your decision process?', 'Duo,process decision making,radio/textbox', 'Decision progress', '', 0, '', '1', 0, 0, '', 'Ready to book the right musicians now$@$ Need some more information before booking$@$ Conducting initial research', 1, 'Other', 0, 0, 1, 0, 0, 4, 0, 0, 'leads', '', 1, 0, 0, '0d6836d8', 0, 1494922611),
(685, '21a789ffe972', '642', 'a98537b3c868', '-', '', 1, '', 'What are some examples of music you would like the singer to perform?', 'Broadway,ideas of music,textbox', 'Song ideas', '', 0, '', '1', 0, 0, '', 'Artists or bands you\'d like preformed', 0, '', 0, 0, 1, 0, 0, 2, 0, 0, 'leads', '', 1, 0, 0, '4c82c4c6', 0, 1494923613);
INSERT INTO `questions` (`id`, `question_id`, `question_uuid`, `step_uuid`, `branch_id`, `selected_option_value_branch`, `language_id`, `country_id`, `step_heading`, `category_tags`, `short_column_heading`, `unit_measurement`, `is_question_required`, `question_title`, `text_price_size`, `avr_size`, `incremental_markup`, `markup`, `default_name`, `is_last_field_is_text_box`, `is_last_fiels_is_text_box_placeholder`, `is_show_first_option`, `is_large_text_box`, `is_slider_selected_value`, `show_less_than_slider`, `show_more_than_slider`, `type_id`, `show_time`, `show_duration`, `select_table`, `select_column`, `is_dynamically`, `is_attachment_small`, `script_code`, `is_form_id`, `boxed_script_code`, `time`) VALUES
(686, 'd86ff5a0ad8f', '686', 'bfb2f8aae0d4', '-$@$-$@$-$@$-$@$-$@$-$@$-$@$-$@$-$@$-$@$-$@$-', '', 1, '', 'What type of singer do you want?', 'Singer,type,variety-classical,checkbox', 'Type of music sung', '', 0, '', '1', 0, 0, '', 'Variety$@$ A capella$@$ Pop$@$ Rock$@$ Top 40$@$ Dance$@$ Country$@$ Jazz / Blues$@$ Oldies$@$ Latin$@$ Folk$@$ Classical', 1, 'Other', 0, 0, 1, 0, 0, 5, 0, 0, 'leads', '', 1, 0, 0, '2c4ab083', 0, 1494923965),
(687, 'bdd608d9f260', '687', '2f013d7a07db', '-$@$-$@$-$@$-$@$-$@$-', '', 1, '', 'Which type of instruments do you want to be played?', 'Solo,music equipment,playing,what', '', '', 0, '', '1', 0, 0, '', 'Piano$@$ Violin$@$ Acoustic guitar$@$ Harp$@$ Bagpipe$@$ Steel drum', 1, 'Other', 0, 0, 1, 0, 0, 5, 0, 0, 'leads', '', 1, 0, 0, '320ad197', 0, 1494924540),
(690, '3beb83f7cdfe', '683', 'f04ecf17be44', '-', '', 1, '', 'What are some examples of artists/bands you would like the musicians to perform?', 'Music entertainment,songs, types,ideas', 'Examples', '', 0, '', '1', 0, 0, '', 'Artists or bands you\'d like preformed', 0, '', 0, 0, 1, 0, 0, 2, 0, 0, 'leads', '', 1, 0, 0, 'e4855b9c', 0, 1494925012),
(693, '39c76264d151', '692', '7b8855198ac1', '-$@$-$@$-$@$-', '', 1, '', 'What is your estimated budget?', 'Budget,R1000-R25000,Size2_Value', 'Budget', '', 0, '', '1', 0, 0, '', '1000$@$  25000$@$  100$@$  Rands', 0, '', 0, 0, 1, 1, 1, 6, 0, 0, 'leads', 'size2_value', 0, 0, 0, '62b9b4c1', 0, 1494925452),
(694, '7acc11142f7e', '641', '36aba0e64569', '-$@$-$@$-$@$-$@$-$@$-$@$-$@$-', '', 1, '', 'What music eras would you like the singer(s) to perform?', 'Singers,music singers,years', 'Eras of music', '', 0, '', '1', 0, 0, '', 'Pre-1950\'s$@$ 1950\'s$@$ 1960\'s$@$ 1970\'s$@$ 1980\'s$@$ 1990\'s$@$ 2000\'s$@$ Current music', 0, '', 0, 0, 1, 0, 0, 5, 0, 0, 'leads', '', 1, 0, 0, '44be2307', 0, 1494925809),
(695, '5860ab8fd5f7', '637', '59f8b430b037', '-', '', 1, '', 'What are some examples of songs you would like the musician(s) to perform?', 'Music entertainment, song,ideas,paragraph', 'Song ideas', '', 0, '', '1', 0, 0, '', 'songs you\'d like preformed.', 0, '', 0, 0, 1, 0, 0, 2, 0, 0, 'leads', '', 1, 0, 0, 'b3c6a6c6', 0, 1494926353),
(696, '5335ef643752', '696', 'dc13a4571d3a', '-$@$-$@$-', '', 1, '', 'For which Wedding events do you need the string quartet?', 'Wedding string quartet,events,ocasion,what,checkbox', 'Occasion of event', '', 0, '', '1', 0, 0, '', 'Wedding ceremony$@$ Wedding cocktail hour$@$ Wedding reception', 1, 'Other', 0, 0, 1, 0, 0, 5, 0, 0, 'leads', '', 1, 0, 0, '7ac5fa69', 0, 1494927008),
(697, '72c74961da11', '697', '1f71fcb2d7a4', '-$@$-$@$-', '', 1, '', 'What is your estimated budget?', 'Budget ,1000-25000', 'Budget', '', 0, '', '1', 0, 0, '', '1000$@$ 25000$@$ 100$@$ Rands', 0, '', 0, 0, 1, 1, 1, 6, 0, 0, 'leads', '', 1, 0, 0, 'd45cfd3e', 0, 1494927174),
(699, '6d36a7eac3d5', '699', '4e5a4163843a', '-$@$-$@$-$@$-$@$-', '', 1, '', 'What kind of audio equipment do you need?', 'AV,music equipment,needed,checkbox', 'Audio equipment', '', 0, '', '1', 0, 0, '', 'None$@$ Wireless microphones$@$ Boom microphones$@$ Speakers$@$ P.A. system', 1, 'Other', 0, 0, 1, 0, 0, 5, 0, 0, '', '', 0, 0, 0, 'a4040c3e', 0, 1494927546),
(700, '0b39f44172ae', '700', '553a0c19b336', '-$@$-$@$-$@$-', '', 1, '', 'What kind of video equipment do you need?', 'AV, video equipment,checkbox', 'Visual equipment', '', 0, '', '1', 0, 0, '', 'None$@$ Projector$@$ Projector screen$@$ Flat-panel TV', 1, 'Other', 0, 0, 1, 0, 0, 5, 0, 0, 'leads', '', 1, 0, 0, 'e4af46e3', 0, 1494927634),
(701, 'dd26b032874a', '701', '3b9aa466cc08', '-$@$-$@$-$@$-$@$-$@$-', '', 1, '', 'Will you need someone to operate the equipment during the event?', 'AV,assistance ,equipment monetering,lists, checkbox', 'Assistance', '', 0, '', '1', 0, 0, '', 'No operator(s) required$@$ Light operator$@$ Audio operator$@$ Video operator$@$ As recommended by professionals$@$ I\'m not sure yet', 0, '', 0, 0, 1, 0, 0, 5, 0, 0, 'leads', '', 1, 0, 0, '40ed0b67', 0, 1494927757),
(702, '89c37c97f842', '702', 'c6800747fef8', '-$@$-$@$-$@$-$@$-', '', 1, '', 'What wedding events do you need the AV equipment for?', 'AV,kind of events,equipment needed, checkbox', 'Type of event', '', 0, '', '1', 0, 0, '', 'Wedding rehearsal$@$ Wedding rehearsal dinner$@$ Wedding ceremony$@$ Wedding reception$@$ I\'m not sure yet', 1, 'Other', 0, 0, 1, 0, 0, 5, 0, 0, 'leads', '', 1, 0, 0, 'acbfea2c', 0, 1494928004),
(703, 'b2ace099fbfb', '703', 'a0bd24ed69c9', '-$@$-$@$-$@$-$@$-$@$-', '', 1, '', 'What type of bouncer would you like?', 'Bouncer,type,design,checkbox', 'Kind of bouncer', '', 0, '', '1', 0, 0, '', 'House$@$ Slide$@$ Combo (bouncer and slide)$@$ Castle$@$ Water slide$@$ Obstacle course', 0, '', 0, 0, 1, 0, 0, 5, 0, 0, 'leads', '', 1, 0, 0, '2d123f72', 0, 1494929022),
(704, 'd8f32a8b327c', '704', 'ba7d72f1c248', '-', '', 1, '', 'Do you have a theme preference for the inflatables?', 'Bouncers,theme ideas,colours,looks,text box', 'Theme ideas', '', 0, '', '1', 0, 0, '', 'No preference', 1, 'Specify theme (color, cartoon character, etc.)', 1, 0, 1, 0, 0, 4, 0, 0, 'leads', '', 1, 0, 0, '86e83b8c', 0, 1494929153),
(705, '1dbd293ea2af', '705', '7fc4abef9525', '-$@$-$@$-$@$-$@$-', '', 1, '', 'Which additional services, if any, do you require?', 'Bouncers, additions,tables-chairs etc., checkbox, fun stuff', 'Additions', '', 0, '', '1', 0, 0, '', 'Tables and chairs$@$ popcorn machine$@$ Snow cone machine$@$ Cotton candy machine$@$ Dunk tank', 0, '', 0, 0, 1, 0, 0, 5, 0, 0, 'leads', '', 1, 0, 0, '32f81da4', 0, 1494929283),
(706, '2eb7c50812ae', '706', '5d100dd94fb4', '-$@$-', '', 1, '', 'How long will you need the products for?', 'Bouncers,length of time,used,duration,radio', 'Length of time', '', 0, '', '1', 0, 0, '', 'Half day (4 hours)$@$ Full day (8 hours)', 0, '', 0, 0, 1, 0, 0, 4, 0, 0, 'leads', '', 1, 0, 0, '0697a53e', 0, 1494929362),
(707, '152f02e0e1d7', '707', 'ee212f47c5c3', '-$@$-$@$-$@$-$@$-', '', 1, '', 'What occasion is the casino party for?', 'Casino,occasion,why,radio', 'Occasion', '', 0, '', '1', 0, 0, '', 'Birthday party$@$ Corporate event$@$ Adult party$@$ Fundraiser$@$ Non-professional tournament', 1, 'Other', 0, 0, 1, 0, 0, 4, 0, 0, 'leads', '', 1, 0, 0, '1fc911f3', 0, 1494929582),
(708, '88cdf6ad73c0', '708', 'd34727625fbe', '-$@$-$@$-$@$-', '', 1, '', 'What kind of casino games do you want at the party?', 'Casino,types of games, playing, wated, checkbox', 'Games wanted', '', 0, '', '1', 0, 0, '', 'Blackjack$@$ Craps$@$ Roulette$@$ Poker', 1, 'Other', 0, 0, 1, 0, 0, 5, 0, 0, 'leads', '', 1, 0, 0, 'ced512f0', 0, 1494929709),
(710, '5b3631b54add', '709', 'db85e031541e', '-$@$-$@$-', '', 1, '', 'Will you need someone to operate the rentals during the event?', 'Casino,assistance,during the event,radio,Y?N', 'Assistance', '', 0, '', '1', 0, 0, '', 'No$@$ Yes$@$ As recommended by professional', 0, '', 0, 0, 1, 0, 0, 4, 0, 0, 'leads', '', 1, 0, 0, 'fb02c7ba', 0, 1494929925),
(712, '03a1c0dbd5c0', '711', 'bad7b578fb97', '-$@$-$@$-', '', 1, '', 'What size dunk tank do you need?', 'Dunk tank,size, how many people,radio,Size1_value', 'Tank size', '', 0, '', '1', 0, 0, '', 'Small - 1 person$@$ Medium - 2 to 3 people$@$ Large - 4 to 6 people', 1, 'Other', 0, 0, 1, 0, 0, 4, 0, 0, 'leads', 'size1_value', 0, 0, 0, '47cd9500', 0, 1494930349),
(713, '975ed00bdab1', '713', 'cb62fb7ce369', '-$@$-$@$-', '', 1, '', 'Does the event location have access to a water source and hose?', 'Dunk tank, access,water,area,RADIO', 'Access to water', '', 0, '', '1', 0, 0, '', 'Yes$@$ No $@$ I\'m not sure', 0, '', 0, 0, 1, 0, 0, 4, 0, 0, 'leads', '', 1, 0, 0, 'db771cc6', 0, 1494930406),
(714, '474f8f360d3b', '714', 'de23b5eea20f', '-$@$-$@$-$@$-', '', 1, '', 'What else do you need?', 'Dunk tank, additions,bouncer - games,Checkbox', 'Additions', '', 0, '', '1', 0, 0, '', 'Bounce house$@$ Water slide$@$ Inflatables$@$ Carnival games', 1, 'Other', 0, 0, 1, 0, 0, 5, 0, 0, 'leads', '', 1, 0, 0, '580b74ec', 0, 1494930511),
(715, 'edba3da71851', '715', '816887378872', '-$@$-$@$-$@$-', '', 1, '', 'What equipment would you like?', 'Karaoke,equipment needed,what,checkbox,audio-visual', 'Equipment needed', '', 0, '', '1', 0, 0, '', 'Microphones$@$ Speakers$@$ Lighting$@$ As recommended by the professionals', 1, 'Other', 0, 0, 1, 0, 0, 5, 0, 0, 'leads', '', 1, 0, 0, '380a86a1', 0, 1494930898),
(717, '74d19a764e22', '717', 'a50995e5930c', '-$@$-$@$-', '', 1, '', 'Will you need someone to operate the equipment during the event?', 'Lighting,assistance,radio, Y-N', 'Assistance', '', 0, '', '1', 0, 0, '', 'No$@$ Yes$@$ As recommended by professional', 0, '', 0, 0, 1, 0, 0, 4, 0, 0, 'leads', '', 1, 0, 0, '54b4c79c', 0, 1494931257),
(718, 'b19e0157a0ae', '698', 'b588d4f397a2', '-$@$-$@$-$@$-$@$-$@$-$@$-$@$-', '', 1, '', 'What kind of lighting equipment do you need?', 'AV ,lighting ,equipment,what need,checkbox', 'Equipment needed', '', 0, '', '1', 0, 0, '', 'None$@$ Uplighting$@$ Spotlights$@$ Accent lights$@$ String lights$@$ Dance floor lighting$@$ Disco light$@$ Table lights(e.g: candles)', 1, 'Other', 0, 0, 1, 0, 0, 5, 0, 0, 'leads', '', 1, 0, 0, '9a22b145', 0, 1494931451),
(719, '27231b244e44', '719', 'a80fae337558', '-$@$-$@$-', '', 1, '', 'What kind of booth do you need?', 'Photo booth,type of booth,design , how looks, set up,checkbox', 'Setup of booth', '', 0, '', '1', 0, 0, '', 'Enclosed booth$@$ Camera with backdrop$@$ Camera with no backdrop', 0, '', 0, 0, 1, 0, 0, 5, 0, 0, 'leads', '', 1, 0, 0, '42db0a34', 0, 1494931653),
(720, 'eff9e8c05e76', '720', 'e168b5b6e99e', '-$@$-$@$-', '', 1, '', 'What kind of pictures would you like?', 'Photo booths,type of pictures,setup,checkbox', 'Type of photos', '', 0, '', '1', 0, 0, '', 'Digital (online gallery, etc.)$@$ Prints (photo strips, etc.)$@$ Scrapbooking', 0, '', 0, 0, 1, 0, 0, 5, 0, 0, 'leads', '', 1, 0, 0, '4a711510', 0, 1494931775),
(721, '94d25fbf28e6', '721', '71234880a5df', '-$@$-', '', 1, '', 'Would you like props provided?', 'Photo booth, additions,decorations', 'Decorations', '', 0, '', '1', 0, 0, '', 'Yes$@$ No', 0, '', 0, 0, 1, 0, 0, 4, 0, 0, 'leads', '', 1, 0, 0, '72ddfd71', 0, 1494931814),
(722, '214c89e54235', '722', 'd4587fa78477', '-$@$-$@$-', '', 1, '', 'Where are you in your decision process?', 'Photo booth,decisions,Y/N', 'Decision', '', 0, '', '1', 0, 0, '', 'Committed to booking a photo booth$@$ Planning to book a photo booth if it fits my budget$@$ Researching options for my event', 0, '', 0, 0, 1, 0, 0, 4, 0, 0, 'leads', '', 1, 0, 0, '856064a6', 0, 1494931992),
(723, '879f9a814070', '723', '16a2f75f351f', '-$@$-$@$-', '', 1, '', 'What other functionality do you need?', 'Video booth,functions,additional options,checkbox', 'Additional options', '', 0, '', '1', 0, 0, '', 'Live playback$@$ Slow motion video$@$ I\'m not sure yet', 1, 'Other', 0, 0, 1, 0, 0, 5, 0, 0, '', '', 0, 0, 0, '27d5db05', 0, 1494932426),
(740, '22', '152', '9ec895d6f615', '-$@$-$@$-$@$-$@$-$@$-', '', 1, '', 'What kind of event are you hosting?', 'Event hosting,type', 'What kind event', '', 0, '', '1', 0, 0, '', 'Wedding$@$ Corporate event$@$ Sports event$@$ Fair/ festival$@$ School dance$@$ Reception / house party', 1, 'Other', 0, 0, 0, 0, 0, 4, 0, 0, 'leads', '', 1, 0, 0, '', 0, 1495012902),
(741, '8ab347a26d66', '644', '13128c120b7c', '-$@$-$@$-$@$-', '', 1, '2', 'What is your estimated budget?', 'Broadway singer, budget ,slider', 'Rands', '', 0, '', '1', 0, 0, '', '500$@$   15000$@$   100$@$   Rand', 0, '', 0, 0, 1, 1, 1, 6, 0, 0, 'leads', '', 1, 0, 0, '', 0, 1495012974),
(742, '050aaaac9cf3', '724', 'a1bd981cb7d9', '-$@$14bf2952c213$@$-', '', 1, '', 'what type of grass (angelica)', 'date,test', 'type', '', 0, '', '1', 0, 0, '', 'sports grass$@$ playground grass$@$ residential  grass', 0, '', 0, 0, 1, 0, 0, 3, 0, 0, 'leads', '', 1, 0, 0, '79c77ab3', 0, 1495013093),
(743, '14bf2952c213', '724', 'a1bd981cb7d9', '-$@$14bf2952c213$@$-', '', 1, '', 'what type of grass (angelica)', 'date,test', 'other', '', 0, 'I also need:', '1', 0, 0, '', 'slide$@$ swing$@$ tramp', 1, 'other', 0, 0, 1, 0, 0, 5, 0, 0, 'leads', '', 1, 0, 0, '79c77ab3', 0, 1495013093),
(744, '44b4e993f729', '744', '32e7c1b4c0f8', '-$@$-$@$-$@$-$@$-$@$-', '', 1, '', 'What kind of real estate needs to be photographed (if any)?', 'Aerial photos,buildings,landscapes,what of', 'Photos of', '', 0, '', '1', 0, 0, '', 'House$@$ Apartment building$@$ Commercial / office building$@$ Condo / townhouse$@$ Retail space$@$ Housing community', 0, '', 0, 0, 1, 0, 0, 4, 0, 0, 'leads', '', 1, 0, 0, '3c8b1732', 0, 1495013557),
(745, 'f2bcca6a3404', '745', '2ac9a4fe1cfd', '-$@$-$@$-', '', 1, '', 'How many sites?', 'Aerial photos,amount of places,photos,sites radio', 'How many', '', 0, '', '1', 0, 0, '', 'A single site$@$ Two sites$@$  Three sites', 0, '', 0, 0, 1, 0, 0, 4, 0, 0, 'leads', '', 1, 0, 0, '5c33abb5', 0, 1495013628),
(746, 'cfd16bc09f66', '746', 'e1c5cb9a4da9', '-$@$-$@$-$@$-$@$-', '', 1, '', 'What kind of aerial platform? ', 'Aerial photos,how,equipment,checkbox', 'How photos taken', '', 0, '', '1', 0, 0, '', 'Drone$@$ Fixed-wing aircraft / plane$@$ Helicopter$@$ Blimp$@$ Kite', 0, '', 0, 0, 1, 0, 0, 5, 0, 0, 'leads', '', 1, 0, 0, '385bdc0d', 0, 1495013787),
(747, 'd764255f67a6', '747', 'fe7e43714351', '-$@$-$@$-', '', 1, '', 'Which of the following do you need?', 'Aerial photos,Additions,radio', 'Additional', '', 0, '', '1', 0, 0, '', 'Photos$@$ Video clips$@$ Fully edited video', 0, '', 0, 0, 1, 0, 0, 4, 0, 0, 'leads', '', 1, 0, 0, '3c26fa93', 0, 1495013908),
(748, '3a509b4187a6', '748', 'e07d1ba943a7', '-$@$-$@$-', '', 1, '', 'Which of the following do you need?', 'Aerial photos,Additions,radio', 'Additional', '', 0, '', '1', 0, 0, '', 'Photos$@$ Video clips$@$ Fully edited video', 0, '', 0, 0, 1, 0, 0, 4, 0, 0, 'leads', '', 1, 0, 0, '3c26fa93', 0, 1495013908),
(749, '96e14a367500', '749', 'febf27eb569f', '-$@$-$@$-$@$-$@$-', '', 1, '', 'In what formats would you like your images?', 'Aerial photos,formats of pictures,how,receiving them', 'Receiving photos how', '', 0, '', '1', 0, 0, '', 'Digital or online download$@$ CD / DVD$@$ Flash drive$@$ Physical proof of prints$@$ Album or photo book', 0, '', 0, 0, 1, 0, 0, 5, 0, 0, 'leads', '', 1, 0, 0, '4a341084', 0, 1495014074),
(754, '0d390c89eb4a', '754', '7ae01fab9bb2', '-$@$-$@$-$@$-$@$-', '', 1, '', 'What style of photo shoot would you like?', 'Photos,Style,shoot,enjoyments,checkbox', 'Style of shoot', '', 0, '', '1', 0, 0, '', 'Glamour$@$ Pin-up$@$ Natural$@$ Romantic$@$ Fine art', 0, '', 0, 0, 1, 0, 0, 5, 0, 0, 'leads', '', 1, 0, 0, 'f87a2622', 0, 1495014740),
(755, '00908bfd33bc', '755', 'aa2ee28ea048', '-$@$-$@$-', '', 1, '', 'Do you have a gender preference?', 'Photos,M/F?,arial', 'Genre judgment ', '', 0, '', '1', 0, 0, '', 'Female$@$ Male$@$ No preference', 0, '', 0, 0, 1, 0, 0, 4, 0, 0, 'leads', '', 1, 0, 0, '1d4391d0', 0, 1495014914),
(767, 'affba889ea0e', '767', '17d54b073c0b', '-$@$-', '', 1, '', 'Will you require hair and makeup services?', 'Photos,additional services,makeup,hair,Y/N?', 'Additional services', '', 0, '', '1', 0, 0, '', 'Yes$@$ No', 0, '', 0, 0, 1, 0, 0, 4, 0, 0, 'leads', '', 1, 0, 0, '1b42b635', 0, 1495015511),
(771, '13d0ed4518df', '751', '64d332962c84', '-$@$-$@$-$@$-', '', 1, '', 'What is your estimated budget for the photographer\'s services and images?', 'Aerial photos,budget, money,amount,R3000 - R30000', 'Amount of money', '', 0, '', '1', 0, 0, '', '3000$@$   30000$@$   10$@$   Rands', 0, '', 0, 0, 1, 1, 1, 6, 0, 0, 'leads', '', 1, 0, 0, '3d5af3e7', 0, 1495015809),
(773, '120fcb777c05', '768', 'ae0479c90319', '-$@$-$@$-$@$-', '', 1, '', 'What\'s your estimated budget for the photographer\'s services and images?', 'Boudoir Photographer,budget,Slider,Size2_value,R1000 - R15000', 'Budget', '', 0, '', '1', 0, 0, '', '1000$@$   15000$@$   100$@$   Rand', 0, '', 0, 0, 1, 1, 1, 6, 0, 0, 'leads', 'size2_value', 0, 0, 0, '7af24b11', 0, 1495015859),
(775, 'e8935489e8fc', '775', 'daa751d99436', '-$@$-$@$-$@$-$@$-', '', 1, '', 'What are these photos for?', 'Commercial photos,objective of photos,for,use,checkbox', 'Use of photos', '', 0, '', '1', 0, 0, '', 'Editorial use$@$ Print or catalog advertising$@$ Website$@$ Large display prints (e.g.,trade shows)$@$ Internal use', 0, '', 0, 0, 1, 0, 0, 5, 0, 0, 'leads', '', 1, 0, 0, '8fb50c1c', 0, 1495016209),
(779, '0b6fdb73d002', '779', '2cfb1633b06a', '-$@$-$@$-$@$-$@$-$@$-$@$-$@$-', '', 1, '', 'What kind of photo shoot would you like?', 'Commercial shoot,kind,type ,checkbox', 'Shoot type', '', 0, '', '1', 0, 0, '', 'Corporate / business$@$ Portrait / headshot$@$ Food$@$ Fashion / jewelry$@$ Car$@$ Artwork$@$ Interior architecture / real estate$@$ Exterior architecture / landscape', 0, '', 0, 0, 1, 0, 0, 5, 0, 0, 'leads', '', 1, 0, 0, '659f041d', 0, 1495016399),
(780, '77585d71ecbf', '780', '809a81c96c11', '-$@$-$@$-', '', 1, '', 'Please describe what you would like photographed.', 'Commercial photos,description,paragraphe text box ', 'Photos of what', '', 0, '', '1', 0, 0, '', 'What you\'d like photographed ', 0, '', 0, 0, 1, 0, 0, 2, 0, 0, 'leads', '', 1, 0, 0, '36e5c6ae', 0, 1495016473),
(787, 'a9985380e80f', '787', 'ad51cfb7b925', '-$@$-$@$-$@$-$@$-', '', 1, '', 'What style of photography are you interested in?', 'Engagement photos,type,theme,checbox', 'Type of photos', '', 0, '', '1', 0, 0, '', 'Traditional / classic style (looking directly at the camera)$@$ Candid style (captured in the moment)$@$ Artistic style (focus on composition, lighting)$@$ Natural / environmental style (photographed in an outdoor setting)$@$ High fashion style (highlights stylistic elements)  ', 0, '', 0, 0, 1, 0, 0, 5, 0, 0, 'leads', '', 1, 0, 0, 'f0ee6ece', 0, 1495016891),
(788, 'afb500e7e049', '788', '6e44a4116d21', '-$@$-$@$-', '', 1, '', 'How many locations do you need photography at?', 'Engagements photos,Location not sites,radio', 'Types of places', '', 0, '', '1', 0, 0, '', 'One location$@$ Two locations$@$ Three locations', 0, '', 0, 0, 1, 0, 0, 4, 0, 0, 'leads', '', 1, 0, 0, 'e71b60e1', 0, 1495017050),
(789, '88464eb2cef9', '750', 'e008a45451ab', '-$@$-$@$-$@$-$@$-$@$-$@$-$@$-$@$-$@$-', '', 1, '', 'How many final, edited shots would you like?', 'Aerial photos,last edits,amount,Size1_Value', 'Amount of last edits', '', 0, '', '1', 0, 0, '', '1 - 5 shots$@$ 6 - 10 shots$@$ 11 - 15 shots$@$ 16 - 20 shots$@$ 21 - 30 shots$@$ 31 - 50 shots$@$ 51 - 75 shots$@$ 76 - 100 shots$@$ 101 - 120 shots$@$ As recommended by the professional', 0, '', 0, 0, 1, 0, 0, 4, 0, 0, 'leads', 'size1_value', 0, 0, 0, '12202378', 0, 1495017115),
(790, '766a95b2ff6b', '752', '1058af663f58', '-$@$-$@$-', '', 1, '', 'How many stories is your building ', 'installation,replacement,test', 'stories', '', 1, '', '1', 0, 0, '', 'single level$@$ two - story - building$@$ three - story - building', 1, 'other', 0, 0, 1, 0, 0, 4, 0, 0, 'leads', '', 1, 0, 0, '', 0, 1495017230),
(791, 'bbf8214ace57', '791', 'dd0fcb9916cc', '-$@$-', '', 1, '', 'Are you also looking for a wedding photographer?', 'Engagement photos, looking,asking,photographer, radio, Y/N?', 'Another photographer ', '', 0, '', '1', 0, 0, '', 'Yes$@$ No', 0, '', 0, 0, 1, 0, 0, 4, 0, 0, 'leads', '', 1, 0, 0, 'efc4d7d9', 0, 1495017247),
(792, 'f603c0de7059', '792', '7aba4696d33c', '-$@$-$@$-', '', 1, '', 'What is your total estimated budget, including photographer\'s services and images?', 'Engam=gement photos, budget,slider,Size2_Value', 'budget', '', 0, '', '1', 0, 0, '', '1000$@$ 10000$@$ 100$@$ Rands', 0, '', 0, 0, 1, 1, 1, 6, 0, 0, 'leads', 'size2_value', 0, 0, 0, 'efdc4841', 0, 1495017380),
(793, '406ecd0a3b5d', '793', 'ac26faccf08c', '-$@$-$@$-$@$-$@$-$@$-$@$-$@$-$@$-', '', 1, '', 'What kind of event is this?', 'general,use this new,event kind', 'Event kind', '', 0, '', '1', 0, 0, '', 'Corporate event$@$ Birthday party$@$ Prom / formal$@$ Shower (baby, bridal, etc.)$@$ School event$@$ Sporting event$@$ Graduation$@$ Reunion$@$ Religious event', 1, 'other party (anniversary, engagement, etc.)', 0, 0, 1, 0, 0, 4, 0, 0, 'leads', '', 1, 0, 0, '47cab5e6', 0, 1495017959),
(794, '94677bb154fd', '794', '9fda44fb9830', '-$@$-$@$-$@$-$@$-$@$-$@$-', '', 1, '', 'What kind of headshot are you interested in?', 'Headshot photos,type,direction of shoots,styles and modles,poses', 'Type of headshots', '', 0, '', '1', 0, 0, '', 'Professional / business$@$ Acting$@$ Modeling$@$ Glamour$@$ Graduation / senior portrait$@$ Passport photo$@$ Social media profile', 0, '', 0, 0, 1, 0, 0, 4, 0, 0, 'leads', '', 1, 0, 0, 'bc896b11', 0, 1495018366),
(795, '5bce5a464767', '753', '812e855531ec', '-$@$-$@$-$@$-$@$-', '', 1, '', 'Where would you like to do the photos?', 'Boudoir photos,where,shoot,pictures taken,checkox', 'Where to shoot', '', 0, '', '1', 0, 0, '', 'Photo studio$@$ Outdoors$@$ Home$@$ Hotel$@$ Office', 0, '', 0, 0, 1, 0, 0, 5, 0, 0, 'leads', '', 1, 0, 0, 'f7c6a5cd', 0, 1495018415),
(797, '7be6fe328655', '796', '3c78983e74eb', '-$@$-$@$-$@$-$@$-', '', 1, '', 'How many outfit changes would you like?', 'Headshots,outfit changes,amount', 'amount of changes', '', 0, '', '1', 0, 0, '', 'No outfit changes$@$ 1 outfit change$@$ 2 outfit changes$@$ 3 outfit changes$@$ More than 3 outfit changes', 0, '', 0, 0, 1, 0, 0, 4, 0, 0, 'leads', '', 1, 0, 0, '0fc41c7c', 0, 1495018562),
(798, '002ebc6d7fba', '798', 'a57e7c35052d', '-$@$-$@$-$@$-$@$-$@$-$@$-', '', 1, '', 'What would you like to use these photos for?', 'Headshots,use of photos,for,checkbox', 'Use of the photos', '', 0, '', '1', 0, 0, '', 'Professional use$@$ Linkedln profile$@$ Social media$@$ Website$@$ Portfolio$@$ Marketing$@$ Advertising', 0, '', 0, 0, 1, 0, 0, 5, 0, 0, 'leads', '', 1, 0, 0, '8b883781', 0, 1495018816),
(799, '49bf663fd420', '799', '6c72b41c1d59', '-$@$-$@$-$@$-', '', 1, '', 'What kind of nature?', 'Nature photos,what kind,atmosphere,locations,checkbox', 'Type of nature', '', 0, '', '1', 0, 0, '', 'Landscape$@$ People$@$ Plants$@$ Animal/wildlife', 0, '', 0, 0, 1, 0, 0, 5, 0, 0, 'leads', '', 1, 0, 0, '884f3460', 0, 1495019308),
(800, '1e1f51659a2b', '800', '950c3fd0f2a1', '-$@$-$@$-', '', 1, '', 'Please provide more details about photo shoot subject and location', 'Nature shoots,textbox', '', '', 0, '', '1', 0, 0, '', 'Enter details here', 0, '', 0, 0, 1, 0, 0, 2, 0, 0, 'leads', '', 1, 0, 0, '8ed00735', 0, 1495019571),
(801, '4273e70a5e1b', '801', '924480debdac', '-$@$-', '', 1, '', 'Who will be photographed?', 'Pets photos,involved in shoot,pets,people? ,radio', 'involved in shoot', '', 0, '', '1', 0, 0, '', 'Pets(s) and family$@$ Pet(s) only', 0, '', 0, 0, 1, 0, 0, 4, 0, 0, 'leads', '', 1, 0, 0, '68c46148', 0, 1495019953),
(802, 'd7f57be911a0', '802', 'e0fc2378a011', '-$@$-$@$-', '', 1, '', 'How many pets need to be photographed?', 'Pet photos,amount involved,pets ', 'Amount being photographed', '', 0, '', '1', 0, 0, '', 'One pet$@$ Two pets$@$ Three or more pets', 0, '', 0, 0, 1, 0, 0, 4, 0, 0, 'leads', '', 1, 0, 0, '2bafae9c', 0, 1495020096),
(803, '7754243c65e4', '803', '56ad5ac62bb9', '-$@$-$@$-', '', 1, '', 'What type of pet will be photographed?', 'Pet photography,type of animal,photols', 'Animal photographed', '', 0, '', '1', 0, 0, '', 'Dog$@$ Cat$@$ Livestock', 1, 'Other types of pets', 0, 0, 1, 0, 0, 4, 0, 0, 'leads', '', 1, 0, 0, 'ec3a2b20', 0, 1495020216),
(805, '0785a9e1cf66', '805', '96e37354a4f8', '-$@$-$@$-', '', 1, '', 'Location', 'Pet photography,where,photos taken ,locations', 'Area', '', 0, '', '1', 0, 0, '', 'Home$@$ Outdoors$@$ Photo studio ', 0, '', 0, 0, 1, 0, 0, 5, 0, 0, 'leads', '', 1, 0, 0, '4acb8a00', 0, 1495020392),
(806, '76641aab74c1', '806', 'aa6a4b189fc9', '-$@$-$@$-', '', 1, '', 'Is this project covered by an insurance claim?', '', 'covered by an insurance', '', 0, '', '1', 0, 0, '', 'Yes, insurance claim has already been approved$@$ Insurance claim is pending approval$@$ Option 3', 0, '', 0, 0, 1, 0, 0, 4, 0, 0, 'leads', '', 1, 0, 0, 'bf754008', 0, 1495020573),
(807, 'e8c0d3e5b34e', '807', '5711ebc32769', '-$@$-$@$-$@$-', '', 1, '', 'What kind of photos do you need taken?', 'Pet photos,style/kind,type of theme shoot,radio', 'Type of shoot', '', 0, '', '1', 0, 0, '', 'Traditional (posed, looking at the camera)$@$ Candid (captured in the moment)$@$ Action shot (active, in motion)$@$  Artistic (focused on composition, lighting)', 0, '', 0, 0, 1, 0, 0, 4, 0, 0, 'leads', '', 1, 0, 0, '6a1f43da', 0, 1495020662),
(808, '07ddd64e57dc', '804', 'ce292980bd9c', '-$@$-', '', 1, '', 'Please describe the pet(s) that will be photographed:', 'Pet photography,description,animals,what types,paragraphs', 'Information on animals', '', 0, '', '1', 0, 0, '', 'Describe your pet(s) ', 0, '', 0, 0, 1, 0, 0, 2, 0, 0, 'leads', '', 1, 0, 0, '5fd54d6e', 0, 1495020812),
(809, '5b3e254a4d04', '809', '6bcb93612d74', '-$@$-$@$-$@$-', '', 1, '', 'What type of damage needs to be fixed?', 'Restoration,what,fixing,damage,type', 'Type of damage', '', 0, '', '1', 0, 0, '', 'Fading$@$ Water damage$@$ Cracks$@$ Tears', 1, 'Other', 0, 0, 1, 0, 0, 5, 0, 0, 'leads', '', 1, 0, 0, '0058a1db', 0, 1495021035),
(810, '3196b762edd4', '810', '871ee23b781e', '-$@$-$@$-', '', 1, '', 'Please describe the damage to the photo.', 'Restoration,type of damage ,explain,textbox paragraph', 'Damage', '', 0, '', '1', 0, 0, '', 'E.g., water, folded corners', 0, '', 0, 0, 1, 0, 0, 2, 0, 0, 'leads', '', 1, 0, 0, 'cb4bce15', 0, 1495021099),
(811, 'cb8263911a9b', '811', '3235c5628368', '-$@$-', '', 1, '', 'Does the damage impact the main subject of the photo?', 'Restoration,impact on the photo', 'Photo damage', '', 0, 'e.g. does it cover the person\'s face?', '1', 0, 0, '', 'Yes, the damage impacts the main subject of the photo$@$ No, the damage does not impact the main subject of the photo', 1, 'Other', 0, 0, 1, 0, 0, 4, 0, 0, 'leads', '', 1, 0, 0, '146b834f', 0, 1495021214),
(812, '2e6c25475224', '812', '655198f41a07', '-$@$-$@$-', '', 1, '', 'What is the approximate size of the photo(s)?', 'Restoring,Sizes ', 'Sizes', '', 0, 'Width', '1', 0, 0, '', 'Small$@$ Medium$@$ Larg', 0, '', 0, 0, 1, 0, 0, 4, 0, 0, 'leads', '', 1, 0, 0, 'aaf6d1d5', 0, 1495022233),
(814, 'dcdf8f2f6f90', '813', 'd88d17c7c2ee', '-$@$-$@$-$@$-$@$-', '', 1, '', 'How many photos would you like restored?', 'Restored,amount photos,numbers,Size1_value', 'Amount', '', 0, '', '1', 0, 0, '', '1$@$ 2$@$ 3$@$ 4$@$ 5', 1, 'Other', 0, 0, 1, 0, 0, 4, 0, 0, 'leads', 'size1_value', 0, 0, 0, 'a4ab8838', 0, 1495022328),
(815, '68013d19fa0b', '815', '948da16441bb', '-$@$-', '', 1, '', 'Are the photos color or black and white?', 'Restoration,colors ,black or white,colour', 'Colour', '', 0, '', '1', 0, 0, '', 'Colour$@$ Black and white', 0, '', 0, 0, 1, 0, 0, 4, 0, 0, 'leads', '', 1, 0, 0, 'f9a8f823', 0, 1495022392),
(816, '28691589981e', '816', '441235b69959', '-$@$-$@$-', '', 1, '', 'Have you already scanned the photos into a digital format?', 'Restoration,in digital form or normal,Y/N?', 'Format', '', 0, '', '1', 0, 0, '', 'Yes, I already scanned the photos$@$ No. I will mail the photos for professional scanning$@$ No. I will exchange photos in person for professional scanning', 1, 'Other', 0, 0, 1, 0, 0, 4, 0, 0, 'leads', '', 1, 0, 0, 'f437d4c2', 0, 1495022470),
(817, '48d587397d7b', '817', '0b195766c41c', '-$@$-', '', 1, '', 'Are there any additional services you would like?', 'Restoration,Additions', 'Additions', '', 0, '', '1', 0, 0, '', 'Photo reprinted$@$ Colorization of black and white photos', 1, 'Other', 0, 0, 1, 0, 0, 4, 0, 0, 'leads', '', 1, 0, 0, '97163fae', 0, 1495022512);

-- --------------------------------------------------------

--
-- Table structure for table `question_types`
--

CREATE TABLE `question_types` (
  `id` int(11) NOT NULL,
  `name` text NOT NULL,
  `icon` text NOT NULL,
  `type` text NOT NULL,
  `time` int(11) NOT NULL
) ENGINE=InnoDB DEFAULT CHARSET=latin1;

--
-- Dumping data for table `question_types`
--

INSERT INTO `question_types` (`id`, `name`, `icon`, `type`, `time`) VALUES
(1, 'Short text fields', 'minus', 'text', 0),
(2, 'Paragraph text feild', 'align-left', 'textarea', 0),
(3, 'Dropdown', 'chevron-circle-down', 'dropdown', 0),
(4, 'Radio', 'circle-thin', 'radio', 0),
(5, 'Checkbox', 'check-square-o', 'checkbox', 0),
(6, 'Slider', 'sliders', 'slider', 0),
(7, 'Industry Selection', 'university', 'radio', 0),
(8, 'Multi Column Radio', 'qrcode  fa-qrcode  <i class="fa fa-qrcode" aria-hidden="true"></i>', 'radio', 0),
(9, 'Address', '<i class="fa fa-map-marker" aria-hidden="true"></i>', 'text', 0),
(10, 'Date', 'calendar', 'Date', 0),
(11, 'Direct Calender ', 'calendar', 'Direct Calender', 0),
(13, 'Attachement ', 'paperclip', 'File upload', 0);

-- --------------------------------------------------------

--
-- Table structure for table `theme`
--

CREATE TABLE `theme` (
  `id` int(11) NOT NULL,
  `theme_uuid` text NOT NULL,
  `theme_name` text NOT NULL,
  `border_color` varchar(10) NOT NULL,
  `background_color` varchar(10) NOT NULL,
  `text_color` varchar(10) NOT NULL,
  `button_text` text NOT NULL,
  `font_size` int(11) NOT NULL,
  `font_family` text NOT NULL,
  `placeholder` text NOT NULL
) ENGINE=InnoDB DEFAULT CHARSET=latin1;

--
-- Dumping data for table `theme`
--

INSERT INTO `theme` (`id`, `theme_uuid`, `theme_name`, `border_color`, `background_color`, `text_color`, `button_text`, `font_size`, `font_family`, `placeholder`) VALUES
(1, 'thm-eeca9d2d4460', 'Light Green (System theme)', '8DC991', '7BB07F', 'FFFFFF', 'Get Started', 15, '"Palatino Linotype", "Book Antiqua", Palatino, serif', ''),
(3, 'thm-eeca9d2d4461', 'Orange (System theme)', 'E6E6E4', 'D9BE38', 'FFFFFF', 'Get Started', 15, '"Palatino Linotype", "Book Antiqua", Palatino, serif', ''),
(4, 'thm-eeca9d2d4462', 'Blue 2 (System theme)', 'D3D6E6', '808EED', 'ECF0F3', 'Get Started', 15, '"Palatino Linotype", "Book Antiqua", Palatino, serif', ''),
(5, 'thm-eeca9d2d4463', 'Light Blue (System theme)', 'F2F2F2', '80C7E0', 'F3F3F3', 'Get Started', 15, '"Palatino Linotype", "Book Antiqua", Palatino, serif', ''),
(6, 'thm-eeca9d2d4464', 'Bright Green (System theme)', 'F2F2F2', '2FC247', 'EBF3E9', 'Get Started', 15, '"Palatino Linotype", "Book Antiqua", Palatino, serif', ''),
(7, 'thm-eeca9d2d4465', 'Red1 (System theme)', 'F2F2F2', 'CC5200', 'F3E4E4', 'Get Started', 15, '"Palatino Linotype", "Book Antiqua", Palatino, serif', ''),
(8, 'thm-1649b89e9727', 'Orange 1', 'FFFFFF', 'F36B21', 'FFFFFF', 'GET PRICE', 21, 'Verdana, Geneva, sans-serif', ''),
(9, 'thm-44021b562335', 'Yellow ', 'F2F2F2', 'EBF024', '1F1A01', 'Get Started', 15, '"Palatino Linotype", "Book Antiqua", Palatino, serif', '');

-- --------------------------------------------------------

--
-- Table structure for table `users`
--

CREATE TABLE `users` (
  `id` int(11) NOT NULL,
  `users_uuid` text NOT NULL,
  `last_login_company_uuid` text NOT NULL,
  `auth_id` text NOT NULL,
  `email_id` text NOT NULL,
  `name` varchar(20) NOT NULL,
  `profile_pic` text NOT NULL,
  `gender` varchar(16) NOT NULL,
  `password` text NOT NULL,
  `is_password_change` int(11) NOT NULL,
  `otp` varchar(7) NOT NULL,
  `active_status` enum('0','1') NOT NULL DEFAULT '0' COMMENT '0=incomplete, 1=complete',
  `sign_up_url` text NOT NULL,
  `referral_id` text NOT NULL,
  `parent_id` text NOT NULL,
  `country` text NOT NULL,
  `currency` text NOT NULL,
  `timezone` varchar(50) NOT NULL,
  `language` text NOT NULL,
  `verified_status` enum('0','1') NOT NULL DEFAULT '0' COMMENT '0=unverified, 1=verified',
  `email_verified` enum('0','1') NOT NULL DEFAULT '0' COMMENT '0=unverified, 1=verified',
  `email_verified_date` int(11) NOT NULL,
  `remember_token` text NOT NULL,
  `updated_at` text NOT NULL,
  `ip` text NOT NULL,
  `social_type` varchar(32) NOT NULL,
  `sendgrid_status` varchar(20) NOT NULL,
  `creation_date` int(11) NOT NULL
) ENGINE=InnoDB DEFAULT CHARSET=latin1;

--
-- Dumping data for table `users`
--

INSERT INTO `users` (`id`, `users_uuid`, `last_login_company_uuid`, `auth_id`, `email_id`, `name`, `profile_pic`, `gender`, `password`, `is_password_change`, `otp`, `active_status`, `sign_up_url`, `referral_id`, `parent_id`, `country`, `currency`, `timezone`, `language`, `verified_status`, `email_verified`, `email_verified_date`, `remember_token`, `updated_at`, `ip`, `social_type`, `sendgrid_status`, `creation_date`) VALUES
(1, 'u-c7d84d7f02a6', 'c-37f2d08b23a1', '106974459051133864040', 'gerrard@directx.co.za', 'Gerrard Smith', 'https://lh6.googleusercontent.com/-ReksiibNrz4/AAAAAAAAAAI/AAAAAAAAAEE/tJRbOJZ2D9o/photo.jpg?sz=50', 'male', '$2y$10$GLDN.JYFqrbpFzJQU1u0OO5gNvsHjY7a/lvzwo6dGCy36Ww5ahaO6', 0, '502931', '1', '', '', '', 'South Africa', '', 'Africa/Johannesburg', 'en-ZA', '1', '1', 1492707484, 'WSnKgYZ52E6Ywx4kuUkLyMzKmbCluMF7NnB4HzK7wEeVNcrqnjF9aMKjJMo3', '2017-04-30 21:10:06', '41.146.141.1', 'google', '', 1492707484),
(2, 'u-49866affc2c5', 'c-ad2a0a7fb6f8', '1595145373833428', 'navsupe.amol@gmail.com', 'Amol Navsupe', 'https://graph.facebook.com/1595145373833428/picture?width=500', 'male', '', 0, '706923', '0', '', '', '', 'India', '', 'Asia/Calcutta', 'en-US', '1', '1', 1493052194, 'pPN9djwIdwwD2eakoYvgxSJTlinUim6HnIytVGaO6Kv51kxvCI0jNVBrF6Pn', '2017-04-24 16:43:23', '43.242.225.190', 'facebook', '', 1493052194),
(4, 'u-130ad3aa4774', '', '', '', '', '', '', '', 1, '741947', '0', '', '', '', '', '', '', '', '0', '0', 0, '', '', '', '', '', 0),
(5, 'u-67fec0c9f4cb', '', '', 'gerrard@directx.co.za2', '', '', '', '', 0, '665-919', '0', 'http://runnir.com/home', '', '', 'South Africa', '', 'Africa/Johannesburg', 'en-ZA', '0', '0', 0, '', '', '154.69.180.119', '', 'dropped', 1493118323),
(7, 'u-f744209a282f', '', '', 'bridgetdooney@gmail.com', '', '', '', '', 0, '918-110', '0', 'http://runnir.com/home', '', '', '', '', '', '', '0', '0', 0, '', '', '46.183.221.231', '', 'bounce', 1493582719),
(8, 'u-922bfc62baad', '', '', 'njhjlee@gmail.com', '', '', '', '', 0, '298-901', '0', 'http://runnir.com/home', '', '', '', '', '', '', '0', '0', 0, '', '', '176.10.107.180', '', 'delivered', 1493614446),
(9, 'u-877eab233626', '', '', 'smith_20_01@yahoo.com', '', '', '', '', 0, '367-395', '0', 'http://runnir.com/home', '', '', '', '', '', '', '0', '0', 0, '', '', '46.105.100.149', '', 'processed', 1493834026),
(10, 'u-279847783dd6', '', '', 'iiiprinces@aol.com', '', '', '', '', 0, '900-907', '0', 'http://runnir.com/home', '', '', '', '', '', '', '0', '0', 0, '', '', '162.247.72.27', '', 'spamreport', 1493654961),
(11, 'u-fbd0599f126f', '', '', 'moss1016@att.net', '', '', '', '', 0, '505-136', '0', 'http://runnir.com/home', '', '', '', '', '', '', '0', '0', 0, '', '', '89.234.157.254', '', 'bounce', 1493885202),
(12, 'u-32040615ef88', '', '', 'burnsaal@gmail.com', '', '', '', '', 0, '201-209', '0', 'http://runnir.com/home', '', '', '', '', '', '', '0', '0', 0, '', '', '199.249.223.75', '', 'delivered', 1493663775),
(13, 'u-bec8f342e414', '', '', 'tv_person@yahoo.com', '', '', '', '', 0, '579-804', '0', 'http://runnir.com/home', '', '', '', '', '', '', '0', '0', 0, '', '', '193.90.12.89', '', 'delivered', 1493836345),
(14, 'u-5fc73eda268b', '', '', 'ripalover019@yahoo.com', '', '', '', '', 0, '748-503', '0', 'http://runnir.com/home', '', '', '', '', '', '', '0', '0', 0, '', '', '109.163.234.5', '', 'bounce', 1493836562),
(15, 'u-b906006ec9ff', '', '', 'huskeyhoss@yahoo.com', '', '', '', '', 0, '420-790', '0', 'http://runnir.com/home', '', '', '', '', '', '', '0', '0', 0, '', '', '51.15.63.229', '', 'processed', 1493851430),
(16, 'u-4ff30fd33ead', '', '', 'randall.tranel@abgemail.com', '', '', '', '', 0, '531-446', '0', 'http://runnir.com/home', '', '', '', '', '', '', '0', '0', 0, '', '', '173.239.225.198', '', 'delivered', 1493851758),
(17, 'u-e632b79b54a2', '', '', 'pbova@yahoo.com', '', '', '', '', 0, '793-200', '0', 'http://runnir.com/home', '', '', '', '', '', '', '0', '0', 0, '', '', '87.118.126.150', '', 'processed', 1493881603),
(18, 'u-45d22bc8db88', '', '', 'miguel_bolivar@hotmail.com', '', '', '', '', 0, '721-193', '0', 'http://runnir.com/home', '', '', '', '', '', '', '0', '0', 0, '', '', '93.115.95.205', '', 'processed', 1493915354),
(19, 'u-9c462cb60831', '', '', 'phamthom42@yahoo.com', '', '', '', '', 0, '574-859', '0', 'http://runnir.com/home', '', '', '', '', '', '', '0', '0', 0, '', '', '163.172.101.137', '', 'processed', 1493918384),
(20, 'u-88c2c534ee70', '', '', 'tjohnsto50@yahoo.com', '', '', '', '', 0, '184-708', '0', 'http://runnir.com/home', '', '', '', '', '', '', '0', '0', 0, '', '', '37.59.254.151', '', 'processed', 1493932425),
(21, 'u-4baf5a12ef9a', '', '', 'live_n_love07@yahoo.com', '', '', '', '', 0, '821-843', '0', 'http://runnir.com/home', '', '', '', '', '', '', '0', '0', 0, '', '', '37.221.165.83', '', 'delivered', 1493945261),
(22, 'u-e2d769ddcce7', '', '', 'ellsphyllism@yahoo.com', '', '', '', '', 0, '443-961', '0', 'http://runnir.com/home', '', '', '', '', '', '', '0', '0', 0, '', '', '185.72.244.24', '', 'delivered', 1493947788),
(23, 'u-407557d0124b', '', '', 'amekimb@yahoo.com', '', '', '', '', 0, '877-286', '0', 'http://runnir.com/home', '', '', '', '', '', '', '0', '0', 0, '', '', '62.210.129.246', '', 'delivered', 1493949277),
(24, 'u-036a239ba0eb', '', '', 'support@analyticalbio.com', '', '', '', '', 0, '164-733', '0', 'http://runnir.com/home', '', '', '', '', '', '', '0', '0', 0, '', '', '78.109.23.1', '', 'delivered', 1493954845),
(25, 'u-758415e12a08', '', '', 'frank.vutrano@gmail.com', '', '', '', '', 0, '820-645', '0', 'http://runnir.com/home', '', '', '', '', '', '', '0', '0', 0, '', '', '109.163.234.9', '', 'bounce', 1493955916),
(26, 'u-7794f9ae29df', '', '', 'rommelhale@yahoo.com', '', '', '', '', 0, '284-770', '0', 'http://runnir.com/home', '', '', '', '', '', '', '0', '0', 0, '', '', '176.126.252.11', '', 'processed', 1493961531),
(27, 'u-67bad6eee498', '', '', 'connie3582008@yahoo.com', '', '', '', '', 0, '221-131', '0', 'http://runnir.com/home', '', '', '', '', '', '', '0', '0', 0, '', '', '5.148.165.13', '', 'processed', 1493967690),
(28, 'u-c842e2c53779', '', '', 'bloomergirl60@aol.com', '', '', '', '', 0, '209-832', '0', 'http://runnir.com/home', '', '', '', '', '', '', '0', '0', 0, '', '', '104.233.105.41', '', 'processed', 1493975169),
(29, 'u-fbb74f5a0cd9', '', '', 'beeze50.sj@gmail.com', '', '', '', '', 0, '207-394', '0', 'http://runnir.com/home', '', '', '', '', '', '', '0', '0', 0, '', '', '5.135.158.101', '', 'bounce', 1493977388),
(30, 'u-bd8bde71a486', '', '', 'dongle69@yahoo.com', '', '', '', '', 0, '865-984', '0', 'http://runnir.com/home', '', '', '', '', '', '', '0', '0', 0, '', '', '176.10.104.243', '', 'delivered', 1493979439),
(31, 'u-c2025dcf45d2', '', '', 'marketplace@raviday.com', '', '', '', '', 0, '145-647', '0', 'http://runnir.com/home', '', '', '', '', '', '', '0', '0', 0, '', '', '212.21.66.6', '', 'processed', 1493988763),
(32, 'u-5c19918a2059', '', '', 'bakerterence@sky.com', '', '', '', '', 0, '684-489', '0', 'http://runnir.com/home', '', '', '', '', '', '', '0', '0', 0, '', '', '171.25.193.77', '', 'processed', 1494010431),
(33, 'u-d17aa9811086', '', '', 'matthewhouseknecht@yahoo.com', '', '', '', '', 0, '483-816', '0', 'http://runnir.com/home', '', '', '', '', '', '', '0', '0', 0, '', '', '171.25.193.25', '', 'delivered', 1494035410),
(34, 'u-740b80d48631', '', '', 'escottcarlis@gmail.com', '', '', '', '', 0, '279-306', '0', 'http://runnir.com/home', '', '', '', '', '', '', '0', '0', 0, '', '', '79.134.234.247', '', 'bounce', 1494036412),
(35, 'u-67afdbf7e505', '', '', 'darin.duvernay@yahoo.com', '', '', '', '', 0, '171-660', '0', 'http://runnir.com/home', '', '', '', '', '', '', '0', '0', 0, '', '', '46.105.100.149', '', 'bounce', 1494042321),
(36, 'u-84565bad2883', '', '', 'sshepherd1994@gmail.com', '', '', '', '', 0, '183-662', '0', 'http://runnir.com/home', '', '', '', '', '', '', '0', '0', 0, '', '', '89.38.208.57', '', 'bounce', 1494058886),
(37, 'u-c620cbaf2307', '', '', 'summersmarcusxq840@yahoo.com', '', '', '', '', 0, '266-547', '0', 'http://runnir.com/home', '', '', '', '', '', '', '0', '0', 0, '', '', '151.80.238.152', '', 'delivered', 1494085803),
(38, 'u-90172385bd7a', '', '', 'fatcos00@yahoo.com', '', '', '', '', 0, '422-708', '0', 'http://runnir.com/home', '', '', '', '', '', '', '0', '0', 0, '', '', '185.31.172.234', '', 'delivered', 1494151336),
(39, 'u-4460a96d15a3', '', '', 'eecastro09@yahoo.com', '', '', '', '', 0, '806-911', '0', 'http://runnir.com/home', '', '', '', '', '', '', '0', '0', 0, '', '', '65.19.167.134', '', 'delivered', 1494152748),
(40, 'u-29f274bd25f7', '', '', 'evapor8@gmail.com', '', '', '', '', 0, '331-324', '0', 'http://runnir.com/home', '', '', '', '', '', '', '0', '0', 0, '', '', '141.170.2.53', '', 'processed', 1494170283),
(41, 'u-b1901fe1f83e', '', '', 'alysonrosepingree@students.abtech.edu', '', '', '', '', 0, '829-648', '0', 'http://runnir.com/home', '', '', '', '', '', '', '0', '0', 0, '', '', '178.239.50.48', '', 'delivered', 1494177997),
(42, 'u-39e616d93c5c', '', '', 'amandapasillas@yahoo.com', '', '', '', '', 0, '807-290', '0', 'http://runnir.com/home', '', '', '', '', '', '', '0', '0', 0, '', '', '89.234.157.254', '', 'delivered', 1494199526),
(43, 'u-cd22c8b6512c', '', '', 'scottweaver25@hotmail.com', '', '', '', '', 0, '663-769', '0', 'http://runnir.com/home', '', '', '', '', '', '', '0', '0', 0, '', '', '51.254.23.203', '', 'delivered', 1494217910),
(44, 'u-de2f4d1517cd', '', '', 'kelixparker@yahoo.com', '', '', '', '', 0, '771-812', '0', 'http://runnir.com/home', '', '', '', '', '', '', '0', '0', 0, '', '', '104.236.141.156', '', 'processed', 1494222118),
(45, 'u-1e2c4cd64f49', '', '', 'dustin87@aol.com', '', '', '', '', 0, '514-488', '0', 'http://runnir.com/home', '', '', '', '', '', '', '0', '0', 0, '', '', '195.154.122.54', '', 'delivered', 1494250599),
(46, 'u-797647f06e23', '', '', 'jamesalexanderplumbing@gmail.com', '', '', '', '', 0, '782-337', '0', 'http://runnir.com/home', '', '', '', '', '', '', '0', '0', 0, '', '', '193.70.95.180', '', 'delivered', 1494262789),
(47, 'u-f8b5f4bb8c31', '', '', 'elija@legendseeds.net', '', '', '', '', 0, '944-719', '0', 'http://runnir.com/home', '', '', '', '', '', '', '0', '0', 0, '', '', '173.239.228.11', '', 'bounce', 1494317483),
(48, 'u-f4261e304a5c', '', '', 'vijayreddyy@yahoo.com', '', '', '', '', 0, '760-578', '0', 'http://runnir.com/home', '', '', '', '', '', '', '0', '0', 0, '', '', '204.17.56.42', '', 'delivered', 1494355208),
(49, 'u-512d3850eedf', '', '', 'auzzie101@msn.com', '', '', '', '', 0, '888-555', '0', 'http://runnir.com/home', '', '', '', '', '', '', '0', '0', 0, '', '', '77.247.181.165', '', 'delivered', 1494360994),
(50, 'u-27e54619889d', '', '', 'traeger1683@hotmail.com', '', '', '', '', 0, '207-115', '0', 'http://runnir.com/home', '', '', '', '', '', '', '0', '0', 0, '', '', '195.154.122.54', '', 'delivered', 1494365922),
(51, 'u-a881348b1f8b', '', '', 'achristensen225@yahoo.com', '', '', '', '', 0, '554-689', '0', 'http://runnir.com/home', '', '', '', '', '', '', '0', '0', 0, '', '', '89.32.127.178', '', 'delivered', 1494372272),
(52, 'u-419bfdb6f721', '', '', 'christinetmn54@gmail.com', '', '', '', '', 0, '482-251', '0', 'http://runnir.com/home', '', '', '', '', '', '', '0', '0', 0, '', '', '195.228.45.176', '', 'processed', 1494419675),
(53, 'u-d93fe4541206', '', '', 'susierico@yahoo.com', '', '', '', '', 0, '379-500', '0', 'http://runnir.com/home', '', '', '', '', '', '', '0', '0', 0, '', '', '46.166.139.71', '', 'delivered', 1494447407),
(54, 'u-e71d8d25dd5d', '', '', 'demetria.redmond2016@gmail.com', '', '', '', '', 0, '956-756', '0', 'http://runnir.com/home', '', '', '', '', '', '', '0', '0', 0, '', '', '185.38.14.215', '', 'processed', 1494457257),
(55, 'u-ef8069de66e4', '', '', 'strykers12@yahoo.com', '', '', '', '', 0, '981-226', '0', 'http://runnir.com/home', '', '', '', '', '', '', '0', '0', 0, '', '', '171.25.193.20', '', 'delivered', 1494459384),
(56, 'u-fb6377225763', '', '', 'billy@btgenviro.com', '', '', '', '', 0, '726-345', '0', 'http://runnir.com/home', '', '', '', '', '', '', '0', '0', 0, '', '', '46.165.223.217', '', 'delivered', 1494477043),
(57, 'u-d281c9057d81', '', '', 'jherikia@gmail.com', '', '', '', '', 0, '990-529', '0', 'http://runnir.com/home', '', '', '', '', '', '', '0', '0', 0, '', '', '91.223.82.156', '', 'delivered', 1494524246),
(58, 'u-b8068a900c37', '', '', 'bobgalik@gmail.com', '', '', '', '', 0, '894-431', '0', 'http://runnir.com/home', '', '', '', '', '', '', '0', '0', 0, '', '', '192.42.116.16', '', 'delivered', 1494527893),
(59, 'u-e0e8579e96d7', '', '', 'pompoms13@yahoo.com', '', '', '', '', 0, '136-233', '0', 'http://runnir.com/home', '', '', '', '', '', '', '0', '0', 0, '', '', '185.34.33.2', '', 'delivered', 1494543822),
(60, 'u-634e87470a8b', '', '', 'chef.ruthcohen@gmail.com', '', '', '', '', 0, '498-157', '0', 'http://runnir.com/home', '', '', '', '', '', '', '0', '0', 0, '', '', '89.31.96.168', '', 'delivered', 1494544778),
(61, 'u-3ad2cf82ed9d', '', '', 'donaldew3@yahoo.com', '', '', '', '', 0, '275-524', '0', 'http://runnir.com/home', '', '', '', '', '', '', '0', '0', 0, '', '', '149.56.204.245', '', 'delivered', 1494545403),
(62, 'u-2d97d41bcf35', '', '', 'markdaren12@gmail.com', '', '', '', '', 0, '392-504', '0', 'http://runnir.com/home', '', '', '', '', '', '', '0', '0', 0, '', '', '185.170.41.7', '', 'bounce', 1494549112),
(63, 'u-064fc2e55d61', '', '', 'biggiellv@yahoo.com', '', '', '', '', 0, '568-836', '0', 'http://runnir.com/home', '', '', '', '', '', '', '0', '0', 0, '', '', '89.234.157.254', '', 'bounce', 1494560033),
(64, 'u-74f09675f7f2', '', '', 'kramusica@gmail.com', '', '', '', '', 0, '465-687', '0', 'http://runnir.com/home', '', '', '', '', '', '', '0', '0', 0, '', '', '178.20.55.16', '', 'bounce', 1494607525),
(65, 'u-708866cca640', '', '', 'bbmartin@gmx.com', '', '', '', '', 0, '247-353', '0', 'http://runnir.com/home', '', '', '', '', '', '', '0', '0', 0, '', '', '130.226.169.137', '', 'delivered', 1494672655),
(66, 'u-f48761377b9f', '', '', 'lloyd_paterson@yahoo.co.uk', '', '', '', '', 0, '940-390', '0', 'http://runnir.com/home', '', '', '', '', '', '', '0', '0', 0, '', '', '78.109.23.1', '', 'processed', 1494698445),
(67, 'u-99afcc065f06', '', '', '2theyen@gmail.com', '', '', '', '', 0, '476-184', '0', 'http://runnir.com/home', '', '', '', '', '', '', '0', '0', 0, '', '', '51.15.56.110', '', 'processed', 1494772366),
(68, 'u-2fb8836d1511', '', '', 'angelosabatini24@gmail.com', '', '', '', '', 0, '171-361', '0', 'http://runnir.com/home', '', '', '', '', '', '', '0', '0', 0, '', '', '89.144.12.15', '', 'delivered', 1494773998),
(69, 'u-e357487f5d4d', '', '', 'abad17@cox.net', '', '', '', '', 0, '106-557', '0', 'http://runnir.com/home', '', '', '', '', '', '', '0', '0', 0, '', '', '185.38.14.171', '', 'bounce', 1494825978),
(70, 'u-bc81c8b867d5', '', '', 'andrya.lopez@gmail.com', '', '', '', '', 0, '872-774', '0', 'http://runnir.com/home', '', '', '', '', '', '', '0', '0', 0, '', '', '37.221.165.83', '', 'delivered', 1494871404),
(71, 'u-9fb86d80a18c', '', '', 'goetz2@freenet.de', '', '', '', '', 0, '198-107', '0', 'http://runnir.com/home', '', '', '', '', '', '', '0', '0', 0, '', '', '85.25.103.69', '', 'processed', 1494920273),
(72, 'u-c6c281a09872', '', '', 'ibisbayevents@gmail.com', '', '', '', '', 0, '178-468', '0', 'http://runnir.com/home', '', '', '', '', '', '', '0', '0', 0, '', '', '163.172.136.101', '', 'deferred', 1495012513),
(73, 'u-7bd7c6464785', '', '', 'blitzproz@gmail.com', '', '', '', '', 0, '652-105', '0', 'http://runnir.com/home', '', '', '', '', '', '', '0', '0', 0, '', '', '163.172.101.137', '', 'processed', 1494961750),
(74, 'u-2f98ece784f4', '', '', 'esperonoelle@gmail.com', '', '', '', '', 0, '496-675', '0', 'http://runnir.com/home', '', '', '', '', '', '', '0', '0', 0, '', '', '85.143.95.50', '', 'deferred', 1494976265),
(75, 'u-feabe8875864', '', '', 'scott.adrienne16@yahoo.com', '', '', '', '', 0, '980-572', '0', 'http://runnir.com/home', '', '', '', '', '', '', '0', '0', 0, '', '', '173.254.216.66', '', 'processed', 1494981462);

-- --------------------------------------------------------

--
-- Table structure for table `user_company_settings`
--

CREATE TABLE `user_company_settings` (
  `id` int(11) NOT NULL,
  `user_uuid` text NOT NULL,
  `company_uuid` text NOT NULL,
  `status` int(11) NOT NULL COMMENT '1=active,0=invited,2=rejected',
  `user_type` int(11) NOT NULL COMMENT '1=subscriber,2=admin,3=supervisor,4=standard',
  `registation_date` int(11) NOT NULL,
  `invitation_accept` int(11) NOT NULL COMMENT '1=yes,0=no',
  `invited_user_id` text NOT NULL,
  `last_login_date` int(11) NOT NULL
) ENGINE=InnoDB DEFAULT CHARSET=latin1;

--
-- Dumping data for table `user_company_settings`
--

INSERT INTO `user_company_settings` (`id`, `user_uuid`, `company_uuid`, `status`, `user_type`, `registation_date`, `invitation_accept`, `invited_user_id`, `last_login_date`) VALUES
(1, 'u-49866affc2c5', 'c-ad2a0a7fb6f8', 1, 1, 1493052303, 1, '', 1493052321),
(2, 'u-c7d84d7f02a6', 'c-37f2d08b23a1', 1, 1, 1493096105, 1, '', 0);

--
-- Indexes for dumped tables
--

--
-- Indexes for table `active_leads`
--
ALTER TABLE `active_leads`
  ADD PRIMARY KEY (`active_lead_id`);

--
-- Indexes for table `admin`
--
ALTER TABLE `admin`
  ADD PRIMARY KEY (`id`);

--
-- Indexes for table `attachments`
--
ALTER TABLE `attachments`
  ADD PRIMARY KEY (`attachment_id`);

--
-- Indexes for table `campaign_member_form`
--
ALTER TABLE `campaign_member_form`
  ADD PRIMARY KEY (`id`);

--
-- Indexes for table `cell`
--
ALTER TABLE `cell`
  ADD PRIMARY KEY (`id`);

--
-- Indexes for table `companys`
--
ALTER TABLE `companys`
  ADD PRIMARY KEY (`id`);

--
-- Indexes for table `company_industry`
--
ALTER TABLE `company_industry`
  ADD PRIMARY KEY (`id`);

--
-- Indexes for table `company_location`
--
ALTER TABLE `company_location`
  ADD PRIMARY KEY (`id`);

--
-- Indexes for table `country`
--
ALTER TABLE `country`
  ADD PRIMARY KEY (`id`);

--
-- Indexes for table `form_type`
--
ALTER TABLE `form_type`
  ADD PRIMARY KEY (`id`);

--
-- Indexes for table `industry`
--
ALTER TABLE `industry`
  ADD PRIMARY KEY (`id`);

--
-- Indexes for table `industry_form`
--
ALTER TABLE `industry_form`
  ADD PRIMARY KEY (`form_id`);

--
-- Indexes for table `industry_language`
--
ALTER TABLE `industry_language`
  ADD PRIMARY KEY (`id`);

--
-- Indexes for table `industry_type`
--
ALTER TABLE `industry_type`
  ADD PRIMARY KEY (`id`);

--
-- Indexes for table `language`
--
ALTER TABLE `language`
  ADD PRIMARY KEY (`id`);

--
-- Indexes for table `leads`
--
ALTER TABLE `leads`
  ADD PRIMARY KEY (`lead_id`);

--
-- Indexes for table `leads_admin`
--
ALTER TABLE `leads_admin`
  ADD PRIMARY KEY (`leads_admin_id`);

--
-- Indexes for table `member_industry`
--
ALTER TABLE `member_industry`
  ADD PRIMARY KEY (`id`);

--
-- Indexes for table `pivot_industry`
--
ALTER TABLE `pivot_industry`
  ADD PRIMARY KEY (`id`);

--
-- Indexes for table `questions`
--
ALTER TABLE `questions`
  ADD PRIMARY KEY (`id`);

--
-- Indexes for table `question_types`
--
ALTER TABLE `question_types`
  ADD PRIMARY KEY (`id`);

--
-- Indexes for table `theme`
--
ALTER TABLE `theme`
  ADD PRIMARY KEY (`id`);

--
-- Indexes for table `users`
--
ALTER TABLE `users`
  ADD PRIMARY KEY (`id`);

--
-- Indexes for table `user_company_settings`
--
ALTER TABLE `user_company_settings`
  ADD PRIMARY KEY (`id`);

--
-- AUTO_INCREMENT for dumped tables
--

--
-- AUTO_INCREMENT for table `active_leads`
--
ALTER TABLE `active_leads`
  MODIFY `active_lead_id` int(11) NOT NULL AUTO_INCREMENT;
--
-- AUTO_INCREMENT for table `admin`
--
ALTER TABLE `admin`
  MODIFY `id` int(11) NOT NULL AUTO_INCREMENT, AUTO_INCREMENT=5020351;
--
-- AUTO_INCREMENT for table `attachments`
--
ALTER TABLE `attachments`
  MODIFY `attachment_id` int(11) NOT NULL AUTO_INCREMENT;
--
-- AUTO_INCREMENT for table `campaign_member_form`
--
ALTER TABLE `campaign_member_form`
  MODIFY `id` int(11) NOT NULL AUTO_INCREMENT, AUTO_INCREMENT=6;
--
-- AUTO_INCREMENT for table `cell`
--
ALTER TABLE `cell`
  MODIFY `id` int(11) NOT NULL AUTO_INCREMENT, AUTO_INCREMENT=3;
--
-- AUTO_INCREMENT for table `companys`
--
ALTER TABLE `companys`
  MODIFY `id` int(11) NOT NULL AUTO_INCREMENT, AUTO_INCREMENT=3;
--
-- AUTO_INCREMENT for table `company_industry`
--
ALTER TABLE `company_industry`
  MODIFY `id` int(11) NOT NULL AUTO_INCREMENT, AUTO_INCREMENT=10;
--
-- AUTO_INCREMENT for table `company_location`
--
ALTER TABLE `company_location`
  MODIFY `id` int(11) NOT NULL AUTO_INCREMENT, AUTO_INCREMENT=3;
--
-- AUTO_INCREMENT for table `country`
--
ALTER TABLE `country`
  MODIFY `id` int(11) NOT NULL AUTO_INCREMENT, AUTO_INCREMENT=3;
--
-- AUTO_INCREMENT for table `form_type`
--
ALTER TABLE `form_type`
  MODIFY `id` int(11) NOT NULL AUTO_INCREMENT, AUTO_INCREMENT=3;
--
-- AUTO_INCREMENT for table `industry`
--
ALTER TABLE `industry`
  MODIFY `id` int(11) NOT NULL AUTO_INCREMENT, AUTO_INCREMENT=1019;
--
-- AUTO_INCREMENT for table `industry_form`
--
ALTER TABLE `industry_form`
  MODIFY `form_id` int(11) NOT NULL AUTO_INCREMENT, AUTO_INCREMENT=98;
--
-- AUTO_INCREMENT for table `industry_language`
--
ALTER TABLE `industry_language`
  MODIFY `id` int(11) NOT NULL AUTO_INCREMENT, AUTO_INCREMENT=1316;
--
-- AUTO_INCREMENT for table `industry_type`
--
ALTER TABLE `industry_type`
  MODIFY `id` int(11) NOT NULL AUTO_INCREMENT, AUTO_INCREMENT=9;
--
-- AUTO_INCREMENT for table `language`
--
ALTER TABLE `language`
  MODIFY `id` int(11) NOT NULL AUTO_INCREMENT, AUTO_INCREMENT=3;
--
-- AUTO_INCREMENT for table `leads`
--
ALTER TABLE `leads`
  MODIFY `lead_id` int(11) NOT NULL AUTO_INCREMENT, AUTO_INCREMENT=15;
--
-- AUTO_INCREMENT for table `leads_admin`
--
ALTER TABLE `leads_admin`
  MODIFY `leads_admin_id` int(11) NOT NULL AUTO_INCREMENT;
--
-- AUTO_INCREMENT for table `member_industry`
--
ALTER TABLE `member_industry`
  MODIFY `id` int(11) NOT NULL AUTO_INCREMENT;
--
-- AUTO_INCREMENT for table `pivot_industry`
--
ALTER TABLE `pivot_industry`
  MODIFY `id` int(11) NOT NULL AUTO_INCREMENT;
--
-- AUTO_INCREMENT for table `questions`
--
ALTER TABLE `questions`
  MODIFY `id` int(11) NOT NULL AUTO_INCREMENT, AUTO_INCREMENT=818;
--
-- AUTO_INCREMENT for table `question_types`
--
ALTER TABLE `question_types`
  MODIFY `id` int(11) NOT NULL AUTO_INCREMENT, AUTO_INCREMENT=14;
--
-- AUTO_INCREMENT for table `theme`
--
ALTER TABLE `theme`
  MODIFY `id` int(11) NOT NULL AUTO_INCREMENT, AUTO_INCREMENT=10;
--
-- AUTO_INCREMENT for table `users`
--
ALTER TABLE `users`
  MODIFY `id` int(11) NOT NULL AUTO_INCREMENT, AUTO_INCREMENT=76;
--
-- AUTO_INCREMENT for table `user_company_settings`
--
ALTER TABLE `user_company_settings`
  MODIFY `id` int(11) NOT NULL AUTO_INCREMENT, AUTO_INCREMENT=3;
/*!40101 SET CHARACTER_SET_CLIENT=@OLD_CHARACTER_SET_CLIENT */;
/*!40101 SET CHARACTER_SET_RESULTS=@OLD_CHARACTER_SET_RESULTS */;
/*!40101 SET COLLATION_CONNECTION=@OLD_COLLATION_CONNECTION */;
